
*** Running vivado
    with args -log tracker_top.vdi -applog -m64 -product Vivado -messageDb vivado.pb -mode batch -source tracker_top.tcl -notrace



****** Vivado v2022.2 (64-bit)
  **** SW Build 3671981 on Fri Oct 14 05:00:03 MDT 2022
  **** IP Build 3669848 on Fri Oct 14 08:30:02 MDT 2022
    ** Copyright 1986-2022 Xilinx, Inc. All Rights Reserved.

source tracker_top.tcl -notrace
INFO: [IP_Flow 19-234] Refreshing IP repositories
INFO: [IP_Flow 19-1700] Loaded user IP repository 'd:/viv/SpartanTracker/ip_repo/hdmi_tc_2'.
INFO: [IP_Flow 19-2313] Loaded Vivado IP repository 'C:/Xilinx/Vivado/2022.2/data/ip'.
Command: link_design -top tracker_top -part xc7s50csga324-1
Design is defaulting to srcset: sources_1
Design is defaulting to constrset: constrs_1
INFO: [Device 21-403] Loading part xc7s50csga324-1
INFO: [Project 1-454] Reading design checkpoint 'd:/viv/SpartanTracker/lab7_2/lab7_2.gen/sources_1/bd/mb_block/ip/mb_block_axi_gpio_0_2/mb_block_axi_gpio_0_2.dcp' for cell 'mb_block_i/axi_cursor'
INFO: [Project 1-454] Reading design checkpoint 'd:/viv/SpartanTracker/lab7_2/lab7_2.gen/sources_1/bd/mb_block/ip/mb_block_axi_uartlite_0_0/mb_block_axi_uartlite_0_0.dcp' for cell 'mb_block_i/axi_uartlite_0'
INFO: [Project 1-454] Reading design checkpoint 'd:/viv/SpartanTracker/lab7_2/lab7_2.gen/sources_1/bd/mb_block/ip/mb_block_clk_wiz_0_0/mb_block_clk_wiz_0_0.dcp' for cell 'mb_block_i/clk_wiz_0'
INFO: [Project 1-454] Reading design checkpoint 'd:/viv/SpartanTracker/lab7_2/lab7_2.gen/sources_1/bd/mb_block/ip/mb_block_hdmi_tc_v2_0_0/mb_block_hdmi_tc_v2_0_0.dcp' for cell 'mb_block_i/hdmi_tc_v2_0'
INFO: [Project 1-454] Reading design checkpoint 'd:/viv/SpartanTracker/lab7_2/lab7_2.gen/sources_1/bd/mb_block/ip/mb_block_mdm_1_0/mb_block_mdm_1_0.dcp' for cell 'mb_block_i/mdm_1'
INFO: [Project 1-454] Reading design checkpoint 'd:/viv/SpartanTracker/lab7_2/lab7_2.gen/sources_1/bd/mb_block/ip/mb_block_microblaze_0_0/mb_block_microblaze_0_0.dcp' for cell 'mb_block_i/microblaze_0'
INFO: [Project 1-454] Reading design checkpoint 'd:/viv/SpartanTracker/lab7_2/lab7_2.gen/sources_1/bd/mb_block/ip/mb_block_microblaze_0_axi_intc_0/mb_block_microblaze_0_axi_intc_0.dcp' for cell 'mb_block_i/microblaze_0_axi_intc'
INFO: [Project 1-454] Reading design checkpoint 'd:/viv/SpartanTracker/lab7_2/lab7_2.gen/sources_1/bd/mb_block/ip/mb_block_rst_clk_wiz_1_100M_0/mb_block_rst_clk_wiz_1_100M_0.dcp' for cell 'mb_block_i/rst_clk_wiz_1_100M'
INFO: [Project 1-454] Reading design checkpoint 'd:/viv/SpartanTracker/lab7_2/lab7_2.gen/sources_1/bd/mb_block/ip/mb_block_axi_quad_spi_0_0/mb_block_axi_quad_spi_0_0.dcp' for cell 'mb_block_i/spi_usb'
INFO: [Project 1-454] Reading design checkpoint 'd:/viv/SpartanTracker/lab7_2/lab7_2.gen/sources_1/bd/mb_block/ip/mb_block_clk_wiz_1_0/mb_block_clk_wiz_1_0.dcp' for cell 'mb_block_i/synth_clock'
INFO: [Project 1-454] Reading design checkpoint 'd:/viv/SpartanTracker/lab7_2/lab7_2.gen/sources_1/bd/mb_block/ip/mb_block_axi_timer_0_0/mb_block_axi_timer_0_0.dcp' for cell 'mb_block_i/timer_usb_axi'
INFO: [Project 1-454] Reading design checkpoint 'd:/viv/SpartanTracker/lab7_2/lab7_2.gen/sources_1/bd/mb_block/ip/mb_block_axi_gpio_0_1/mb_block_axi_gpio_0_1.dcp' for cell 'mb_block_i/usb_int'
INFO: [Project 1-454] Reading design checkpoint 'd:/viv/SpartanTracker/lab7_2/lab7_2.gen/sources_1/bd/mb_block/ip/mb_block_axi_gpio_1_0/mb_block_axi_gpio_1_0.dcp' for cell 'mb_block_i/usb_keycode'
INFO: [Project 1-454] Reading design checkpoint 'd:/viv/SpartanTracker/lab7_2/lab7_2.gen/sources_1/bd/mb_block/ip/mb_block_axi_gpio_0_0/mb_block_axi_gpio_0_0.dcp' for cell 'mb_block_i/usb_rst'
INFO: [Project 1-454] Reading design checkpoint 'd:/viv/SpartanTracker/lab7_2/lab7_2.gen/sources_1/bd/mb_block/ip/mb_block_xbar_0/mb_block_xbar_0.dcp' for cell 'mb_block_i/microblaze_0_axi_periph/xbar'
INFO: [Project 1-454] Reading design checkpoint 'd:/viv/SpartanTracker/lab7_2/lab7_2.gen/sources_1/bd/mb_block/ip/mb_block_dlmb_bram_if_cntlr_0/mb_block_dlmb_bram_if_cntlr_0.dcp' for cell 'mb_block_i/microblaze_0_local_memory/dlmb_bram_if_cntlr'
INFO: [Project 1-454] Reading design checkpoint 'd:/viv/SpartanTracker/lab7_2/lab7_2.gen/sources_1/bd/mb_block/ip/mb_block_dlmb_v10_0/mb_block_dlmb_v10_0.dcp' for cell 'mb_block_i/microblaze_0_local_memory/dlmb_v10'
INFO: [Project 1-454] Reading design checkpoint 'd:/viv/SpartanTracker/lab7_2/lab7_2.gen/sources_1/bd/mb_block/ip/mb_block_ilmb_bram_if_cntlr_0/mb_block_ilmb_bram_if_cntlr_0.dcp' for cell 'mb_block_i/microblaze_0_local_memory/ilmb_bram_if_cntlr'
INFO: [Project 1-454] Reading design checkpoint 'd:/viv/SpartanTracker/lab7_2/lab7_2.gen/sources_1/bd/mb_block/ip/mb_block_ilmb_v10_0/mb_block_ilmb_v10_0.dcp' for cell 'mb_block_i/microblaze_0_local_memory/ilmb_v10'
INFO: [Project 1-454] Reading design checkpoint 'd:/viv/SpartanTracker/lab7_2/lab7_2.gen/sources_1/bd/mb_block/ip/mb_block_lmb_bram_0/mb_block_lmb_bram_0.dcp' for cell 'mb_block_i/microblaze_0_local_memory/lmb_bram'
Netlist sorting complete. Time (s): cpu = 00:00:00 ; elapsed = 00:00:00.122 . Memory (MB): peak = 1534.383 ; gain = 0.000
INFO: [Netlist 29-17] Analyzing 1113 Unisim elements for replacement
INFO: [Netlist 29-28] Unisim Transformation completed in 0 CPU seconds
INFO: [Project 1-479] Netlist was created with Vivado 2022.2
INFO: [Project 1-570] Preparing netlist for logic optimization
WARNING: [Opt 31-35] Removing redundant IBUF, mb_block_i/clk_wiz_0/inst/clkin1_ibufg, from the path connected to top-level port: clk_100MHz 
Resolution: The tool has removed redundant IBUF. To resolve this warning, check for redundant IBUF in the input design.
WARNING: [Opt 31-32] Removing redundant IBUF since it is not being driven by a top-level port. mb_block_i/synth_clock/inst/clkin1_ibufg 
Resolution: The tool has removed redundant IBUF. To resolve this warning, check for redundant IBUF in the input design.
WARNING: [Constraints 18-550] Could not create 'IBUF_LOW_PWR' constraint because net 'mb_block_i/clk_wiz_0/clk_in1' is not directly connected to top level port. Synthesis is ignored for IBUF_LOW_PWR but preserved for implementation.
WARNING: [Constraints 18-550] Could not create 'IBUF_LOW_PWR' constraint because net 'mb_block_i/synth_clock/clk_in1' is not directly connected to top level port. Synthesis is ignored for IBUF_LOW_PWR but preserved for implementation.
Parsing XDC File [d:/viv/SpartanTracker/lab7_2/lab7_2.gen/sources_1/bd/mb_block/ip/mb_block_microblaze_0_0/mb_block_microblaze_0_0.xdc] for cell 'mb_block_i/microblaze_0/U0'
Finished Parsing XDC File [d:/viv/SpartanTracker/lab7_2/lab7_2.gen/sources_1/bd/mb_block/ip/mb_block_microblaze_0_0/mb_block_microblaze_0_0.xdc] for cell 'mb_block_i/microblaze_0/U0'
Parsing XDC File [d:/viv/SpartanTracker/lab7_2/lab7_2.gen/sources_1/bd/mb_block/ip/mb_block_microblaze_0_axi_intc_0/mb_block_microblaze_0_axi_intc_0.xdc] for cell 'mb_block_i/microblaze_0_axi_intc/U0'
Finished Parsing XDC File [d:/viv/SpartanTracker/lab7_2/lab7_2.gen/sources_1/bd/mb_block/ip/mb_block_microblaze_0_axi_intc_0/mb_block_microblaze_0_axi_intc_0.xdc] for cell 'mb_block_i/microblaze_0_axi_intc/U0'
Parsing XDC File [d:/viv/SpartanTracker/lab7_2/lab7_2.gen/sources_1/bd/mb_block/ip/mb_block_rst_clk_wiz_1_100M_0/mb_block_rst_clk_wiz_1_100M_0_board.xdc] for cell 'mb_block_i/rst_clk_wiz_1_100M/U0'
Finished Parsing XDC File [d:/viv/SpartanTracker/lab7_2/lab7_2.gen/sources_1/bd/mb_block/ip/mb_block_rst_clk_wiz_1_100M_0/mb_block_rst_clk_wiz_1_100M_0_board.xdc] for cell 'mb_block_i/rst_clk_wiz_1_100M/U0'
Parsing XDC File [d:/viv/SpartanTracker/lab7_2/lab7_2.gen/sources_1/bd/mb_block/ip/mb_block_rst_clk_wiz_1_100M_0/mb_block_rst_clk_wiz_1_100M_0.xdc] for cell 'mb_block_i/rst_clk_wiz_1_100M/U0'
Finished Parsing XDC File [d:/viv/SpartanTracker/lab7_2/lab7_2.gen/sources_1/bd/mb_block/ip/mb_block_rst_clk_wiz_1_100M_0/mb_block_rst_clk_wiz_1_100M_0.xdc] for cell 'mb_block_i/rst_clk_wiz_1_100M/U0'
Parsing XDC File [d:/viv/SpartanTracker/lab7_2/lab7_2.gen/sources_1/bd/mb_block/ip/mb_block_axi_uartlite_0_0/mb_block_axi_uartlite_0_0_board.xdc] for cell 'mb_block_i/axi_uartlite_0/U0'
Finished Parsing XDC File [d:/viv/SpartanTracker/lab7_2/lab7_2.gen/sources_1/bd/mb_block/ip/mb_block_axi_uartlite_0_0/mb_block_axi_uartlite_0_0_board.xdc] for cell 'mb_block_i/axi_uartlite_0/U0'
Parsing XDC File [d:/viv/SpartanTracker/lab7_2/lab7_2.gen/sources_1/bd/mb_block/ip/mb_block_axi_uartlite_0_0/mb_block_axi_uartlite_0_0.xdc] for cell 'mb_block_i/axi_uartlite_0/U0'
Finished Parsing XDC File [d:/viv/SpartanTracker/lab7_2/lab7_2.gen/sources_1/bd/mb_block/ip/mb_block_axi_uartlite_0_0/mb_block_axi_uartlite_0_0.xdc] for cell 'mb_block_i/axi_uartlite_0/U0'
Parsing XDC File [d:/viv/SpartanTracker/lab7_2/lab7_2.gen/sources_1/bd/mb_block/ip/mb_block_clk_wiz_0_0/mb_block_clk_wiz_0_0_board.xdc] for cell 'mb_block_i/clk_wiz_0/inst'
Finished Parsing XDC File [d:/viv/SpartanTracker/lab7_2/lab7_2.gen/sources_1/bd/mb_block/ip/mb_block_clk_wiz_0_0/mb_block_clk_wiz_0_0_board.xdc] for cell 'mb_block_i/clk_wiz_0/inst'
Parsing XDC File [d:/viv/SpartanTracker/lab7_2/lab7_2.gen/sources_1/bd/mb_block/ip/mb_block_clk_wiz_0_0/mb_block_clk_wiz_0_0.xdc] for cell 'mb_block_i/clk_wiz_0/inst'
INFO: [Timing 38-35] Done setting XDC timing constraints. [d:/viv/SpartanTracker/lab7_2/lab7_2.gen/sources_1/bd/mb_block/ip/mb_block_clk_wiz_0_0/mb_block_clk_wiz_0_0.xdc:57]
INFO: [Timing 38-2] Deriving generated clocks [d:/viv/SpartanTracker/lab7_2/lab7_2.gen/sources_1/bd/mb_block/ip/mb_block_clk_wiz_0_0/mb_block_clk_wiz_0_0.xdc:57]
Finished Parsing XDC File [d:/viv/SpartanTracker/lab7_2/lab7_2.gen/sources_1/bd/mb_block/ip/mb_block_clk_wiz_0_0/mb_block_clk_wiz_0_0.xdc] for cell 'mb_block_i/clk_wiz_0/inst'
Parsing XDC File [d:/viv/SpartanTracker/lab7_2/lab7_2.gen/sources_1/bd/mb_block/ip/mb_block_axi_timer_0_0/mb_block_axi_timer_0_0.xdc] for cell 'mb_block_i/timer_usb_axi/U0'
Finished Parsing XDC File [d:/viv/SpartanTracker/lab7_2/lab7_2.gen/sources_1/bd/mb_block/ip/mb_block_axi_timer_0_0/mb_block_axi_timer_0_0.xdc] for cell 'mb_block_i/timer_usb_axi/U0'
Parsing XDC File [d:/viv/SpartanTracker/lab7_2/lab7_2.gen/sources_1/bd/mb_block/ip/mb_block_axi_quad_spi_0_0/mb_block_axi_quad_spi_0_0_board.xdc] for cell 'mb_block_i/spi_usb/U0'
Finished Parsing XDC File [d:/viv/SpartanTracker/lab7_2/lab7_2.gen/sources_1/bd/mb_block/ip/mb_block_axi_quad_spi_0_0/mb_block_axi_quad_spi_0_0_board.xdc] for cell 'mb_block_i/spi_usb/U0'
Parsing XDC File [d:/viv/SpartanTracker/lab7_2/lab7_2.gen/sources_1/bd/mb_block/ip/mb_block_axi_quad_spi_0_0/mb_block_axi_quad_spi_0_0.xdc] for cell 'mb_block_i/spi_usb/U0'
Finished Parsing XDC File [d:/viv/SpartanTracker/lab7_2/lab7_2.gen/sources_1/bd/mb_block/ip/mb_block_axi_quad_spi_0_0/mb_block_axi_quad_spi_0_0.xdc] for cell 'mb_block_i/spi_usb/U0'
Parsing XDC File [d:/viv/SpartanTracker/lab7_2/lab7_2.gen/sources_1/bd/mb_block/ip/mb_block_axi_gpio_0_0/mb_block_axi_gpio_0_0_board.xdc] for cell 'mb_block_i/usb_rst/U0'
Finished Parsing XDC File [d:/viv/SpartanTracker/lab7_2/lab7_2.gen/sources_1/bd/mb_block/ip/mb_block_axi_gpio_0_0/mb_block_axi_gpio_0_0_board.xdc] for cell 'mb_block_i/usb_rst/U0'
Parsing XDC File [d:/viv/SpartanTracker/lab7_2/lab7_2.gen/sources_1/bd/mb_block/ip/mb_block_axi_gpio_0_0/mb_block_axi_gpio_0_0.xdc] for cell 'mb_block_i/usb_rst/U0'
Finished Parsing XDC File [d:/viv/SpartanTracker/lab7_2/lab7_2.gen/sources_1/bd/mb_block/ip/mb_block_axi_gpio_0_0/mb_block_axi_gpio_0_0.xdc] for cell 'mb_block_i/usb_rst/U0'
Parsing XDC File [d:/viv/SpartanTracker/lab7_2/lab7_2.gen/sources_1/bd/mb_block/ip/mb_block_axi_gpio_0_1/mb_block_axi_gpio_0_1_board.xdc] for cell 'mb_block_i/usb_int/U0'
Finished Parsing XDC File [d:/viv/SpartanTracker/lab7_2/lab7_2.gen/sources_1/bd/mb_block/ip/mb_block_axi_gpio_0_1/mb_block_axi_gpio_0_1_board.xdc] for cell 'mb_block_i/usb_int/U0'
Parsing XDC File [d:/viv/SpartanTracker/lab7_2/lab7_2.gen/sources_1/bd/mb_block/ip/mb_block_axi_gpio_0_1/mb_block_axi_gpio_0_1.xdc] for cell 'mb_block_i/usb_int/U0'
Finished Parsing XDC File [d:/viv/SpartanTracker/lab7_2/lab7_2.gen/sources_1/bd/mb_block/ip/mb_block_axi_gpio_0_1/mb_block_axi_gpio_0_1.xdc] for cell 'mb_block_i/usb_int/U0'
Parsing XDC File [d:/viv/SpartanTracker/lab7_2/lab7_2.gen/sources_1/bd/mb_block/ip/mb_block_axi_gpio_1_0/mb_block_axi_gpio_1_0_board.xdc] for cell 'mb_block_i/usb_keycode/U0'
Finished Parsing XDC File [d:/viv/SpartanTracker/lab7_2/lab7_2.gen/sources_1/bd/mb_block/ip/mb_block_axi_gpio_1_0/mb_block_axi_gpio_1_0_board.xdc] for cell 'mb_block_i/usb_keycode/U0'
Parsing XDC File [d:/viv/SpartanTracker/lab7_2/lab7_2.gen/sources_1/bd/mb_block/ip/mb_block_axi_gpio_1_0/mb_block_axi_gpio_1_0.xdc] for cell 'mb_block_i/usb_keycode/U0'
Finished Parsing XDC File [d:/viv/SpartanTracker/lab7_2/lab7_2.gen/sources_1/bd/mb_block/ip/mb_block_axi_gpio_1_0/mb_block_axi_gpio_1_0.xdc] for cell 'mb_block_i/usb_keycode/U0'
Parsing XDC File [d:/viv/SpartanTracker/lab7_2/lab7_2.gen/sources_1/bd/mb_block/ip/mb_block_clk_wiz_1_0/mb_block_clk_wiz_1_0_board.xdc] for cell 'mb_block_i/synth_clock/inst'
Finished Parsing XDC File [d:/viv/SpartanTracker/lab7_2/lab7_2.gen/sources_1/bd/mb_block/ip/mb_block_clk_wiz_1_0/mb_block_clk_wiz_1_0_board.xdc] for cell 'mb_block_i/synth_clock/inst'
Parsing XDC File [d:/viv/SpartanTracker/lab7_2/lab7_2.gen/sources_1/bd/mb_block/ip/mb_block_clk_wiz_1_0/mb_block_clk_wiz_1_0.xdc] for cell 'mb_block_i/synth_clock/inst'
INFO: [Timing 38-2] Deriving generated clocks [d:/viv/SpartanTracker/lab7_2/lab7_2.gen/sources_1/bd/mb_block/ip/mb_block_clk_wiz_1_0/mb_block_clk_wiz_1_0.xdc:57]
Finished Parsing XDC File [d:/viv/SpartanTracker/lab7_2/lab7_2.gen/sources_1/bd/mb_block/ip/mb_block_clk_wiz_1_0/mb_block_clk_wiz_1_0.xdc] for cell 'mb_block_i/synth_clock/inst'
Parsing XDC File [d:/viv/SpartanTracker/lab7_2/lab7_2.gen/sources_1/bd/mb_block/ip/mb_block_axi_gpio_0_2/mb_block_axi_gpio_0_2_board.xdc] for cell 'mb_block_i/axi_cursor/U0'
Finished Parsing XDC File [d:/viv/SpartanTracker/lab7_2/lab7_2.gen/sources_1/bd/mb_block/ip/mb_block_axi_gpio_0_2/mb_block_axi_gpio_0_2_board.xdc] for cell 'mb_block_i/axi_cursor/U0'
Parsing XDC File [d:/viv/SpartanTracker/lab7_2/lab7_2.gen/sources_1/bd/mb_block/ip/mb_block_axi_gpio_0_2/mb_block_axi_gpio_0_2.xdc] for cell 'mb_block_i/axi_cursor/U0'
Finished Parsing XDC File [d:/viv/SpartanTracker/lab7_2/lab7_2.gen/sources_1/bd/mb_block/ip/mb_block_axi_gpio_0_2/mb_block_axi_gpio_0_2.xdc] for cell 'mb_block_i/axi_cursor/U0'
Parsing XDC File [d:/viv/SpartanTracker/lab7_2/lab7_2.gen/sources_1/bd/mb_block/ip/mb_block_hdmi_tc_v2_0_0/src/clk_wiz_ip/clk_wiz_ip.xdc] for cell 'mb_block_i/hdmi_tc_v2_0/inst/clk_wiz/inst'
Finished Parsing XDC File [d:/viv/SpartanTracker/lab7_2/lab7_2.gen/sources_1/bd/mb_block/ip/mb_block_hdmi_tc_v2_0_0/src/clk_wiz_ip/clk_wiz_ip.xdc] for cell 'mb_block_i/hdmi_tc_v2_0/inst/clk_wiz/inst'
Parsing XDC File [D:/viv/SpartanTracker/lab7_2/lab7_2.srcs/constrs_1/imports/pin_assignment/mb_usb_hdmi_top.xdc]
Finished Parsing XDC File [D:/viv/SpartanTracker/lab7_2/lab7_2.srcs/constrs_1/imports/pin_assignment/mb_usb_hdmi_top.xdc]
Parsing XDC File [d:/viv/SpartanTracker/lab7_2/lab7_2.gen/sources_1/bd/mb_block/ip/mb_block_microblaze_0_axi_intc_0/mb_block_microblaze_0_axi_intc_0_clocks.xdc] for cell 'mb_block_i/microblaze_0_axi_intc/U0'
Finished Parsing XDC File [d:/viv/SpartanTracker/lab7_2/lab7_2.gen/sources_1/bd/mb_block/ip/mb_block_microblaze_0_axi_intc_0/mb_block_microblaze_0_axi_intc_0_clocks.xdc] for cell 'mb_block_i/microblaze_0_axi_intc/U0'
Parsing XDC File [d:/viv/SpartanTracker/lab7_2/lab7_2.gen/sources_1/bd/mb_block/ip/mb_block_mdm_1_0/mb_block_mdm_1_0.xdc] for cell 'mb_block_i/mdm_1/U0'
Finished Parsing XDC File [d:/viv/SpartanTracker/lab7_2/lab7_2.gen/sources_1/bd/mb_block/ip/mb_block_mdm_1_0/mb_block_mdm_1_0.xdc] for cell 'mb_block_i/mdm_1/U0'
Parsing XDC File [d:/viv/SpartanTracker/lab7_2/lab7_2.gen/sources_1/bd/mb_block/ip/mb_block_axi_quad_spi_0_0/mb_block_axi_quad_spi_0_0_clocks.xdc] for cell 'mb_block_i/spi_usb/U0'
Finished Parsing XDC File [d:/viv/SpartanTracker/lab7_2/lab7_2.gen/sources_1/bd/mb_block/ip/mb_block_axi_quad_spi_0_0/mb_block_axi_quad_spi_0_0_clocks.xdc] for cell 'mb_block_i/spi_usb/U0'
Parsing XDC File [d:/viv/SpartanTracker/lab7_2/lab7_2.gen/sources_1/bd/mb_block/ip/mb_block_hdmi_tc_v2_0_0/src/clk_wiz_ip/clk_wiz_ip_late.xdc] for cell 'mb_block_i/hdmi_tc_v2_0/inst/clk_wiz/inst'
Finished Parsing XDC File [d:/viv/SpartanTracker/lab7_2/lab7_2.gen/sources_1/bd/mb_block/ip/mb_block_hdmi_tc_v2_0_0/src/clk_wiz_ip/clk_wiz_ip_late.xdc] for cell 'mb_block_i/hdmi_tc_v2_0/inst/clk_wiz/inst'
WARNING: [XPM_CDC_GRAY: TCL-1000] The source and destination clocks are the same. 
     Instance: mb_block_i/spi_usb/U0/NO_DUAL_QUAD_MODE.QSPI_NORMAL/QSPI_LEGACY_MD_GEN.QSPI_CORE_INTERFACE_I/FIFO_EXISTS.TX_FIFO_II/xpm_fifo_instance.xpm_fifo_async_inst/gnuram_async_fifo.xpm_fifo_base_inst/gen_cdc_pntr.rd_pntr_cdc_inst 
  This will add unnecessary latency to the design. Please check the design for the following: 
 1) Manually instantiated XPM_CDC modules: Xilinx recommends that you remove these modules. 
 2) Xilinx IP that contains XPM_CDC modules: Verify the connections to the IP to determine whether you can safely ignore this message.
 [C:/Xilinx/Vivado/2022.2/data/ip/xpm/xpm_cdc/tcl/xpm_cdc_gray.tcl:16]
WARNING: [XPM_CDC_GRAY: TCL-1000] The source and destination clocks are the same. 
     Instance: mb_block_i/spi_usb/U0/NO_DUAL_QUAD_MODE.QSPI_NORMAL/QSPI_LEGACY_MD_GEN.QSPI_CORE_INTERFACE_I/FIFO_EXISTS.RX_FIFO_II/gnuram_async_fifo.xpm_fifo_base_inst/gen_cdc_pntr.wr_pntr_cdc_inst 
  This will add unnecessary latency to the design. Please check the design for the following: 
 1) Manually instantiated XPM_CDC modules: Xilinx recommends that you remove these modules. 
 2) Xilinx IP that contains XPM_CDC modules: Verify the connections to the IP to determine whether you can safely ignore this message.
 [C:/Xilinx/Vivado/2022.2/data/ip/xpm/xpm_cdc/tcl/xpm_cdc_gray.tcl:16]
WARNING: [XPM_CDC_GRAY: TCL-1000] The source and destination clocks are the same. 
     Instance: mb_block_i/spi_usb/U0/NO_DUAL_QUAD_MODE.QSPI_NORMAL/QSPI_LEGACY_MD_GEN.QSPI_CORE_INTERFACE_I/FIFO_EXISTS.RX_FIFO_II/gnuram_async_fifo.xpm_fifo_base_inst/gen_cdc_pntr.rd_pntr_cdc_inst 
  This will add unnecessary latency to the design. Please check the design for the following: 
 1) Manually instantiated XPM_CDC modules: Xilinx recommends that you remove these modules. 
 2) Xilinx IP that contains XPM_CDC modules: Verify the connections to the IP to determine whether you can safely ignore this message.
 [C:/Xilinx/Vivado/2022.2/data/ip/xpm/xpm_cdc/tcl/xpm_cdc_gray.tcl:16]
WARNING: [XPM_CDC_GRAY: TCL-1000] The source and destination clocks are the same. 
     Instance: mb_block_i/spi_usb/U0/NO_DUAL_QUAD_MODE.QSPI_NORMAL/QSPI_LEGACY_MD_GEN.QSPI_CORE_INTERFACE_I/FIFO_EXISTS.TX_FIFO_II/xpm_fifo_instance.xpm_fifo_async_inst/gnuram_async_fifo.xpm_fifo_base_inst/gen_cdc_pntr.wr_pntr_cdc_inst 
  This will add unnecessary latency to the design. Please check the design for the following: 
 1) Manually instantiated XPM_CDC modules: Xilinx recommends that you remove these modules. 
 2) Xilinx IP that contains XPM_CDC modules: Verify the connections to the IP to determine whether you can safely ignore this message.
 [C:/Xilinx/Vivado/2022.2/data/ip/xpm/xpm_cdc/tcl/xpm_cdc_gray.tcl:16]
WARNING: [XPM_CDC_GRAY: TCL-1000] The source and destination clocks are the same. 
     Instance: mb_block_i/spi_usb/U0/NO_DUAL_QUAD_MODE.QSPI_NORMAL/QSPI_LEGACY_MD_GEN.QSPI_CORE_INTERFACE_I/FIFO_EXISTS.TX_FIFO_II/xpm_fifo_instance.xpm_fifo_async_inst/gnuram_async_fifo.xpm_fifo_base_inst/gen_cdc_pntr.wr_pntr_cdc_dc_inst 
  This will add unnecessary latency to the design. Please check the design for the following: 
 1) Manually instantiated XPM_CDC modules: Xilinx recommends that you remove these modules. 
 2) Xilinx IP that contains XPM_CDC modules: Verify the connections to the IP to determine whether you can safely ignore this message.
 [C:/Xilinx/Vivado/2022.2/data/ip/xpm/xpm_cdc/tcl/xpm_cdc_gray.tcl:16]
WARNING: [XPM_CDC_GRAY: TCL-1000] The source and destination clocks are the same. 
     Instance: mb_block_i/spi_usb/U0/NO_DUAL_QUAD_MODE.QSPI_NORMAL/QSPI_LEGACY_MD_GEN.QSPI_CORE_INTERFACE_I/FIFO_EXISTS.RX_FIFO_II/gnuram_async_fifo.xpm_fifo_base_inst/gen_cdc_pntr.wr_pntr_cdc_dc_inst 
  This will add unnecessary latency to the design. Please check the design for the following: 
 1) Manually instantiated XPM_CDC modules: Xilinx recommends that you remove these modules. 
 2) Xilinx IP that contains XPM_CDC modules: Verify the connections to the IP to determine whether you can safely ignore this message.
 [C:/Xilinx/Vivado/2022.2/data/ip/xpm/xpm_cdc/tcl/xpm_cdc_gray.tcl:16]
WARNING: [XPM_CDC_GRAY: TCL-1000] The source and destination clocks are the same. 
     Instance: mb_block_i/spi_usb/U0/NO_DUAL_QUAD_MODE.QSPI_NORMAL/QSPI_LEGACY_MD_GEN.QSPI_CORE_INTERFACE_I/FIFO_EXISTS.TX_FIFO_II/xpm_fifo_instance.xpm_fifo_async_inst/gnuram_async_fifo.xpm_fifo_base_inst/gen_cdc_pntr.rd_pntr_cdc_dc_inst 
  This will add unnecessary latency to the design. Please check the design for the following: 
 1) Manually instantiated XPM_CDC modules: Xilinx recommends that you remove these modules. 
 2) Xilinx IP that contains XPM_CDC modules: Verify the connections to the IP to determine whether you can safely ignore this message.
 [C:/Xilinx/Vivado/2022.2/data/ip/xpm/xpm_cdc/tcl/xpm_cdc_gray.tcl:16]
WARNING: [XPM_CDC_GRAY: TCL-1000] The source and destination clocks are the same. 
     Instance: mb_block_i/spi_usb/U0/NO_DUAL_QUAD_MODE.QSPI_NORMAL/QSPI_LEGACY_MD_GEN.QSPI_CORE_INTERFACE_I/FIFO_EXISTS.RX_FIFO_II/gnuram_async_fifo.xpm_fifo_base_inst/gen_cdc_pntr.rd_pntr_cdc_dc_inst 
  This will add unnecessary latency to the design. Please check the design for the following: 
 1) Manually instantiated XPM_CDC modules: Xilinx recommends that you remove these modules. 
 2) Xilinx IP that contains XPM_CDC modules: Verify the connections to the IP to determine whether you can safely ignore this message.
 [C:/Xilinx/Vivado/2022.2/data/ip/xpm/xpm_cdc/tcl/xpm_cdc_gray.tcl:16]
INFO: [Project 1-1714] 14 XPM XDC files have been applied to the design.
INFO: [Opt 31-138] Pushed 0 inverter(s) to 0 load pin(s).
WARNING: [Constraints 18-5572] Instance mb_block_i/spi_usb/U0/NO_DUAL_QUAD_MODE.QSPI_NORMAL/IO0_I_REG has IOB constraint set, However, the instance does not seem to have valid I/O connection to be placed into I/O. The constraint on the instance will be ignored.
Generating merged BMM file for the design top 'tracker_top'...
INFO: [Memdata 28-144] Successfully populated the BRAM INIT strings from the following elf files: d:/viv/SpartanTracker/lab7_2/lab7_2.gen/sources_1/bd/mb_block/ip/mb_block_microblaze_0_0/data/mb_bootloop_le.elf 
Netlist sorting complete. Time (s): cpu = 00:00:00 ; elapsed = 00:00:00.005 . Memory (MB): peak = 2152.402 ; gain = 0.000
INFO: [Project 1-111] Unisim Transformation Summary:
  A total of 279 instances were transformed.
  LUT6_2 => LUT6_2 (LUT5, LUT6): 145 instances
  RAM16X1D => RAM32X1D (RAMD32(x2)): 32 instances
  RAM32M => RAM32M (RAMD32(x6), RAMS32(x2)): 34 instances
  RAM32X1D => RAM32X1D (RAMD32(x2)): 68 instances

35 Infos, 13 Warnings, 0 Critical Warnings and 0 Errors encountered.
link_design completed successfully
link_design: Time (s): cpu = 00:00:10 ; elapsed = 00:00:13 . Memory (MB): peak = 2152.402 ; gain = 1086.109
INFO: [Common 17-600] The following parameters have non-default value.
general.maxThreads
Command: opt_design
Attempting to get a license for feature 'Implementation' and/or device 'xc7s50'
INFO: [Common 17-349] Got license for feature 'Implementation' and/or device 'xc7s50'
Running DRC as a precondition to command opt_design

Starting DRC Task
INFO: [DRC 23-27] Running DRC with 8 threads
INFO: [Project 1-461] DRC finished with 0 Errors
INFO: [Project 1-462] Please refer to the DRC report (report_drc) for more information.

Time (s): cpu = 00:00:00 ; elapsed = 00:00:00.540 . Memory (MB): peak = 2152.402 ; gain = 0.000

Starting Cache Timing Information Task
INFO: [Timing 38-35] Done setting XDC timing constraints.
Ending Cache Timing Information Task | Checksum: 1c116d416

Time (s): cpu = 00:00:01 ; elapsed = 00:00:00.303 . Memory (MB): peak = 2152.402 ; gain = 0.000

Starting Logic Optimization Task

Phase 1 Retarget
INFO: [Opt 31-1287] Pulled Inverter mb_block_i/mdm_1/U0/MDM_Core_I1/JTAG_CONTROL_I/Use_BSCAN.FDC_I/Use_Serial_Unified_Completion.Completion_Status_Register.sample_1[15]_i_1 into driver instance mb_block_i/mdm_1/U0/MDM_Core_I1/JTAG_CONTROL_I/Use_BSCAN.FDC_I/Use_Serial_Unified_Completion.Completion_Status_Register.sample_1[15]_i_2, which resulted in an inversion of 14 pins
INFO: [Opt 31-1287] Pulled Inverter mb_block_i/spi_usb/U0/NO_DUAL_QUAD_MODE.QSPI_NORMAL/QSPI_LEGACY_MD_GEN.QSPI_CORE_INTERFACE_I/FIFO_EXISTS.RX_FIFO_II/gnuram_async_fifo.xpm_fifo_base_inst/xpm_fifo_rst_inst/FSM_onehot_gen_rst_ic.curr_wrst_state[4]_i_1 into driver instance mb_block_i/spi_usb/U0/NO_DUAL_QUAD_MODE.QSPI_NORMAL/QSPI_LEGACY_MD_GEN.QSPI_CORE_INTERFACE_I/FIFO_EXISTS.RX_FIFO_II/gnuram_async_fifo.xpm_fifo_base_inst/xpm_fifo_rst_inst//i_, which resulted in an inversion of 2 pins
INFO: [Opt 31-1287] Pulled Inverter mb_block_i/spi_usb/U0/NO_DUAL_QUAD_MODE.QSPI_NORMAL/QSPI_LEGACY_MD_GEN.QSPI_CORE_INTERFACE_I/FIFO_EXISTS.TX_FIFO_II/xpm_fifo_instance.xpm_fifo_async_inst/gnuram_async_fifo.xpm_fifo_base_inst/xpm_fifo_rst_inst/FSM_onehot_gen_rst_ic.curr_wrst_state[4]_i_1 into driver instance mb_block_i/spi_usb/U0/NO_DUAL_QUAD_MODE.QSPI_NORMAL/QSPI_LEGACY_MD_GEN.QSPI_CORE_INTERFACE_I/FIFO_EXISTS.TX_FIFO_II/xpm_fifo_instance.xpm_fifo_async_inst/gnuram_async_fifo.xpm_fifo_base_inst/xpm_fifo_rst_inst//i_, which resulted in an inversion of 2 pins
INFO: [Opt 31-1287] Pulled Inverter mb_block_i/spi_usb/U0/NO_DUAL_QUAD_MODE.QSPI_NORMAL/QSPI_LEGACY_MD_GEN.QSPI_CORE_INTERFACE_I/LOGIC_FOR_MD_0_GEN.SPI_MODULE_I/LOCAL_TX_EMPTY_FIFO_12_GEN.stop_clock_reg_i_1 into driver instance mb_block_i/spi_usb/U0/NO_DUAL_QUAD_MODE.QSPI_NORMAL/QSPI_LEGACY_MD_GEN.QSPI_CORE_INTERFACE_I/LOGIC_FOR_MD_0_GEN.SPI_MODULE_I/SS_O[0]_i_2, which resulted in an inversion of 3 pins
INFO: [Opt 31-1287] Pulled Inverter mb_block_i/synth_clock/inst/mmcm_adv_inst_i_1 into driver instance mb_block_i_i_1, which resulted in an inversion of 2 pins
INFO: [Opt 31-138] Pushed 2 inverter(s) to 3 load pin(s).
INFO: [Opt 31-49] Retargeted 0 cell(s).
Phase 1 Retarget | Checksum: 1c7a9fbef

Time (s): cpu = 00:00:01 ; elapsed = 00:00:00.330 . Memory (MB): peak = 2471.574 ; gain = 0.000
INFO: [Opt 31-389] Phase Retarget created 216 cells and removed 328 cells
INFO: [Opt 31-1021] In phase Retarget, 6 netlist objects are constrained preventing optimization. Please run opt_design with -debug_log to get more detail. 

Phase 2 Constant propagation
INFO: [Opt 31-138] Pushed 8 inverter(s) to 14 load pin(s).
Phase 2 Constant propagation | Checksum: 13c64e5ae

Time (s): cpu = 00:00:01 ; elapsed = 00:00:00.409 . Memory (MB): peak = 2471.574 ; gain = 0.000
INFO: [Opt 31-389] Phase Constant propagation created 129 cells and removed 298 cells
INFO: [Opt 31-1021] In phase Constant propagation, 2 netlist objects are constrained preventing optimization. Please run opt_design with -debug_log to get more detail. 

Phase 3 Sweep
Phase 3 Sweep | Checksum: 162488252

Time (s): cpu = 00:00:01 ; elapsed = 00:00:00.589 . Memory (MB): peak = 2471.574 ; gain = 0.000
INFO: [Opt 31-389] Phase Sweep created 0 cells and removed 266 cells
INFO: [Opt 31-1021] In phase Sweep, 7 netlist objects are constrained preventing optimization. Please run opt_design with -debug_log to get more detail. 

Phase 4 BUFG optimization
INFO: [Opt 31-194] Inserted BUFG clk_100MHz_IBUF_BUFG_inst to drive 1895 load(s) on clock net clk_100MHz_IBUF_BUFG
INFO: [Opt 31-194] Inserted BUFG mb_block_i/mdm_1/U0/Use_E2.BSCAN_I/Dbg_Update_0_BUFG_inst to drive 40 load(s) on clock net mb_block_i/mdm_1/U0/Use_E2.BSCAN_I/Dbg_Update_0_BUFG
INFO: [Opt 31-193] Inserted 2 BUFG(s) on clock nets
Phase 4 BUFG optimization | Checksum: 153d5d5c4

Time (s): cpu = 00:00:01 ; elapsed = 00:00:00.697 . Memory (MB): peak = 2471.574 ; gain = 0.000
INFO: [Opt 31-662] Phase BUFG optimization created 2 cells of which 2 are BUFGs and removed 0 cells.

Phase 5 Shift Register Optimization
INFO: [Opt 31-1064] SRL Remap converted 0 SRLs to 0 registers and converted 0 registers of register chains to 0 SRLs
Phase 5 Shift Register Optimization | Checksum: 153d5d5c4

Time (s): cpu = 00:00:01 ; elapsed = 00:00:00.709 . Memory (MB): peak = 2471.574 ; gain = 0.000
INFO: [Opt 31-389] Phase Shift Register Optimization created 0 cells and removed 0 cells

Phase 6 Post Processing Netlist
Phase 6 Post Processing Netlist | Checksum: 1b262e755

Time (s): cpu = 00:00:01 ; elapsed = 00:00:00.737 . Memory (MB): peak = 2471.574 ; gain = 0.000
INFO: [Opt 31-389] Phase Post Processing Netlist created 0 cells and removed 0 cells
INFO: [Opt 31-1021] In phase Post Processing Netlist, 2 netlist objects are constrained preventing optimization. Please run opt_design with -debug_log to get more detail. 
Opt_design Change Summary
=========================


-------------------------------------------------------------------------------------------------------------------------
|  Phase                        |  #Cells created  |  #Cells Removed  |  #Constrained objects preventing optimizations  |
-------------------------------------------------------------------------------------------------------------------------
|  Retarget                     |             216  |             328  |                                              6  |
|  Constant propagation         |             129  |             298  |                                              2  |
|  Sweep                        |               0  |             266  |                                              7  |
|  BUFG optimization            |               2  |               0  |                                              0  |
|  Shift Register Optimization  |               0  |               0  |                                              0  |
|  Post Processing Netlist      |               0  |               0  |                                              2  |
-------------------------------------------------------------------------------------------------------------------------



Starting Connectivity Check Task

Time (s): cpu = 00:00:00 ; elapsed = 00:00:00.011 . Memory (MB): peak = 2471.574 ; gain = 0.000
Ending Logic Optimization Task | Checksum: 136fff9f1

Time (s): cpu = 00:00:01 ; elapsed = 00:00:00.897 . Memory (MB): peak = 2471.574 ; gain = 0.000

Starting Power Optimization Task
INFO: [Pwropt 34-132] Skipping clock gating for clocks with a period < 2.00 ns.
INFO: [Timing 38-35] Done setting XDC timing constraints.
Running Vector-less Activity Propagation...
INFO: [Pwropt 34-9] Applying IDT optimizations ...
INFO: [Pwropt 34-10] Applying ODC optimizations ...

Finished Running Vector-less Activity Propagation


Starting PowerOpt Patch Enables Task
INFO: [Pwropt 34-162] WRITE_MODE attribute of 0 BRAM(s) out of a total of 34 has been updated to save power. Run report_power_opt to get a complete listing of the BRAMs updated.
INFO: [Pwropt 34-201] Structural ODC has moved 0 WE to EN ports
Number of BRAM Ports augmented: 0 newly gated: 0 Total Ports: 68
Ending PowerOpt Patch Enables Task | Checksum: 136fff9f1

Time (s): cpu = 00:00:00 ; elapsed = 00:00:00.081 . Memory (MB): peak = 2676.738 ; gain = 0.000
Ending Power Optimization Task | Checksum: 136fff9f1

Time (s): cpu = 00:00:03 ; elapsed = 00:00:02 . Memory (MB): peak = 2676.738 ; gain = 205.164

Starting Final Cleanup Task
Ending Final Cleanup Task | Checksum: 136fff9f1

Time (s): cpu = 00:00:00 ; elapsed = 00:00:00.001 . Memory (MB): peak = 2676.738 ; gain = 0.000

Starting Netlist Obfuscation Task
Netlist sorting complete. Time (s): cpu = 00:00:00 ; elapsed = 00:00:00.004 . Memory (MB): peak = 2676.738 ; gain = 0.000
Ending Netlist Obfuscation Task | Checksum: 136fff9f1

Time (s): cpu = 00:00:00 ; elapsed = 00:00:00.006 . Memory (MB): peak = 2676.738 ; gain = 0.000
INFO: [Common 17-83] Releasing license: Implementation
70 Infos, 13 Warnings, 0 Critical Warnings and 0 Errors encountered.
opt_design completed successfully
opt_design: Time (s): cpu = 00:00:07 ; elapsed = 00:00:06 . Memory (MB): peak = 2676.738 ; gain = 524.336
INFO: [Common 17-600] The following parameters have non-default value.
general.maxThreads
INFO: [Timing 38-35] Done setting XDC timing constraints.
INFO: [Timing 38-480] Writing timing data to binary archive.
Writing XDEF routing.
Writing XDEF routing logical nets.
Writing XDEF routing special nets.
Write XDEF Complete: Time (s): cpu = 00:00:00 ; elapsed = 00:00:00.022 . Memory (MB): peak = 2676.738 ; gain = 0.000
INFO: [Common 17-1381] The checkpoint 'D:/viv/SpartanTracker/lab7_2/lab7_2.runs/impl_1/tracker_top_opt.dcp' has been generated.
INFO: [runtcl-4] Executing : report_drc -file tracker_top_drc_opted.rpt -pb tracker_top_drc_opted.pb -rpx tracker_top_drc_opted.rpx
Command: report_drc -file tracker_top_drc_opted.rpt -pb tracker_top_drc_opted.pb -rpx tracker_top_drc_opted.rpx
INFO: [IP_Flow 19-1839] IP Catalog is up to date.
INFO: [DRC 23-27] Running DRC with 8 threads
INFO: [Vivado_Tcl 2-168] The results of DRC are in file D:/viv/SpartanTracker/lab7_2/lab7_2.runs/impl_1/tracker_top_drc_opted.rpt.
report_drc completed successfully
Command: place_design
Attempting to get a license for feature 'Implementation' and/or device 'xc7s50'
INFO: [Common 17-349] Got license for feature 'Implementation' and/or device 'xc7s50'
INFO: [DRC 23-27] Running DRC with 8 threads
INFO: [Vivado_Tcl 4-198] DRC finished with 0 Errors
INFO: [Vivado_Tcl 4-199] Please refer to the DRC report (report_drc) for more information.
Running DRC as a precondition to command place_design
INFO: [DRC 23-27] Running DRC with 8 threads
INFO: [Vivado_Tcl 4-198] DRC finished with 0 Errors, 21 Warnings
INFO: [Vivado_Tcl 4-199] Please refer to the DRC report (report_drc) for more information.

Starting Placer Task
INFO: [Place 30-611] Multithreading enabled for place_design using a maximum of 8 CPUs

Phase 1 Placer Initialization

Phase 1.1 Placer Initialization Netlist Sorting
Netlist sorting complete. Time (s): cpu = 00:00:00 ; elapsed = 00:00:00.005 . Memory (MB): peak = 2676.738 ; gain = 0.000
Phase 1.1 Placer Initialization Netlist Sorting | Checksum: 89cd5505

Time (s): cpu = 00:00:00 ; elapsed = 00:00:00.009 . Memory (MB): peak = 2676.738 ; gain = 0.000
Netlist sorting complete. Time (s): cpu = 00:00:00 ; elapsed = 00:00:00.004 . Memory (MB): peak = 2676.738 ; gain = 0.000

Phase 1.2 IO Placement/ Clock Placement/ Build Placer Device
Phase 1.2 IO Placement/ Clock Placement/ Build Placer Device | Checksum: f2020faf

Time (s): cpu = 00:00:01 ; elapsed = 00:00:00.424 . Memory (MB): peak = 2676.738 ; gain = 0.000

Phase 1.3 Build Placer Netlist Model
Phase 1.3 Build Placer Netlist Model | Checksum: 1647c16e9

Time (s): cpu = 00:00:03 ; elapsed = 00:00:02 . Memory (MB): peak = 2676.738 ; gain = 0.000

Phase 1.4 Constrain Clocks/Macros
Phase 1.4 Constrain Clocks/Macros | Checksum: 1647c16e9

Time (s): cpu = 00:00:03 ; elapsed = 00:00:02 . Memory (MB): peak = 2676.738 ; gain = 0.000
Phase 1 Placer Initialization | Checksum: 1647c16e9

Time (s): cpu = 00:00:03 ; elapsed = 00:00:02 . Memory (MB): peak = 2676.738 ; gain = 0.000

Phase 2 Global Placement

Phase 2.1 Floorplanning
Phase 2.1 Floorplanning | Checksum: 16aee4c99

Time (s): cpu = 00:00:04 ; elapsed = 00:00:02 . Memory (MB): peak = 2676.738 ; gain = 0.000

Phase 2.2 Update Timing before SLR Path Opt
Phase 2.2 Update Timing before SLR Path Opt | Checksum: 1d02bb9e1

Time (s): cpu = 00:00:04 ; elapsed = 00:00:02 . Memory (MB): peak = 2676.738 ; gain = 0.000

Phase 2.3 Post-Processing in Floorplanning
Phase 2.3 Post-Processing in Floorplanning | Checksum: 1d02bb9e1

Time (s): cpu = 00:00:04 ; elapsed = 00:00:02 . Memory (MB): peak = 2676.738 ; gain = 0.000

Phase 2.4 Global Placement Core

Phase 2.4.1 UpdateTiming Before Physical Synthesis
Phase 2.4.1 UpdateTiming Before Physical Synthesis | Checksum: 184c37536

Time (s): cpu = 00:00:20 ; elapsed = 00:00:13 . Memory (MB): peak = 2676.738 ; gain = 0.000

Phase 2.4.2 Physical Synthesis In Placer
INFO: [Physopt 32-1035] Found 5 LUTNM shape to break, 376 LUT instances to create LUTNM shape
INFO: [Physopt 32-1044] Break lutnm for timing: one critical 2, two critical 3, total 5, new lutff created 0
INFO: [Physopt 32-1138] End 1 Pass. Optimized 157 nets or LUTs. Breaked 5 LUTs, combined 152 existing LUTs and moved 0 existing LUT
INFO: [Physopt 32-65] No nets found for high-fanout optimization.
INFO: [Physopt 32-232] Optimized 0 net. Created 0 new instance.
INFO: [Physopt 32-775] End 1 Pass. Optimized 0 net or cell. Created 0 new cell, deleted 0 existing cell and moved 0 existing cell
INFO: [Physopt 32-456] No candidate cells for DSP register optimization found in the design.
INFO: [Physopt 32-775] End 2 Pass. Optimized 0 net or cell. Created 0 new cell, deleted 0 existing cell and moved 0 existing cell
INFO: [Physopt 32-1123] No candidate cells found for Shift Register to Pipeline optimization
INFO: [Physopt 32-775] End 2 Pass. Optimized 0 net or cell. Created 0 new cell, deleted 0 existing cell and moved 0 existing cell
INFO: [Physopt 32-775] End 1 Pass. Optimized 7 nets or cells. Created 7 new cells, deleted 0 existing cell and moved 0 existing cell
Netlist sorting complete. Time (s): cpu = 00:00:00 ; elapsed = 00:00:00.009 . Memory (MB): peak = 2676.738 ; gain = 0.000
INFO: [Physopt 32-526] No candidate cells for BRAM register optimization found in the design
INFO: [Physopt 32-775] End 1 Pass. Optimized 0 net or cell. Created 0 new cell, deleted 0 existing cell and moved 0 existing cell
INFO: [Physopt 32-846] No candidate cells for URAM register optimization found in the design
INFO: [Physopt 32-775] End 2 Pass. Optimized 0 net or cell. Created 0 new cell, deleted 0 existing cell and moved 0 existing cell
INFO: [Physopt 32-949] No candidate nets found for dynamic/static region interface net replication
INFO: [Physopt 32-775] End 1 Pass. Optimized 0 net or cell. Created 0 new cell, deleted 0 existing cell and moved 0 existing cell
Netlist sorting complete. Time (s): cpu = 00:00:00 ; elapsed = 00:00:00.007 . Memory (MB): peak = 2676.738 ; gain = 0.000

Summary of Physical Synthesis Optimizations
============================================


-----------------------------------------------------------------------------------------------------------------------------------------------------------
|  Optimization                                     |  Added Cells  |  Removed Cells  |  Optimized Cells/Nets  |  Dont Touch  |  Iterations  |  Elapsed   |
-----------------------------------------------------------------------------------------------------------------------------------------------------------
|  LUT Combining                                    |            5  |            152  |                   157  |           0  |           1  |  00:00:00  |
|  Retime                                           |            0  |              0  |                     0  |           0  |           1  |  00:00:00  |
|  Very High Fanout                                 |            0  |              0  |                     0  |           0  |           1  |  00:00:00  |
|  DSP Register                                     |            0  |              0  |                     0  |           0  |           1  |  00:00:00  |
|  Shift Register to Pipeline                       |            0  |              0  |                     0  |           0  |           1  |  00:00:00  |
|  Shift Register                                   |            7  |              0  |                     7  |           0  |           1  |  00:00:00  |
|  BRAM Register                                    |            0  |              0  |                     0  |           0  |           1  |  00:00:00  |
|  URAM Register                                    |            0  |              0  |                     0  |           0  |           1  |  00:00:00  |
|  Dynamic/Static Region Interface Net Replication  |            0  |              0  |                     0  |           0  |           1  |  00:00:00  |
|  Total                                            |           12  |            152  |                   164  |           0  |           9  |  00:00:00  |
-----------------------------------------------------------------------------------------------------------------------------------------------------------


Phase 2.4.2 Physical Synthesis In Placer | Checksum: fc2ffc40

Time (s): cpu = 00:00:21 ; elapsed = 00:00:14 . Memory (MB): peak = 2676.738 ; gain = 0.000
Phase 2.4 Global Placement Core | Checksum: 167bd5a2f

Time (s): cpu = 00:00:22 ; elapsed = 00:00:15 . Memory (MB): peak = 2676.738 ; gain = 0.000
Phase 2 Global Placement | Checksum: 167bd5a2f

Time (s): cpu = 00:00:22 ; elapsed = 00:00:15 . Memory (MB): peak = 2676.738 ; gain = 0.000

Phase 3 Detail Placement

Phase 3.1 Commit Multi Column Macros
Phase 3.1 Commit Multi Column Macros | Checksum: 1f90c363e

Time (s): cpu = 00:00:23 ; elapsed = 00:00:15 . Memory (MB): peak = 2676.738 ; gain = 0.000

Phase 3.2 Commit Most Macros & LUTRAMs
Phase 3.2 Commit Most Macros & LUTRAMs | Checksum: 221fb7323

Time (s): cpu = 00:00:24 ; elapsed = 00:00:16 . Memory (MB): peak = 2676.738 ; gain = 0.000

Phase 3.3 Area Swap Optimization
Phase 3.3 Area Swap Optimization | Checksum: 206802577

Time (s): cpu = 00:00:24 ; elapsed = 00:00:17 . Memory (MB): peak = 2676.738 ; gain = 0.000

Phase 3.4 Pipeline Register Optimization
Phase 3.4 Pipeline Register Optimization | Checksum: 224d1ae55

Time (s): cpu = 00:00:24 ; elapsed = 00:00:17 . Memory (MB): peak = 2676.738 ; gain = 0.000

Phase 3.5 Fast Optimization
Phase 3.5 Fast Optimization | Checksum: 17bdd5f0c

Time (s): cpu = 00:00:28 ; elapsed = 00:00:21 . Memory (MB): peak = 2676.738 ; gain = 0.000

Phase 3.6 Small Shape Detail Placement
Phase 3.6 Small Shape Detail Placement | Checksum: 1674903cb

Time (s): cpu = 00:00:31 ; elapsed = 00:00:25 . Memory (MB): peak = 2676.738 ; gain = 0.000

Phase 3.7 Re-assign LUT pins
Phase 3.7 Re-assign LUT pins | Checksum: 227c157e6

Time (s): cpu = 00:00:31 ; elapsed = 00:00:25 . Memory (MB): peak = 2676.738 ; gain = 0.000

Phase 3.8 Pipeline Register Optimization
Phase 3.8 Pipeline Register Optimization | Checksum: 1c0e2dcb6

Time (s): cpu = 00:00:31 ; elapsed = 00:00:25 . Memory (MB): peak = 2676.738 ; gain = 0.000

Phase 3.9 Fast Optimization
Phase 3.9 Fast Optimization | Checksum: 14aa7a1a5

Time (s): cpu = 00:00:38 ; elapsed = 00:00:33 . Memory (MB): peak = 2676.738 ; gain = 0.000
Phase 3 Detail Placement | Checksum: 14aa7a1a5

Time (s): cpu = 00:00:39 ; elapsed = 00:00:33 . Memory (MB): peak = 2676.738 ; gain = 0.000

Phase 4 Post Placement Optimization and Clean-Up

Phase 4.1 Post Commit Optimization
INFO: [Timing 38-35] Done setting XDC timing constraints.

Phase 4.1.1 Post Placement Optimization
Post Placement Optimization Initialization | Checksum: 127ee9ee6

Phase 4.1.1.1 BUFG Insertion

Starting Physical Synthesis Task

Phase 1 Physical Synthesis Initialization
INFO: [Physopt 32-721] Multithreading enabled for phys_opt_design using a maximum of 8 CPUs
INFO: [Physopt 32-619] Estimated Timing Summary | WNS=-1.481 | TNS=-282.855 |
Phase 1 Physical Synthesis Initialization | Checksum: a817b03c

Time (s): cpu = 00:00:01 ; elapsed = 00:00:00.193 . Memory (MB): peak = 2676.738 ; gain = 0.000
INFO: [Place 46-56] BUFG insertion identified 0 candidate nets. Inserted BUFG: 0, Replicated BUFG Driver: 0, Skipped due to Placement/Routing Conflicts: 0, Skipped due to Timing Degradation: 0, Skipped due to Illegal Netlist: 0.
Ending Physical Synthesis Task | Checksum: 10acc2839

Time (s): cpu = 00:00:01 ; elapsed = 00:00:00.313 . Memory (MB): peak = 2676.738 ; gain = 0.000
Phase 4.1.1.1 BUFG Insertion | Checksum: 127ee9ee6

Time (s): cpu = 00:00:42 ; elapsed = 00:00:35 . Memory (MB): peak = 2676.738 ; gain = 0.000

Phase 4.1.1.2 Post Placement Timing Optimization
INFO: [Place 30-746] Post Placement Timing Summary WNS=-0.735. For the most accurate timing information please run report_timing.
Phase 4.1.1.2 Post Placement Timing Optimization | Checksum: 156c005ea

Time (s): cpu = 00:01:08 ; elapsed = 00:01:04 . Memory (MB): peak = 2676.738 ; gain = 0.000

Time (s): cpu = 00:01:08 ; elapsed = 00:01:04 . Memory (MB): peak = 2676.738 ; gain = 0.000
Phase 4.1 Post Commit Optimization | Checksum: 156c005ea

Time (s): cpu = 00:01:08 ; elapsed = 00:01:04 . Memory (MB): peak = 2676.738 ; gain = 0.000

Phase 4.2 Post Placement Cleanup
Phase 4.2 Post Placement Cleanup | Checksum: 156c005ea

Time (s): cpu = 00:01:08 ; elapsed = 00:01:04 . Memory (MB): peak = 2676.738 ; gain = 0.000

Phase 4.3 Placer Reporting

Phase 4.3.1 Print Estimated Congestion
INFO: [Place 30-612] Post-Placement Estimated Congestion 
 ____________________________________________________
|           | Global Congestion | Short Congestion  |
| Direction | Region Size       | Region Size       |
|___________|___________________|___________________|
|      North|                1x1|                1x1|
|___________|___________________|___________________|
|      South|                1x1|                1x1|
|___________|___________________|___________________|
|       East|                1x1|                1x1|
|___________|___________________|___________________|
|       West|                1x1|                1x1|
|___________|___________________|___________________|

Phase 4.3.1 Print Estimated Congestion | Checksum: 156c005ea

Time (s): cpu = 00:01:08 ; elapsed = 00:01:04 . Memory (MB): peak = 2676.738 ; gain = 0.000
Phase 4.3 Placer Reporting | Checksum: 156c005ea

Time (s): cpu = 00:01:08 ; elapsed = 00:01:04 . Memory (MB): peak = 2676.738 ; gain = 0.000

Phase 4.4 Final Placement Cleanup
Netlist sorting complete. Time (s): cpu = 00:00:00 ; elapsed = 00:00:00.008 . Memory (MB): peak = 2676.738 ; gain = 0.000

Time (s): cpu = 00:01:08 ; elapsed = 00:01:04 . Memory (MB): peak = 2676.738 ; gain = 0.000
Phase 4 Post Placement Optimization and Clean-Up | Checksum: 13448b735

Time (s): cpu = 00:01:08 ; elapsed = 00:01:04 . Memory (MB): peak = 2676.738 ; gain = 0.000
Ending Placer Task | Checksum: 11f6b09b7

Time (s): cpu = 00:01:08 ; elapsed = 00:01:04 . Memory (MB): peak = 2676.738 ; gain = 0.000
INFO: [Common 17-83] Releasing license: Implementation
110 Infos, 13 Warnings, 0 Critical Warnings and 0 Errors encountered.
place_design completed successfully
place_design: Time (s): cpu = 00:01:09 ; elapsed = 00:01:05 . Memory (MB): peak = 2676.738 ; gain = 0.000
INFO: [Common 17-600] The following parameters have non-default value.
general.maxThreads
INFO: [Timing 38-480] Writing timing data to binary archive.
Writing XDEF routing.
Writing XDEF routing logical nets.
Writing XDEF routing special nets.
Write XDEF Complete: Time (s): cpu = 00:00:02 ; elapsed = 00:00:00.963 . Memory (MB): peak = 2676.738 ; gain = 0.000
INFO: [Common 17-1381] The checkpoint 'D:/viv/SpartanTracker/lab7_2/lab7_2.runs/impl_1/tracker_top_placed.dcp' has been generated.
INFO: [runtcl-4] Executing : report_io -file tracker_top_io_placed.rpt
report_io: Time (s): cpu = 00:00:00 ; elapsed = 00:00:00.042 . Memory (MB): peak = 2676.738 ; gain = 0.000
INFO: [runtcl-4] Executing : report_utilization -file tracker_top_utilization_placed.rpt -pb tracker_top_utilization_placed.pb
INFO: [runtcl-4] Executing : report_control_sets -verbose -file tracker_top_control_sets_placed.rpt
report_control_sets: Time (s): cpu = 00:00:00 ; elapsed = 00:00:00.040 . Memory (MB): peak = 2676.738 ; gain = 0.000
Command: phys_opt_design
Attempting to get a license for feature 'Implementation' and/or device 'xc7s50'
INFO: [Common 17-349] Got license for feature 'Implementation' and/or device 'xc7s50'

Starting Initial Update Timing Task

Time (s): cpu = 00:00:02 ; elapsed = 00:00:01 . Memory (MB): peak = 2676.738 ; gain = 0.000
INFO: [Vivado_Tcl 4-1435] PhysOpt_Tcl_Interface Runtime Before Starting Physical Synthesis Task | CPU: 2.00s |  WALL: 1.12s
Netlist sorting complete. Time (s): cpu = 00:00:00 ; elapsed = 00:00:00.007 . Memory (MB): peak = 2676.738 ; gain = 0.000

Starting Physical Synthesis Task

Phase 1 Physical Synthesis Initialization
INFO: [Physopt 32-721] Multithreading enabled for phys_opt_design using a maximum of 8 CPUs
INFO: [Physopt 32-619] Estimated Timing Summary | WNS=-0.735 | TNS=-179.388 |
Phase 1 Physical Synthesis Initialization | Checksum: 153be10e2

Time (s): cpu = 00:00:01 ; elapsed = 00:00:00.846 . Memory (MB): peak = 2676.738 ; gain = 0.000
INFO: [Physopt 32-619] Estimated Timing Summary | WNS=-0.735 | TNS=-179.388 |

Phase 2 DSP Register Optimization
INFO: [Physopt 32-456] No candidate cells for DSP register optimization found in the design.
INFO: [Physopt 32-775] End 2 Pass. Optimized 0 net or cell. Created 0 new cell, deleted 0 existing cell and moved 0 existing cell
Phase 2 DSP Register Optimization | Checksum: 153be10e2

Time (s): cpu = 00:00:01 ; elapsed = 00:00:00.896 . Memory (MB): peak = 2676.738 ; gain = 0.000

Phase 3 Critical Path Optimization
INFO: [Physopt 32-619] Estimated Timing Summary | WNS=-0.735 | TNS=-179.388 |
INFO: [Physopt 32-702] Processed net playback_phrase_i/channel_instance[3].Sine_inst/Q[5]. Optimizations did not improve timing on the net.
INFO: [Physopt 32-81] Processed net playback_phrase_i/row_reg[3]_0[1]. Replicated 1 times.
INFO: [Physopt 32-735] Processed net playback_phrase_i/row_reg[3]_0[1]. Optimization improves timing on the net.
INFO: [Physopt 32-619] Estimated Timing Summary | WNS=-0.730 | TNS=-179.068 |
INFO: [Physopt 32-702] Processed net playback_phrase_i/row_reg[3]_0[1]. Optimizations did not improve timing on the net.
INFO: [Physopt 32-702] Processed net playback_phrase_i/channel_instance[3].Sine_inst/sine_out1. Optimizations did not improve timing on the net.
INFO: [Physopt 32-702] Processed net playback_phrase_i/channel_instance[3].Sine_inst/sine_out1_inferred__0/i__carry_n_0. Optimizations did not improve timing on the net.
INFO: [Physopt 32-663] Processed net playback_phrase_i/channel_instance[3].Sine_inst/i__carry_i_1__11_n_0.  Re-placed instance playback_phrase_i/channel_instance[3].Sine_inst/i__carry_i_1__11
INFO: [Physopt 32-735] Processed net playback_phrase_i/channel_instance[3].Sine_inst/i__carry_i_1__11_n_0. Optimization improves timing on the net.
INFO: [Physopt 32-619] Estimated Timing Summary | WNS=-0.723 | TNS=-178.876 |
INFO: [Physopt 32-663] Processed net playback_phrase_i/channel_instance[1].Sine_inst/Q[10].  Re-placed instance playback_phrase_i/channel_instance[1].Sine_inst/sine_out_reg[10]
INFO: [Physopt 32-735] Processed net playback_phrase_i/channel_instance[1].Sine_inst/Q[10]. Optimization improves timing on the net.
INFO: [Physopt 32-619] Estimated Timing Summary | WNS=-0.723 | TNS=-179.082 |
INFO: [Physopt 32-663] Processed net playback_phrase_i/channel_instance[1].Sine_inst/Q[12].  Re-placed instance playback_phrase_i/channel_instance[1].Sine_inst/sine_out_reg[12]
INFO: [Physopt 32-735] Processed net playback_phrase_i/channel_instance[1].Sine_inst/Q[12]. Optimization improves timing on the net.
INFO: [Physopt 32-619] Estimated Timing Summary | WNS=-0.723 | TNS=-179.290 |
INFO: [Physopt 32-663] Processed net playback_phrase_i/channel_instance[1].Sine_inst/Q[14].  Re-placed instance playback_phrase_i/channel_instance[1].Sine_inst/sine_out_reg[14]
INFO: [Physopt 32-735] Processed net playback_phrase_i/channel_instance[1].Sine_inst/Q[14]. Optimization improves timing on the net.
INFO: [Physopt 32-619] Estimated Timing Summary | WNS=-0.723 | TNS=-179.510 |
INFO: [Physopt 32-702] Processed net playback_phrase_i/channel_instance[1].Sine_inst/Q[3]. Optimizations did not improve timing on the net.
INFO: [Physopt 32-81] Processed net PhraseData_1/PhraseRegs_1_reg[3]_19[2]. Replicated 1 times.
INFO: [Physopt 32-735] Processed net PhraseData_1/PhraseRegs_1_reg[3]_19[2]. Optimization improves timing on the net.
INFO: [Physopt 32-619] Estimated Timing Summary | WNS=-0.722 | TNS=-179.474 |
INFO: [Physopt 32-81] Processed net playback_phrase_i/row_reg[3]_0[0]. Replicated 3 times.
INFO: [Physopt 32-735] Processed net playback_phrase_i/row_reg[3]_0[0]. Optimization improves timing on the net.
INFO: [Physopt 32-619] Estimated Timing Summary | WNS=-0.718 | TNS=-179.114 |
INFO: [Physopt 32-702] Processed net playback_phrase_i/channel_instance[3].Sine_inst/i__carry_i_1__11_n_0. Optimizations did not improve timing on the net.
INFO: [Physopt 32-702] Processed net playback_phrase_i/channel_instance[3].Sine_inst/p_1_in[5]. Optimizations did not improve timing on the net.
INFO: [Physopt 32-702] Processed net PhraseData_1/row_reg[3]_2[7]. Optimizations did not improve timing on the net.
INFO: [Physopt 32-702] Processed net PhraseData_1/sine_out4_i_11__2_n_0. Optimizations did not improve timing on the net.
INFO: [Physopt 32-702] Processed net PhraseData_1/sine_out4_i_39__2_n_0. Optimizations did not improve timing on the net.
INFO: [Physopt 32-702] Processed net playback_phrase_i/channel_instance[3].Sine_inst/sine_out3[1]. Optimizations did not improve timing on the net.
INFO: [Physopt 32-702] Processed net clk_100MHz_IBUF. Optimizations did not improve timing on the net.
INFO: [Physopt 32-702] Processed net clk_100MHz. Optimizations did not improve timing on the net.
INFO: [Physopt 32-663] Processed net mb_block_i/hdmi_tc_v2_0/inst/vga_to_hdmi/inst/srldly_0/srlopt_n_5.  Re-placed instance mb_block_i/hdmi_tc_v2_0/inst/vga_to_hdmi/inst/srldly_0/srl[20].srl16_i_srlopt
INFO: [Physopt 32-735] Processed net mb_block_i/hdmi_tc_v2_0/inst/vga_to_hdmi/inst/srldly_0/srlopt_n_5. Optimization improves timing on the net.
INFO: [Physopt 32-619] Estimated Timing Summary | WNS=-0.718 | TNS=-179.027 |
INFO: [Physopt 32-663] Processed net mb_block_i/hdmi_tc_v2_0/inst/vga_to_hdmi/inst/srldly_0/srlopt_n_6.  Re-placed instance mb_block_i/hdmi_tc_v2_0/inst/vga_to_hdmi/inst/srldly_0/srl[31].srl16_i_srlopt
INFO: [Physopt 32-735] Processed net mb_block_i/hdmi_tc_v2_0/inst/vga_to_hdmi/inst/srldly_0/srlopt_n_6. Optimization improves timing on the net.
INFO: [Physopt 32-619] Estimated Timing Summary | WNS=-0.718 | TNS=-178.795 |
INFO: [Physopt 32-702] Processed net mb_block_i/hdmi_tc_v2_0/inst/vga_to_hdmi/inst/srldly_0/data_o[20]. Optimizations did not improve timing on the net.
INFO: [Physopt 32-702] Processed net mb_block_i/clk_wiz_0/inst/clk_out1_mb_block_clk_wiz_0_0. Optimizations did not improve timing on the net.
INFO: [Physopt 32-702] Processed net mb_block_i/hdmi_tc_v2_0/inst/vga/hc_reg[2]_0. Optimizations did not improve timing on the net.
INFO: [Physopt 32-608] Optimized 1 net.  Swapped 23 pins.
INFO: [Physopt 32-735] Processed net mb_block_i/hdmi_tc_v2_0/inst/vga/vga_to_hdmi_i_48_n_0. Optimization improves timing on the net.
INFO: [Physopt 32-619] Estimated Timing Summary | WNS=-0.718 | TNS=-177.623 |
INFO: [Physopt 32-702] Processed net mb_block_i/hdmi_tc_v2_0/inst/vga/vga_to_hdmi_i_48_n_0. Optimizations did not improve timing on the net.
INFO: [Physopt 32-702] Processed net mb_block_i/hdmi_tc_v2_0/inst/hdmi_text_controller_v1_0_AXI_inst/DEVICE_7SERIES.NO_BMM_INFO.TRUE_DP.SIMPLE_PRIM36.ram. Optimizations did not improve timing on the net.
INFO: [Physopt 32-702] Processed net mb_block_i/hdmi_tc_v2_0/inst/hdmi_text_controller_v1_0_AXI_inst/vga_to_hdmi_i_63_n_0. Optimizations did not improve timing on the net.
INFO: [Physopt 32-608] Optimized 1 net.  Swapped 24 pins.
INFO: [Physopt 32-735] Processed net mb_block_i/hdmi_tc_v2_0/inst/hdmi_text_controller_v1_0_AXI_inst/vga_to_hdmi_i_84_n_0. Optimization improves timing on the net.
INFO: [Physopt 32-619] Estimated Timing Summary | WNS=-0.718 | TNS=-176.681 |
INFO: [Physopt 32-702] Processed net mb_block_i/hdmi_tc_v2_0/inst/vga_to_hdmi/inst/srldly_0/data_o[26]. Optimizations did not improve timing on the net.
INFO: [Physopt 32-663] Processed net mb_block_i/hdmi_tc_v2_0/inst/hdmi_text_controller_v1_0_AXI_inst/vga_to_hdmi_i_31_n_0.  Re-placed instance mb_block_i/hdmi_tc_v2_0/inst/hdmi_text_controller_v1_0_AXI_inst/vga_to_hdmi_i_31
INFO: [Physopt 32-735] Processed net mb_block_i/hdmi_tc_v2_0/inst/hdmi_text_controller_v1_0_AXI_inst/vga_to_hdmi_i_31_n_0. Optimization improves timing on the net.
INFO: [Physopt 32-619] Estimated Timing Summary | WNS=-0.718 | TNS=-176.560 |
INFO: [Physopt 32-702] Processed net mb_block_i/hdmi_tc_v2_0/inst/hdmi_text_controller_v1_0_AXI_inst/vga_to_hdmi_i_84_n_0. Optimizations did not improve timing on the net.
INFO: [Physopt 32-663] Processed net mb_block_i/hdmi_tc_v2_0/inst/hdmi_text_controller_v1_0_AXI_inst/vga_to_hdmi_i_143_n_0.  Re-placed instance mb_block_i/hdmi_tc_v2_0/inst/hdmi_text_controller_v1_0_AXI_inst/vga_to_hdmi_i_143
INFO: [Physopt 32-735] Processed net mb_block_i/hdmi_tc_v2_0/inst/hdmi_text_controller_v1_0_AXI_inst/vga_to_hdmi_i_143_n_0. Optimization improves timing on the net.
INFO: [Physopt 32-619] Estimated Timing Summary | WNS=-0.718 | TNS=-175.491 |
INFO: [Physopt 32-710] Processed net mb_block_i/hdmi_tc_v2_0/inst/hdmi_text_controller_v1_0_AXI_inst/green[0]. Critical path length was reduced through logic transformation on cell mb_block_i/hdmi_tc_v2_0/inst/hdmi_text_controller_v1_0_AXI_inst/vga_to_hdmi_i_8_comp.
INFO: [Physopt 32-735] Processed net mb_block_i/hdmi_tc_v2_0/inst/hdmi_text_controller_v1_0_AXI_inst/vga_to_hdmi_i_31_n_0. Optimization improves timing on the net.
INFO: [Physopt 32-619] Estimated Timing Summary | WNS=-0.718 | TNS=-175.228 |
INFO: [Physopt 32-702] Processed net mb_block_i/hdmi_tc_v2_0/inst/vga/vga_to_hdmi_i_49_n_0. Optimizations did not improve timing on the net.
INFO: [Physopt 32-702] Processed net mb_block_i/hdmi_tc_v2_0/inst/vga/data4. Optimizations did not improve timing on the net.
INFO: [Physopt 32-702] Processed net mb_block_i/hdmi_tc_v2_0/inst/vga/vga_to_hdmi_i_73_n_0. Optimizations did not improve timing on the net.
INFO: [Physopt 32-608] Optimized 1 net.  Swapped 24 pins.
INFO: [Physopt 32-735] Processed net mb_block_i/hdmi_tc_v2_0/inst/vga/vga_to_hdmi_i_105_n_0. Optimization improves timing on the net.
INFO: [Physopt 32-619] Estimated Timing Summary | WNS=-0.718 | TNS=-174.433 |
INFO: [Physopt 32-663] Processed net mb_block_i/hdmi_tc_v2_0/inst/hdmi_text_controller_v1_0_AXI_inst/vga_to_hdmi_i_19_n_0.  Re-placed instance mb_block_i/hdmi_tc_v2_0/inst/hdmi_text_controller_v1_0_AXI_inst/vga_to_hdmi_i_19
INFO: [Physopt 32-735] Processed net mb_block_i/hdmi_tc_v2_0/inst/hdmi_text_controller_v1_0_AXI_inst/vga_to_hdmi_i_19_n_0. Optimization improves timing on the net.
INFO: [Physopt 32-619] Estimated Timing Summary | WNS=-0.718 | TNS=-174.320 |
INFO: [Physopt 32-702] Processed net mb_block_i/hdmi_tc_v2_0/inst/vga_to_hdmi/inst/srldly_0/data_o[28]. Optimizations did not improve timing on the net.
INFO: [Physopt 32-663] Processed net mb_block_i/hdmi_tc_v2_0/inst/hdmi_text_controller_v1_0_AXI_inst/vga_to_hdmi_i_27_n_0.  Re-placed instance mb_block_i/hdmi_tc_v2_0/inst/hdmi_text_controller_v1_0_AXI_inst/vga_to_hdmi_i_27
INFO: [Physopt 32-735] Processed net mb_block_i/hdmi_tc_v2_0/inst/hdmi_text_controller_v1_0_AXI_inst/vga_to_hdmi_i_27_n_0. Optimization improves timing on the net.
INFO: [Physopt 32-619] Estimated Timing Summary | WNS=-0.718 | TNS=-174.235 |
INFO: [Physopt 32-702] Processed net mb_block_i/hdmi_tc_v2_0/inst/vga_to_hdmi/inst/srldly_0/srlopt_n_6. Optimizations did not improve timing on the net.
INFO: [Physopt 32-663] Processed net mb_block_i/hdmi_tc_v2_0/inst/hdmi_text_controller_v1_0_AXI_inst/vga_to_hdmi_i_25_n_0.  Re-placed instance mb_block_i/hdmi_tc_v2_0/inst/hdmi_text_controller_v1_0_AXI_inst/vga_to_hdmi_i_25
INFO: [Physopt 32-735] Processed net mb_block_i/hdmi_tc_v2_0/inst/hdmi_text_controller_v1_0_AXI_inst/vga_to_hdmi_i_25_n_0. Optimization improves timing on the net.
INFO: [Physopt 32-619] Estimated Timing Summary | WNS=-0.718 | TNS=-174.123 |
INFO: [Physopt 32-702] Processed net mb_block_i/hdmi_tc_v2_0/inst/vga_to_hdmi/inst/srldly_0/data_o[34]. Optimizations did not improve timing on the net.
INFO: [Physopt 32-663] Processed net mb_block_i/hdmi_tc_v2_0/inst/hdmi_text_controller_v1_0_AXI_inst/vga_to_hdmi_i_39_n_0.  Re-placed instance mb_block_i/hdmi_tc_v2_0/inst/hdmi_text_controller_v1_0_AXI_inst/vga_to_hdmi_i_39
INFO: [Physopt 32-735] Processed net mb_block_i/hdmi_tc_v2_0/inst/hdmi_text_controller_v1_0_AXI_inst/vga_to_hdmi_i_39_n_0. Optimization improves timing on the net.
INFO: [Physopt 32-619] Estimated Timing Summary | WNS=-0.718 | TNS=-174.075 |
INFO: [Physopt 32-663] Processed net mb_block_i/hdmi_tc_v2_0/inst/vga_to_hdmi/inst/srldly_0/srlopt_n_2.  Re-placed instance mb_block_i/hdmi_tc_v2_0/inst/vga_to_hdmi/inst/srldly_0/srl[38].srl16_i_srlopt
INFO: [Physopt 32-735] Processed net mb_block_i/hdmi_tc_v2_0/inst/vga_to_hdmi/inst/srldly_0/srlopt_n_2. Optimization improves timing on the net.
INFO: [Physopt 32-619] Estimated Timing Summary | WNS=-0.718 | TNS=-173.971 |
INFO: [Physopt 32-702] Processed net mb_block_i/hdmi_tc_v2_0/inst/vga/vga_to_hdmi_i_74_n_0. Optimizations did not improve timing on the net.
INFO: [Physopt 32-608] Optimized 1 net.  Swapped 24 pins.
INFO: [Physopt 32-735] Processed net mb_block_i/hdmi_tc_v2_0/inst/vga/vga_to_hdmi_i_106_n_0. Optimization improves timing on the net.
INFO: [Physopt 32-619] Estimated Timing Summary | WNS=-0.718 | TNS=-173.955 |
INFO: [Physopt 32-663] Processed net mb_block_i/microblaze_0/U0/MicroBlaze_Core_I/Area.Core/Data_Flow_I/Operand_Select_I/OpSelect_Bits[25].Operand_Select_Bit_I/Op2_DFF/Using_FPGA.Native_0.  Re-placed instance mb_block_i/microblaze_0/U0/MicroBlaze_Core_I/Area.Core/Data_Flow_I/Operand_Select_I/OpSelect_Bits[25].Operand_Select_Bit_I/Op2_DFF/Using_FPGA.Native
INFO: [Physopt 32-735] Processed net mb_block_i/microblaze_0/U0/MicroBlaze_Core_I/Area.Core/Data_Flow_I/Operand_Select_I/OpSelect_Bits[25].Operand_Select_Bit_I/Op2_DFF/Using_FPGA.Native_0. Optimization improves timing on the net.
INFO: [Physopt 32-619] Estimated Timing Summary | WNS=-0.718 | TNS=-173.870 |
INFO: [Physopt 32-608] Optimized 1 net.  Swapped 24 pins.
INFO: [Physopt 32-735] Processed net mb_block_i/hdmi_tc_v2_0/inst/vga/vga_to_hdmi_i_106_n_0. Optimization improves timing on the net.
INFO: [Physopt 32-619] Estimated Timing Summary | WNS=-0.718 | TNS=-173.830 |
INFO: [Physopt 32-702] Processed net mb_block_i/hdmi_tc_v2_0/inst/vga/data3. Optimizations did not improve timing on the net.
INFO: [Physopt 32-702] Processed net mb_block_i/hdmi_tc_v2_0/inst/vga/vga_to_hdmi_i_60_n_0. Optimizations did not improve timing on the net.
INFO: [Physopt 32-608] Optimized 1 net.  Swapped 24 pins.
INFO: [Physopt 32-735] Processed net mb_block_i/hdmi_tc_v2_0/inst/vga/vga_to_hdmi_i_79_n_0. Optimization improves timing on the net.
INFO: [Physopt 32-619] Estimated Timing Summary | WNS=-0.718 | TNS=-173.752 |
INFO: [Physopt 32-702] Processed net mb_block_i/hdmi_tc_v2_0/inst/vga/vga_to_hdmi_i_59_n_0. Optimizations did not improve timing on the net.
INFO: [Physopt 32-702] Processed net mb_block_i/hdmi_tc_v2_0/inst/vga/vga_to_hdmi_i_76_n_0. Optimizations did not improve timing on the net.
INFO: [Physopt 32-702] Processed net mb_block_i/hdmi_tc_v2_0/inst/vga/vga_to_hdmi_i_108_n_0. Optimizations did not improve timing on the net.
INFO: [Physopt 32-663] Processed net mb_block_i/hdmi_tc_v2_0/inst/vga/g7_b2_n_0.  Re-placed instance mb_block_i/hdmi_tc_v2_0/inst/vga/g7_b2
INFO: [Physopt 32-735] Processed net mb_block_i/hdmi_tc_v2_0/inst/vga/g7_b2_n_0. Optimization improves timing on the net.
INFO: [Physopt 32-619] Estimated Timing Summary | WNS=-0.718 | TNS=-173.749 |
INFO: [Physopt 32-702] Processed net mb_block_i/hdmi_tc_v2_0/inst/vga/vga_to_hdmi_i_77_n_0. Optimizations did not improve timing on the net.
INFO: [Physopt 32-702] Processed net mb_block_i/hdmi_tc_v2_0/inst/vga/vga_to_hdmi_i_116_n_0. Optimizations did not improve timing on the net.
INFO: [Physopt 32-663] Processed net mb_block_i/hdmi_tc_v2_0/inst/vga/g10_b2_n_0.  Re-placed instance mb_block_i/hdmi_tc_v2_0/inst/vga/g10_b2
INFO: [Physopt 32-735] Processed net mb_block_i/hdmi_tc_v2_0/inst/vga/g10_b2_n_0. Optimization improves timing on the net.
INFO: [Physopt 32-619] Estimated Timing Summary | WNS=-0.718 | TNS=-173.740 |
INFO: [Physopt 32-608] Optimized 1 net.  Swapped 24 pins.
INFO: [Physopt 32-735] Processed net mb_block_i/hdmi_tc_v2_0/inst/vga/vga_to_hdmi_i_107_n_0. Optimization improves timing on the net.
INFO: [Physopt 32-619] Estimated Timing Summary | WNS=-0.718 | TNS=-173.734 |
INFO: [Physopt 32-608] Optimized 1 net.  Swapped 24 pins.
INFO: [Physopt 32-735] Processed net mb_block_i/hdmi_tc_v2_0/inst/vga/vga_to_hdmi_i_105_n_0. Optimization improves timing on the net.
INFO: [Physopt 32-619] Estimated Timing Summary | WNS=-0.718 | TNS=-173.712 |
INFO: [Physopt 32-702] Processed net mb_block_i/hdmi_tc_v2_0/inst/vga/data0. Optimizations did not improve timing on the net.
INFO: [Physopt 32-702] Processed net mb_block_i/hdmi_tc_v2_0/inst/vga/vga_to_hdmi_i_66_n_0. Optimizations did not improve timing on the net.
INFO: [Physopt 32-702] Processed net mb_block_i/hdmi_tc_v2_0/inst/vga/vga_to_hdmi_i_91_n_0. Optimizations did not improve timing on the net.
INFO: [Physopt 32-702] Processed net mb_block_i/hdmi_tc_v2_0/inst/vga/vga_to_hdmi_i_160_n_0. Optimizations did not improve timing on the net.
INFO: [Physopt 32-663] Processed net mb_block_i/hdmi_tc_v2_0/inst/vga/g28_b7_n_0.  Re-placed instance mb_block_i/hdmi_tc_v2_0/inst/vga/g28_b7
INFO: [Physopt 32-735] Processed net mb_block_i/hdmi_tc_v2_0/inst/vga/g28_b7_n_0. Optimization improves timing on the net.
INFO: [Physopt 32-619] Estimated Timing Summary | WNS=-0.718 | TNS=-173.702 |
INFO: [Physopt 32-702] Processed net mb_block_i/hdmi_tc_v2_0/inst/vga/vga_to_hdmi_i_78_n_0. Optimizations did not improve timing on the net.
INFO: [Physopt 32-702] Processed net mb_block_i/hdmi_tc_v2_0/inst/vga/vga_to_hdmi_i_118_n_0. Optimizations did not improve timing on the net.
INFO: [Physopt 32-663] Processed net mb_block_i/hdmi_tc_v2_0/inst/vga/g23_b2_n_0.  Re-placed instance mb_block_i/hdmi_tc_v2_0/inst/vga/g23_b2
INFO: [Physopt 32-735] Processed net mb_block_i/hdmi_tc_v2_0/inst/vga/g23_b2_n_0. Optimization improves timing on the net.
INFO: [Physopt 32-619] Estimated Timing Summary | WNS=-0.718 | TNS=-173.702 |
INFO: [Physopt 32-663] Processed net mb_block_i/hdmi_tc_v2_0/inst/vga/g11_b2_n_0.  Re-placed instance mb_block_i/hdmi_tc_v2_0/inst/vga/g11_b2
INFO: [Physopt 32-735] Processed net mb_block_i/hdmi_tc_v2_0/inst/vga/g11_b2_n_0. Optimization improves timing on the net.
INFO: [Physopt 32-619] Estimated Timing Summary | WNS=-0.718 | TNS=-173.697 |
INFO: [Physopt 32-702] Processed net mb_block_i/hdmi_tc_v2_0/inst/vga/vga_to_hdmi_i_105_n_0. Optimizations did not improve timing on the net.
INFO: [Physopt 32-608] Optimized 1 net.  Swapped 22 pins.
INFO: [Physopt 32-735] Processed net mb_block_i/hdmi_tc_v2_0/inst/vga/vga_to_hdmi_i_215_n_0. Optimization improves timing on the net.
INFO: [Physopt 32-619] Estimated Timing Summary | WNS=-0.718 | TNS=-173.692 |
INFO: [Physopt 32-710] Processed net mb_block_i/hdmi_tc_v2_0/inst/hdmi_text_controller_v1_0_AXI_inst/blue[0]. Critical path length was reduced through logic transformation on cell mb_block_i/hdmi_tc_v2_0/inst/hdmi_text_controller_v1_0_AXI_inst/vga_to_hdmi_i_12_comp.
INFO: [Physopt 32-735] Processed net mb_block_i/hdmi_tc_v2_0/inst/hdmi_text_controller_v1_0_AXI_inst/vga_to_hdmi_i_39_n_0. Optimization improves timing on the net.
INFO: [Physopt 32-619] Estimated Timing Summary | WNS=-0.718 | TNS=-173.665 |
INFO: [Physopt 32-702] Processed net mb_block_i/hdmi_tc_v2_0/inst/vga/data2. Optimizations did not improve timing on the net.
INFO: [Physopt 32-702] Processed net mb_block_i/hdmi_tc_v2_0/inst/vga/vga_to_hdmi_i_62_n_0. Optimizations did not improve timing on the net.
INFO: [Physopt 32-608] Optimized 1 net.  Swapped 24 pins.
INFO: [Physopt 32-735] Processed net mb_block_i/hdmi_tc_v2_0/inst/vga/vga_to_hdmi_i_83_n_0. Optimization improves timing on the net.
INFO: [Physopt 32-619] Estimated Timing Summary | WNS=-0.718 | TNS=-173.663 |
INFO: [Physopt 32-702] Processed net mb_block_i/hdmi_tc_v2_0/inst/vga/vga_to_hdmi_i_106_n_0. Optimizations did not improve timing on the net.
INFO: [Physopt 32-702] Processed net mb_block_i/hdmi_tc_v2_0/inst/vga/vga_to_hdmi_i_221_n_0. Optimizations did not improve timing on the net.
INFO: [Physopt 32-663] Processed net mb_block_i/hdmi_tc_v2_0/inst/vga/g18_b3_n_0.  Re-placed instance mb_block_i/hdmi_tc_v2_0/inst/vga/g18_b3
INFO: [Physopt 32-735] Processed net mb_block_i/hdmi_tc_v2_0/inst/vga/g18_b3_n_0. Optimization improves timing on the net.
INFO: [Physopt 32-619] Estimated Timing Summary | WNS=-0.718 | TNS=-173.656 |
INFO: [Physopt 32-663] Processed net mb_block_i/hdmi_tc_v2_0/inst/vga/g29_b7_n_0.  Re-placed instance mb_block_i/hdmi_tc_v2_0/inst/vga/g29_b7
INFO: [Physopt 32-735] Processed net mb_block_i/hdmi_tc_v2_0/inst/vga/g29_b7_n_0. Optimization improves timing on the net.
INFO: [Physopt 32-619] Estimated Timing Summary | WNS=-0.718 | TNS=-173.651 |
INFO: [Physopt 32-702] Processed net mb_block_i/hdmi_tc_v2_0/inst/vga/g7_b2_n_0. Optimizations did not improve timing on the net.
INFO: [Physopt 32-81] Processed net mb_block_i/hdmi_tc_v2_0/inst/hdmi_text_controller_v1_0_AXI_inst/A[0]. Replicated 7 times.
INFO: [Physopt 32-735] Processed net mb_block_i/hdmi_tc_v2_0/inst/hdmi_text_controller_v1_0_AXI_inst/A[0]. Optimization improves timing on the net.
INFO: [Physopt 32-619] Estimated Timing Summary | WNS=-0.718 | TNS=-173.648 |
INFO: [Physopt 32-702] Processed net mb_block_i/hdmi_tc_v2_0/inst/vga/vga_to_hdmi_i_219_n_0. Optimizations did not improve timing on the net.
INFO: [Physopt 32-663] Processed net mb_block_i/hdmi_tc_v2_0/inst/vga/g23_b3_n_0.  Re-placed instance mb_block_i/hdmi_tc_v2_0/inst/vga/g23_b3
INFO: [Physopt 32-735] Processed net mb_block_i/hdmi_tc_v2_0/inst/vga/g23_b3_n_0. Optimization improves timing on the net.
INFO: [Physopt 32-619] Estimated Timing Summary | WNS=-0.718 | TNS=-173.638 |
INFO: [Physopt 32-702] Processed net playback_phrase_i/channel_instance[3].Sine_inst/Q[5]. Optimizations did not improve timing on the net.
INFO: [Physopt 32-702] Processed net playback_phrase_i/row_reg[3]_0[1]. Optimizations did not improve timing on the net.
INFO: [Physopt 32-702] Processed net playback_phrase_i/channel_instance[3].Sine_inst/sine_out1. Optimizations did not improve timing on the net.
INFO: [Physopt 32-702] Processed net playback_phrase_i/channel_instance[3].Sine_inst/i__carry_i_1__11_n_0. Optimizations did not improve timing on the net.
INFO: [Physopt 32-702] Processed net playback_phrase_i/channel_instance[3].Sine_inst/p_1_in[5]. Optimizations did not improve timing on the net.
INFO: [Physopt 32-702] Processed net PhraseData_1/row_reg[3]_2[7]. Optimizations did not improve timing on the net.
INFO: [Physopt 32-702] Processed net PhraseData_1/sine_out4_i_11__2_n_0. Optimizations did not improve timing on the net.
INFO: [Physopt 32-702] Processed net PhraseData_1/sine_out4_i_39__2_n_0. Optimizations did not improve timing on the net.
INFO: [Physopt 32-702] Processed net playback_phrase_i/channel_instance[3].Sine_inst/sine_out3[1]. Optimizations did not improve timing on the net.
INFO: [Physopt 32-702] Processed net clk_100MHz_IBUF. Optimizations did not improve timing on the net.
INFO: [Physopt 32-702] Processed net clk_100MHz. Optimizations did not improve timing on the net.
INFO: [Physopt 32-619] Estimated Timing Summary | WNS=-0.718 | TNS=-173.638 |
Phase 3 Critical Path Optimization | Checksum: 153be10e2

Time (s): cpu = 00:00:09 ; elapsed = 00:00:06 . Memory (MB): peak = 2676.738 ; gain = 0.000

Phase 4 Critical Path Optimization
INFO: [Physopt 32-619] Estimated Timing Summary | WNS=-0.718 | TNS=-173.638 |
INFO: [Physopt 32-702] Processed net playback_phrase_i/channel_instance[3].Sine_inst/Q[5]. Optimizations did not improve timing on the net.
INFO: [Physopt 32-702] Processed net playback_phrase_i/row_reg[3]_0[1]. Optimizations did not improve timing on the net.
INFO: [Physopt 32-702] Processed net playback_phrase_i/channel_instance[3].Sine_inst/sine_out1. Optimizations did not improve timing on the net.
INFO: [Physopt 32-702] Processed net playback_phrase_i/channel_instance[3].Sine_inst/sine_out1_inferred__0/i__carry_n_0. Optimizations did not improve timing on the net.
INFO: [Physopt 32-702] Processed net playback_phrase_i/channel_instance[3].Sine_inst/i__carry_i_1__11_n_0. Optimizations did not improve timing on the net.
INFO: [Physopt 32-702] Processed net playback_phrase_i/channel_instance[3].Sine_inst/p_1_in[5]. Optimizations did not improve timing on the net.
INFO: [Physopt 32-702] Processed net PhraseData_1/row_reg[3]_2[7]. Optimizations did not improve timing on the net.
INFO: [Physopt 32-702] Processed net PhraseData_1/sine_out4_i_11__2_n_0. Optimizations did not improve timing on the net.
INFO: [Physopt 32-702] Processed net PhraseData_1/sine_out4_i_39__2_n_0. Optimizations did not improve timing on the net.
INFO: [Physopt 32-702] Processed net playback_phrase_i/channel_instance[3].Sine_inst/sine_out3[1]. Optimizations did not improve timing on the net.
INFO: [Physopt 32-702] Processed net clk_100MHz_IBUF. Optimizations did not improve timing on the net.
INFO: [Physopt 32-702] Processed net clk_100MHz. Optimizations did not improve timing on the net.
INFO: [Physopt 32-702] Processed net playback_phrase_i/channel_instance[3].Sine_inst/Q[5]. Optimizations did not improve timing on the net.
INFO: [Physopt 32-702] Processed net playback_phrase_i/row_reg[3]_0[1]. Optimizations did not improve timing on the net.
INFO: [Physopt 32-702] Processed net playback_phrase_i/channel_instance[3].Sine_inst/sine_out1. Optimizations did not improve timing on the net.
INFO: [Physopt 32-702] Processed net playback_phrase_i/channel_instance[3].Sine_inst/i__carry_i_1__11_n_0. Optimizations did not improve timing on the net.
INFO: [Physopt 32-702] Processed net playback_phrase_i/channel_instance[3].Sine_inst/p_1_in[5]. Optimizations did not improve timing on the net.
INFO: [Physopt 32-702] Processed net PhraseData_1/row_reg[3]_2[7]. Optimizations did not improve timing on the net.
INFO: [Physopt 32-702] Processed net PhraseData_1/sine_out4_i_11__2_n_0. Optimizations did not improve timing on the net.
INFO: [Physopt 32-702] Processed net PhraseData_1/sine_out4_i_39__2_n_0. Optimizations did not improve timing on the net.
INFO: [Physopt 32-702] Processed net playback_phrase_i/channel_instance[3].Sine_inst/sine_out3[1]. Optimizations did not improve timing on the net.
INFO: [Physopt 32-702] Processed net clk_100MHz_IBUF. Optimizations did not improve timing on the net.
INFO: [Physopt 32-702] Processed net clk_100MHz. Optimizations did not improve timing on the net.
INFO: [Physopt 32-619] Estimated Timing Summary | WNS=-0.718 | TNS=-173.638 |
Phase 4 Critical Path Optimization | Checksum: 153be10e2

Time (s): cpu = 00:00:10 ; elapsed = 00:00:06 . Memory (MB): peak = 2676.738 ; gain = 0.000
Netlist sorting complete. Time (s): cpu = 00:00:00 ; elapsed = 00:00:00.021 . Memory (MB): peak = 2676.738 ; gain = 0.000
INFO: [Physopt 32-603] Post Physical Optimization Timing Summary | WNS=-0.718 | TNS=-173.638 |

Summary of Physical Synthesis Optimizations
============================================


-------------------------------------------------------------------------------------------------------------------------------------------------------------
|  Optimization   |  WNS Gain (ns)  |  TNS Gain (ns)  |  Added Cells  |  Removed Cells  |  Optimized Cells/Nets  |  Dont Touch  |  Iterations  |  Elapsed   |
-------------------------------------------------------------------------------------------------------------------------------------------------------------
|  DSP Register   |          0.000  |          0.000  |            0  |              0  |                     0  |           0  |           1  |  00:00:00  |
|  Critical Path  |          0.017  |          5.750  |           12  |              0  |                    38  |           0  |           2  |  00:00:05  |
|  Total          |          0.017  |          5.750  |           12  |              0  |                    38  |           0  |           3  |  00:00:05  |
-------------------------------------------------------------------------------------------------------------------------------------------------------------


Netlist sorting complete. Time (s): cpu = 00:00:00 ; elapsed = 00:00:00.005 . Memory (MB): peak = 2676.738 ; gain = 0.000
Ending Physical Synthesis Task | Checksum: 118a9399c

Time (s): cpu = 00:00:10 ; elapsed = 00:00:06 . Memory (MB): peak = 2676.738 ; gain = 0.000
INFO: [Common 17-83] Releasing license: Implementation
325 Infos, 13 Warnings, 0 Critical Warnings and 0 Errors encountered.
phys_opt_design completed successfully
phys_opt_design: Time (s): cpu = 00:00:12 ; elapsed = 00:00:07 . Memory (MB): peak = 2676.738 ; gain = 0.000
INFO: [Common 17-600] The following parameters have non-default value.
general.maxThreads
INFO: [Timing 38-480] Writing timing data to binary archive.
Writing XDEF routing.
Writing XDEF routing logical nets.
Writing XDEF routing special nets.
Write XDEF Complete: Time (s): cpu = 00:00:03 ; elapsed = 00:00:00.924 . Memory (MB): peak = 2676.738 ; gain = 0.000
INFO: [Common 17-1381] The checkpoint 'D:/viv/SpartanTracker/lab7_2/lab7_2.runs/impl_1/tracker_top_physopt.dcp' has been generated.
Command: route_design
Attempting to get a license for feature 'Implementation' and/or device 'xc7s50'
INFO: [Common 17-349] Got license for feature 'Implementation' and/or device 'xc7s50'
INFO: [DRC 23-27] Running DRC with 8 threads
INFO: [Vivado_Tcl 4-198] DRC finished with 0 Errors
INFO: [Vivado_Tcl 4-199] Please refer to the DRC report (report_drc) for more information.
Running DRC as a precondition to command route_design
INFO: [DRC 23-27] Running DRC with 8 threads
INFO: [Vivado_Tcl 4-198] DRC finished with 0 Errors
INFO: [Vivado_Tcl 4-199] Please refer to the DRC report (report_drc) for more information.


Starting Routing Task
INFO: [Route 35-254] Multithreading enabled for route_design using a maximum of 8 CPUs

Phase 1 Build RT Design
Checksum: PlaceDB: 63fe793f ConstDB: 0 ShapeSum: 40aa9f1e RouteDB: 0
Post Restoration Checksum: NetGraph: 803af064 NumContArr: ed2d27f0 Constraints: 0 Timing: 0
Phase 1 Build RT Design | Checksum: 16d681854

Time (s): cpu = 00:00:17 ; elapsed = 00:00:15 . Memory (MB): peak = 2676.738 ; gain = 0.000

Phase 2 Router Initialization

Phase 2.1 Fix Topology Constraints
Phase 2.1 Fix Topology Constraints | Checksum: 16d681854

Time (s): cpu = 00:00:17 ; elapsed = 00:00:15 . Memory (MB): peak = 2694.391 ; gain = 17.652

Phase 2.2 Pre Route Cleanup
Phase 2.2 Pre Route Cleanup | Checksum: 16d681854

Time (s): cpu = 00:00:17 ; elapsed = 00:00:15 . Memory (MB): peak = 2694.391 ; gain = 17.652
 Number of Nodes with overlaps = 0

Phase 2.3 Update Timing
Phase 2.3 Update Timing | Checksum: a7f28937

Time (s): cpu = 00:00:21 ; elapsed = 00:00:18 . Memory (MB): peak = 2722.730 ; gain = 45.992
INFO: [Route 35-416] Intermediate Timing Summary | WNS=-0.696 | TNS=-149.895| WHS=-1.129 | THS=-121.120|


Router Utilization Summary
  Global Vertical Routing Utilization    = 0.00685641 %
  Global Horizontal Routing Utilization  = 0.00130141 %
  Routable Net Status*
  *Does not include unroutable nets such as driverless and loadless.
  Run report_route_status for detailed report.
  Number of Failed Nets               = 9269
    (Failed Nets is the sum of unrouted and partially routed nets)
  Number of Unrouted Nets             = 9269
  Number of Partially Routed Nets     = 0
  Number of Node Overlaps             = 1

Phase 2 Router Initialization | Checksum: 142069028

Time (s): cpu = 00:00:23 ; elapsed = 00:00:19 . Memory (MB): peak = 2781.168 ; gain = 104.430

Phase 3 Initial Routing

Phase 3.1 Global Routing
Phase 3.1 Global Routing | Checksum: 142069028

Time (s): cpu = 00:00:23 ; elapsed = 00:00:19 . Memory (MB): peak = 2781.168 ; gain = 104.430
Phase 3 Initial Routing | Checksum: c978074a

Time (s): cpu = 00:00:29 ; elapsed = 00:00:21 . Memory (MB): peak = 2886.555 ; gain = 209.816
INFO: [Route 35-580] Design has 1 pins with tight setup and hold constraints.

The top 5 pins with tight setup and hold constraints:

+====================+===============================+==========================================+
| Launch Setup Clock | Launch Hold Clock             | Pin                                      |
+====================+===============================+==========================================+
| clk_100            | clk_out1_mb_block_clk_wiz_0_0 | PhraseData_1/computed_new_val_r_reg[2]/D |
+--------------------+-------------------------------+------------------------------------------+

File with complete list of pins: tight_setup_hold_pins.txt


Phase 4 Rip-up And Reroute

Phase 4.1 Global Iteration 0
 Number of Nodes with overlaps = 1679
 Number of Nodes with overlaps = 421
 Number of Nodes with overlaps = 178
 Number of Nodes with overlaps = 87
 Number of Nodes with overlaps = 25
 Number of Nodes with overlaps = 11
 Number of Nodes with overlaps = 4
 Number of Nodes with overlaps = 0
INFO: [Route 35-416] Intermediate Timing Summary | WNS=-0.957 | TNS=-224.902| WHS=N/A    | THS=N/A    |

Phase 4.1 Global Iteration 0 | Checksum: 109056c64

Time (s): cpu = 00:00:47 ; elapsed = 00:00:36 . Memory (MB): peak = 2886.555 ; gain = 209.816

Phase 4.2 Global Iteration 1
 Number of Nodes with overlaps = 642
 Number of Nodes with overlaps = 211
 Number of Nodes with overlaps = 75
 Number of Nodes with overlaps = 26
 Number of Nodes with overlaps = 7
 Number of Nodes with overlaps = 1
 Number of Nodes with overlaps = 1
 Number of Nodes with overlaps = 0
INFO: [Route 35-416] Intermediate Timing Summary | WNS=-1.031 | TNS=-238.793| WHS=N/A    | THS=N/A    |

Phase 4.2 Global Iteration 1 | Checksum: c4567255

Time (s): cpu = 00:00:54 ; elapsed = 00:00:41 . Memory (MB): peak = 2886.555 ; gain = 209.816
Phase 4 Rip-up And Reroute | Checksum: c4567255

Time (s): cpu = 00:00:54 ; elapsed = 00:00:41 . Memory (MB): peak = 2886.555 ; gain = 209.816

Phase 5 Delay and Skew Optimization

Phase 5.1 Delay CleanUp

Phase 5.1.1 Update Timing
Phase 5.1.1 Update Timing | Checksum: 100e762a9

Time (s): cpu = 00:00:55 ; elapsed = 00:00:42 . Memory (MB): peak = 2886.555 ; gain = 209.816
INFO: [Route 35-416] Intermediate Timing Summary | WNS=-0.925 | TNS=-202.624| WHS=N/A    | THS=N/A    |

 Number of Nodes with overlaps = 0
Phase 5.1 Delay CleanUp | Checksum: 4870b0ce

Time (s): cpu = 00:00:55 ; elapsed = 00:00:42 . Memory (MB): peak = 2886.555 ; gain = 209.816

Phase 5.2 Clock Skew Optimization
Phase 5.2 Clock Skew Optimization | Checksum: 4870b0ce

Time (s): cpu = 00:00:55 ; elapsed = 00:00:42 . Memory (MB): peak = 2886.555 ; gain = 209.816
Phase 5 Delay and Skew Optimization | Checksum: 4870b0ce

Time (s): cpu = 00:00:55 ; elapsed = 00:00:42 . Memory (MB): peak = 2886.555 ; gain = 209.816

Phase 6 Post Hold Fix

Phase 6.1 Hold Fix Iter

Phase 6.1.1 Update Timing
Phase 6.1.1 Update Timing | Checksum: 6da59e2c

Time (s): cpu = 00:00:56 ; elapsed = 00:00:43 . Memory (MB): peak = 2886.555 ; gain = 209.816
INFO: [Route 35-416] Intermediate Timing Summary | WNS=-0.925 | TNS=-199.747| WHS=-0.159 | THS=-0.233 |

Phase 6.1 Hold Fix Iter | Checksum: 231d7da3b

Time (s): cpu = 00:00:56 ; elapsed = 00:00:43 . Memory (MB): peak = 2886.555 ; gain = 209.816
Phase 6 Post Hold Fix | Checksum: 2168fc69d

Time (s): cpu = 00:00:56 ; elapsed = 00:00:43 . Memory (MB): peak = 2886.555 ; gain = 209.816

Phase 7 Route finalize

Router Utilization Summary
  Global Vertical Routing Utilization    = 4.14103 %
  Global Horizontal Routing Utilization  = 5.08381 %
  Routable Net Status*
  *Does not include unroutable nets such as driverless and loadless.
  Run report_route_status for detailed report.
  Number of Failed Nets               = 0
    (Failed Nets is the sum of unrouted and partially routed nets)
  Number of Unrouted Nets             = 0
  Number of Partially Routed Nets     = 0
  Number of Node Overlaps             = 0

Congestion Report
North Dir 1x1 Area, Max Cong = 70.2703%, No Congested Regions.
South Dir 1x1 Area, Max Cong = 57.6577%, No Congested Regions.
East Dir 1x1 Area, Max Cong = 64.7059%, No Congested Regions.
West Dir 1x1 Area, Max Cong = 70.5882%, No Congested Regions.

------------------------------
Reporting congestion hotspots
------------------------------
Direction: North
----------------
Congested clusters found at Level 0
Effective congestion level: 0 Aspect Ratio: 1 Sparse Ratio: 0
Direction: South
----------------
Congested clusters found at Level 0
Effective congestion level: 0 Aspect Ratio: 1 Sparse Ratio: 0
Direction: East
----------------
Congested clusters found at Level 0
Effective congestion level: 0 Aspect Ratio: 1 Sparse Ratio: 0
Direction: West
----------------
Congested clusters found at Level 0
Effective congestion level: 0 Aspect Ratio: 1 Sparse Ratio: 0

Phase 7 Route finalize | Checksum: 28d2ff839

Time (s): cpu = 00:00:56 ; elapsed = 00:00:43 . Memory (MB): peak = 2886.555 ; gain = 209.816

Phase 8 Verifying routed nets

 Verification completed successfully
Phase 8 Verifying routed nets | Checksum: 28d2ff839

Time (s): cpu = 00:00:56 ; elapsed = 00:00:43 . Memory (MB): peak = 2886.555 ; gain = 209.816

Phase 9 Depositing Routes
Phase 9 Depositing Routes | Checksum: 27fb59c6d

Time (s): cpu = 00:00:57 ; elapsed = 00:00:44 . Memory (MB): peak = 2886.555 ; gain = 209.816

Phase 10 Post Router Timing

Phase 10.1 Update Timing
Phase 10.1 Update Timing | Checksum: 1c772a694

Time (s): cpu = 00:00:58 ; elapsed = 00:00:44 . Memory (MB): peak = 2886.555 ; gain = 209.816
INFO: [Route 35-57] Estimated Timing Summary | WNS=-0.925 | TNS=-199.747| WHS=0.052  | THS=0.000  |

WARNING: [Route 35-328] Router estimated timing not met.
Resolution: For a complete and accurate timing signoff, report_timing_summary must be run after route_design. Alternatively, route_design can be run with the -timing_summary option to enable a complete timing signoff at the end of route_design.
Phase 10 Post Router Timing | Checksum: 1c772a694

Time (s): cpu = 00:00:58 ; elapsed = 00:00:44 . Memory (MB): peak = 2886.555 ; gain = 209.816
INFO: [Route 35-16] Router Completed Successfully

Time (s): cpu = 00:00:58 ; elapsed = 00:00:44 . Memory (MB): peak = 2886.555 ; gain = 209.816

Routing Is Done.
INFO: [Common 17-83] Releasing license: Implementation
345 Infos, 14 Warnings, 0 Critical Warnings and 0 Errors encountered.
route_design completed successfully
route_design: Time (s): cpu = 00:01:00 ; elapsed = 00:00:45 . Memory (MB): peak = 2886.555 ; gain = 209.816
INFO: [Common 17-600] The following parameters have non-default value.
general.maxThreads
INFO: [Timing 38-480] Writing timing data to binary archive.
Writing XDEF routing.
Writing XDEF routing logical nets.
Writing XDEF routing special nets.
Write XDEF Complete: Time (s): cpu = 00:00:03 ; elapsed = 00:00:01 . Memory (MB): peak = 2886.555 ; gain = 0.000
INFO: [Common 17-1381] The checkpoint 'D:/viv/SpartanTracker/lab7_2/lab7_2.runs/impl_1/tracker_top_routed.dcp' has been generated.
INFO: [runtcl-4] Executing : report_drc -file tracker_top_drc_routed.rpt -pb tracker_top_drc_routed.pb -rpx tracker_top_drc_routed.rpx
Command: report_drc -file tracker_top_drc_routed.rpt -pb tracker_top_drc_routed.pb -rpx tracker_top_drc_routed.rpx
INFO: [IP_Flow 19-1839] IP Catalog is up to date.
INFO: [DRC 23-27] Running DRC with 8 threads
INFO: [Vivado_Tcl 2-168] The results of DRC are in file D:/viv/SpartanTracker/lab7_2/lab7_2.runs/impl_1/tracker_top_drc_routed.rpt.
report_drc completed successfully
INFO: [runtcl-4] Executing : report_methodology -file tracker_top_methodology_drc_routed.rpt -pb tracker_top_methodology_drc_routed.pb -rpx tracker_top_methodology_drc_routed.rpx
Command: report_methodology -file tracker_top_methodology_drc_routed.rpt -pb tracker_top_methodology_drc_routed.pb -rpx tracker_top_methodology_drc_routed.rpx
INFO: [Timing 38-35] Done setting XDC timing constraints.
INFO: [DRC 23-133] Running Methodology with 8 threads
INFO: [Vivado_Tcl 2-1520] The results of Report Methodology are in file D:/viv/SpartanTracker/lab7_2/lab7_2.runs/impl_1/tracker_top_methodology_drc_routed.rpt.
report_methodology completed successfully
INFO: [runtcl-4] Executing : report_power -file tracker_top_power_routed.rpt -pb tracker_top_power_summary_routed.pb -rpx tracker_top_power_routed.rpx
Command: report_power -file tracker_top_power_routed.rpt -pb tracker_top_power_summary_routed.pb -rpx tracker_top_power_routed.rpx
INFO: [Timing 38-35] Done setting XDC timing constraints.
Running Vector-less Activity Propagation...

Finished Running Vector-less Activity Propagation
WARNING: [Power 33-332] Found switching activity that implies high-fanout reset nets being asserted for excessive periods of time which may result in inaccurate power analysis.
Resolution: To review and fix problems, please run Power Constraints Advisor in the GUI from Tools > Power Constraints Advisor or run report_power with the -advisory option to generate a text report.
358 Infos, 15 Warnings, 0 Critical Warnings and 0 Errors encountered.
report_power completed successfully
INFO: [runtcl-4] Executing : report_route_status -file tracker_top_route_status.rpt -pb tracker_top_route_status.pb
INFO: [runtcl-4] Executing : report_timing_summary -max_paths 10 -report_unconstrained -file tracker_top_timing_summary_routed.rpt -pb tracker_top_timing_summary_routed.pb -rpx tracker_top_timing_summary_routed.rpx -warn_on_violation 
INFO: [Timing 38-91] UpdateTimingParams: Speed grade: -1, Delay Type: min_max.
INFO: [Timing 38-191] Multithreading enabled for timing update using a maximum of 8 CPUs
CRITICAL WARNING: [Timing 38-282] The design failed to meet the timing requirements. Please see the timing summary report for details on the timing violations.
INFO: [runtcl-4] Executing : report_incremental_reuse -file tracker_top_incremental_reuse_routed.rpt
INFO: [Vivado_Tcl 4-1062] Incremental flow is disabled. No incremental reuse Info to report.
INFO: [runtcl-4] Executing : report_clock_utilization -file tracker_top_clock_utilization_routed.rpt
INFO: [runtcl-4] Executing : report_bus_skew -warn_on_violation -file tracker_top_bus_skew_routed.rpt -pb tracker_top_bus_skew_routed.pb -rpx tracker_top_bus_skew_routed.rpx
INFO: [Timing 38-91] UpdateTimingParams: Speed grade: -1, Delay Type: min_max.
INFO: [Timing 38-191] Multithreading enabled for timing update using a maximum of 8 CPUs
INFO: [Memdata 28-167] Found XPM memory block mb_block_i/spi_usb/U0/NO_DUAL_QUAD_MODE.QSPI_NORMAL/QSPI_LEGACY_MD_GEN.QSPI_CORE_INTERFACE_I/FIFO_EXISTS.TX_FIFO_II/xpm_fifo_instance.xpm_fifo_async_inst/gnuram_async_fifo.xpm_fifo_base_inst/gen_sdpram.xpm_memory_base_inst with a P_MEMORY_PRIMITIVE property set to auto. A value of block is required. You will not be able to use the updatemem program to update the bitstream with new data for the mb_block_i/spi_usb/U0/NO_DUAL_QUAD_MODE.QSPI_NORMAL/QSPI_LEGACY_MD_GEN.QSPI_CORE_INTERFACE_I/FIFO_EXISTS.TX_FIFO_II/xpm_fifo_instance.xpm_fifo_async_inst/gnuram_async_fifo.xpm_fifo_base_inst/gen_sdpram.xpm_memory_base_inst block.
INFO: [Memdata 28-167] Found XPM memory block mb_block_i/spi_usb/U0/NO_DUAL_QUAD_MODE.QSPI_NORMAL/QSPI_LEGACY_MD_GEN.QSPI_CORE_INTERFACE_I/FIFO_EXISTS.RX_FIFO_II/gnuram_async_fifo.xpm_fifo_base_inst/gen_sdpram.xpm_memory_base_inst with a P_MEMORY_PRIMITIVE property set to auto. A value of block is required. You will not be able to use the updatemem program to update the bitstream with new data for the mb_block_i/spi_usb/U0/NO_DUAL_QUAD_MODE.QSPI_NORMAL/QSPI_LEGACY_MD_GEN.QSPI_CORE_INTERFACE_I/FIFO_EXISTS.RX_FIFO_II/gnuram_async_fifo.xpm_fifo_base_inst/gen_sdpram.xpm_memory_base_inst block.
Command: write_bitstream -force tracker_top.bit
Attempting to get a license for feature 'Implementation' and/or device 'xc7s50'
INFO: [Common 17-349] Got license for feature 'Implementation' and/or device 'xc7s50'
Running DRC as a precondition to command write_bitstream
INFO: [IP_Flow 19-1839] IP Catalog is up to date.
INFO: [DRC 23-27] Running DRC with 8 threads
WARNING: [DRC CFGBVS-1] Missing CFGBVS and CONFIG_VOLTAGE Design Properties: Neither the CFGBVS nor CONFIG_VOLTAGE voltage property is set in the current_design.  Configuration bank voltage select (CFGBVS) must be set to VCCO or GND, and CONFIG_VOLTAGE must be set to the correct configuration voltage, in order to determine the I/O voltage support for the pins in bank 0.  It is suggested to specify these either using the 'Edit Device Properties' function in the GUI or directly in the XDC file using the following syntax:

 set_property CFGBVS value1 [current_design]
 #where value1 is either VCCO or GND

 set_property CONFIG_VOLTAGE value2 [current_design]
 #where value2 is the voltage provided to configuration bank 0

Refer to the device configuration user guide for more information.
WARNING: [DRC CHECK-3] Report rule limit reached: REQP-1839 rule limit reached: 20 violations have been found.
WARNING: [DRC DPIP-1] Input pipelining: DSP playback_phrase_i/channel_instance[0].Saw_inst/saw_out4 input playback_phrase_i/channel_instance[0].Saw_inst/saw_out4/B[17:0] is not pipelined. Pipelining DSP48 input will improve performance.
WARNING: [DRC DPIP-1] Input pipelining: DSP playback_phrase_i/channel_instance[0].Sine_inst/sine_out4 input playback_phrase_i/channel_instance[0].Sine_inst/sine_out4/B[17:0] is not pipelined. Pipelining DSP48 input will improve performance.
WARNING: [DRC DPIP-1] Input pipelining: DSP playback_phrase_i/channel_instance[0].Square_inst/square_out4 input playback_phrase_i/channel_instance[0].Square_inst/square_out4/A[29:0] is not pipelined. Pipelining DSP48 input will improve performance.
WARNING: [DRC DPIP-1] Input pipelining: DSP playback_phrase_i/channel_instance[0].Square_inst/square_out4 input playback_phrase_i/channel_instance[0].Square_inst/square_out4/B[17:0] is not pipelined. Pipelining DSP48 input will improve performance.
WARNING: [DRC DPIP-1] Input pipelining: DSP playback_phrase_i/channel_instance[0].Triangle_inst/triangle_out4 input playback_phrase_i/channel_instance[0].Triangle_inst/triangle_out4/B[17:0] is not pipelined. Pipelining DSP48 input will improve performance.
WARNING: [DRC DPIP-1] Input pipelining: DSP playback_phrase_i/channel_instance[1].Saw_inst/saw_out4 input playback_phrase_i/channel_instance[1].Saw_inst/saw_out4/B[17:0] is not pipelined. Pipelining DSP48 input will improve performance.
WARNING: [DRC DPIP-1] Input pipelining: DSP playback_phrase_i/channel_instance[1].Sine_inst/sine_out4 input playback_phrase_i/channel_instance[1].Sine_inst/sine_out4/B[17:0] is not pipelined. Pipelining DSP48 input will improve performance.
WARNING: [DRC DPIP-1] Input pipelining: DSP playback_phrase_i/channel_instance[1].Square_inst/square_out4 input playback_phrase_i/channel_instance[1].Square_inst/square_out4/A[29:0] is not pipelined. Pipelining DSP48 input will improve performance.
WARNING: [DRC DPIP-1] Input pipelining: DSP playback_phrase_i/channel_instance[1].Square_inst/square_out4 input playback_phrase_i/channel_instance[1].Square_inst/square_out4/B[17:0] is not pipelined. Pipelining DSP48 input will improve performance.
WARNING: [DRC DPIP-1] Input pipelining: DSP playback_phrase_i/channel_instance[1].Triangle_inst/triangle_out4 input playback_phrase_i/channel_instance[1].Triangle_inst/triangle_out4/B[17:0] is not pipelined. Pipelining DSP48 input will improve performance.
WARNING: [DRC DPIP-1] Input pipelining: DSP playback_phrase_i/channel_instance[2].Saw_inst/saw_out4 input playback_phrase_i/channel_instance[2].Saw_inst/saw_out4/B[17:0] is not pipelined. Pipelining DSP48 input will improve performance.
WARNING: [DRC DPIP-1] Input pipelining: DSP playback_phrase_i/channel_instance[2].Sine_inst/sine_out4 input playback_phrase_i/channel_instance[2].Sine_inst/sine_out4/B[17:0] is not pipelined. Pipelining DSP48 input will improve performance.
WARNING: [DRC DPIP-1] Input pipelining: DSP playback_phrase_i/channel_instance[2].Square_inst/square_out4 input playback_phrase_i/channel_instance[2].Square_inst/square_out4/A[29:0] is not pipelined. Pipelining DSP48 input will improve performance.
WARNING: [DRC DPIP-1] Input pipelining: DSP playback_phrase_i/channel_instance[2].Square_inst/square_out4 input playback_phrase_i/channel_instance[2].Square_inst/square_out4/B[17:0] is not pipelined. Pipelining DSP48 input will improve performance.
WARNING: [DRC DPIP-1] Input pipelining: DSP playback_phrase_i/channel_instance[2].Triangle_inst/triangle_out4 input playback_phrase_i/channel_instance[2].Triangle_inst/triangle_out4/B[17:0] is not pipelined. Pipelining DSP48 input will improve performance.
WARNING: [DRC DPIP-1] Input pipelining: DSP playback_phrase_i/channel_instance[3].Saw_inst/saw_out4 input playback_phrase_i/channel_instance[3].Saw_inst/saw_out4/B[17:0] is not pipelined. Pipelining DSP48 input will improve performance.
WARNING: [DRC DPIP-1] Input pipelining: DSP playback_phrase_i/channel_instance[3].Sine_inst/sine_out4 input playback_phrase_i/channel_instance[3].Sine_inst/sine_out4/B[17:0] is not pipelined. Pipelining DSP48 input will improve performance.
WARNING: [DRC DPIP-1] Input pipelining: DSP playback_phrase_i/channel_instance[3].Square_inst/square_out4 input playback_phrase_i/channel_instance[3].Square_inst/square_out4/A[29:0] is not pipelined. Pipelining DSP48 input will improve performance.
WARNING: [DRC DPIP-1] Input pipelining: DSP playback_phrase_i/channel_instance[3].Square_inst/square_out4 input playback_phrase_i/channel_instance[3].Square_inst/square_out4/B[17:0] is not pipelined. Pipelining DSP48 input will improve performance.
WARNING: [DRC DPIP-1] Input pipelining: DSP playback_phrase_i/channel_instance[3].Triangle_inst/triangle_out4 input playback_phrase_i/channel_instance[3].Triangle_inst/triangle_out4/B[17:0] is not pipelined. Pipelining DSP48 input will improve performance.
WARNING: [DRC REQP-1839] RAMB36 async control check: The RAMB36E1 mb_block_i/hdmi_tc_v2_0/inst/hdmi_text_controller_v1_0_AXI_inst/vram/U0/inst_blk_mem_gen/gnbram.gnativebmg.native_blk_mem_gen/valid.cstr/ramloop[0].ram.r/prim_noinit.ram/DEVICE_7SERIES.NO_BMM_INFO.TRUE_DP.SIMPLE_PRIM36.ram has an input control pin mb_block_i/hdmi_tc_v2_0/inst/hdmi_text_controller_v1_0_AXI_inst/vram/U0/inst_blk_mem_gen/gnbram.gnativebmg.native_blk_mem_gen/valid.cstr/ramloop[0].ram.r/prim_noinit.ram/DEVICE_7SERIES.NO_BMM_INFO.TRUE_DP.SIMPLE_PRIM36.ram/ADDRARDADDR[12] (net: mb_block_i/hdmi_tc_v2_0/inst/hdmi_text_controller_v1_0_AXI_inst/vram/U0/inst_blk_mem_gen/gnbram.gnativebmg.native_blk_mem_gen/valid.cstr/ramloop[0].ram.r/prim_noinit.ram/addra[8]) which is driven by a register (mb_block_i/hdmi_tc_v2_0/inst/vga/hc_reg[7]) that has an active asychronous set or reset. This may cause corruption of the memory contents and/or read values when the set/reset is asserted and is not analyzed by the default static timing analysis. It is suggested to eliminate the use of a set/reset to registers driving this RAMB pin or else use a synchronous reset in which the assertion of the reset is timed by default.
WARNING: [DRC REQP-1839] RAMB36 async control check: The RAMB36E1 mb_block_i/hdmi_tc_v2_0/inst/hdmi_text_controller_v1_0_AXI_inst/vram/U0/inst_blk_mem_gen/gnbram.gnativebmg.native_blk_mem_gen/valid.cstr/ramloop[0].ram.r/prim_noinit.ram/DEVICE_7SERIES.NO_BMM_INFO.TRUE_DP.SIMPLE_PRIM36.ram has an input control pin mb_block_i/hdmi_tc_v2_0/inst/hdmi_text_controller_v1_0_AXI_inst/vram/U0/inst_blk_mem_gen/gnbram.gnativebmg.native_blk_mem_gen/valid.cstr/ramloop[0].ram.r/prim_noinit.ram/DEVICE_7SERIES.NO_BMM_INFO.TRUE_DP.SIMPLE_PRIM36.ram/ADDRARDADDR[12] (net: mb_block_i/hdmi_tc_v2_0/inst/hdmi_text_controller_v1_0_AXI_inst/vram/U0/inst_blk_mem_gen/gnbram.gnativebmg.native_blk_mem_gen/valid.cstr/ramloop[0].ram.r/prim_noinit.ram/addra[8]) which is driven by a register (mb_block_i/hdmi_tc_v2_0/inst/vga/hc_reg[8]) that has an active asychronous set or reset. This may cause corruption of the memory contents and/or read values when the set/reset is asserted and is not analyzed by the default static timing analysis. It is suggested to eliminate the use of a set/reset to registers driving this RAMB pin or else use a synchronous reset in which the assertion of the reset is timed by default.
WARNING: [DRC REQP-1839] RAMB36 async control check: The RAMB36E1 mb_block_i/hdmi_tc_v2_0/inst/hdmi_text_controller_v1_0_AXI_inst/vram/U0/inst_blk_mem_gen/gnbram.gnativebmg.native_blk_mem_gen/valid.cstr/ramloop[0].ram.r/prim_noinit.ram/DEVICE_7SERIES.NO_BMM_INFO.TRUE_DP.SIMPLE_PRIM36.ram has an input control pin mb_block_i/hdmi_tc_v2_0/inst/hdmi_text_controller_v1_0_AXI_inst/vram/U0/inst_blk_mem_gen/gnbram.gnativebmg.native_blk_mem_gen/valid.cstr/ramloop[0].ram.r/prim_noinit.ram/DEVICE_7SERIES.NO_BMM_INFO.TRUE_DP.SIMPLE_PRIM36.ram/ADDRARDADDR[13] (net: mb_block_i/hdmi_tc_v2_0/inst/hdmi_text_controller_v1_0_AXI_inst/vram/U0/inst_blk_mem_gen/gnbram.gnativebmg.native_blk_mem_gen/valid.cstr/ramloop[0].ram.r/prim_noinit.ram/addra[9]) which is driven by a register (mb_block_i/hdmi_tc_v2_0/inst/vga/hc_reg[7]) that has an active asychronous set or reset. This may cause corruption of the memory contents and/or read values when the set/reset is asserted and is not analyzed by the default static timing analysis. It is suggested to eliminate the use of a set/reset to registers driving this RAMB pin or else use a synchronous reset in which the assertion of the reset is timed by default.
WARNING: [DRC REQP-1839] RAMB36 async control check: The RAMB36E1 mb_block_i/hdmi_tc_v2_0/inst/hdmi_text_controller_v1_0_AXI_inst/vram/U0/inst_blk_mem_gen/gnbram.gnativebmg.native_blk_mem_gen/valid.cstr/ramloop[0].ram.r/prim_noinit.ram/DEVICE_7SERIES.NO_BMM_INFO.TRUE_DP.SIMPLE_PRIM36.ram has an input control pin mb_block_i/hdmi_tc_v2_0/inst/hdmi_text_controller_v1_0_AXI_inst/vram/U0/inst_blk_mem_gen/gnbram.gnativebmg.native_blk_mem_gen/valid.cstr/ramloop[0].ram.r/prim_noinit.ram/DEVICE_7SERIES.NO_BMM_INFO.TRUE_DP.SIMPLE_PRIM36.ram/ADDRARDADDR[13] (net: mb_block_i/hdmi_tc_v2_0/inst/hdmi_text_controller_v1_0_AXI_inst/vram/U0/inst_blk_mem_gen/gnbram.gnativebmg.native_blk_mem_gen/valid.cstr/ramloop[0].ram.r/prim_noinit.ram/addra[9]) which is driven by a register (mb_block_i/hdmi_tc_v2_0/inst/vga/hc_reg[8]) that has an active asychronous set or reset. This may cause corruption of the memory contents and/or read values when the set/reset is asserted and is not analyzed by the default static timing analysis. It is suggested to eliminate the use of a set/reset to registers driving this RAMB pin or else use a synchronous reset in which the assertion of the reset is timed by default.
WARNING: [DRC REQP-1839] RAMB36 async control check: The RAMB36E1 mb_block_i/hdmi_tc_v2_0/inst/hdmi_text_controller_v1_0_AXI_inst/vram/U0/inst_blk_mem_gen/gnbram.gnativebmg.native_blk_mem_gen/valid.cstr/ramloop[0].ram.r/prim_noinit.ram/DEVICE_7SERIES.NO_BMM_INFO.TRUE_DP.SIMPLE_PRIM36.ram has an input control pin mb_block_i/hdmi_tc_v2_0/inst/hdmi_text_controller_v1_0_AXI_inst/vram/U0/inst_blk_mem_gen/gnbram.gnativebmg.native_blk_mem_gen/valid.cstr/ramloop[0].ram.r/prim_noinit.ram/DEVICE_7SERIES.NO_BMM_INFO.TRUE_DP.SIMPLE_PRIM36.ram/ADDRARDADDR[13] (net: mb_block_i/hdmi_tc_v2_0/inst/hdmi_text_controller_v1_0_AXI_inst/vram/U0/inst_blk_mem_gen/gnbram.gnativebmg.native_blk_mem_gen/valid.cstr/ramloop[0].ram.r/prim_noinit.ram/addra[9]) which is driven by a register (mb_block_i/hdmi_tc_v2_0/inst/vga/hc_reg[9]) that has an active asychronous set or reset. This may cause corruption of the memory contents and/or read values when the set/reset is asserted and is not analyzed by the default static timing analysis. It is suggested to eliminate the use of a set/reset to registers driving this RAMB pin or else use a synchronous reset in which the assertion of the reset is timed by default.
WARNING: [DRC REQP-1839] RAMB36 async control check: The RAMB36E1 mb_block_i/hdmi_tc_v2_0/inst/hdmi_text_controller_v1_0_AXI_inst/vram/U0/inst_blk_mem_gen/gnbram.gnativebmg.native_blk_mem_gen/valid.cstr/ramloop[0].ram.r/prim_noinit.ram/DEVICE_7SERIES.NO_BMM_INFO.TRUE_DP.SIMPLE_PRIM36.ram has an input control pin mb_block_i/hdmi_tc_v2_0/inst/hdmi_text_controller_v1_0_AXI_inst/vram/U0/inst_blk_mem_gen/gnbram.gnativebmg.native_blk_mem_gen/valid.cstr/ramloop[0].ram.r/prim_noinit.ram/DEVICE_7SERIES.NO_BMM_INFO.TRUE_DP.SIMPLE_PRIM36.ram/ADDRARDADDR[13] (net: mb_block_i/hdmi_tc_v2_0/inst/hdmi_text_controller_v1_0_AXI_inst/vram/U0/inst_blk_mem_gen/gnbram.gnativebmg.native_blk_mem_gen/valid.cstr/ramloop[0].ram.r/prim_noinit.ram/addra[9]) which is driven by a register (mb_block_i/hdmi_tc_v2_0/inst/vga/vc_reg[4]) that has an active asychronous set or reset. This may cause corruption of the memory contents and/or read values when the set/reset is asserted and is not analyzed by the default static timing analysis. It is suggested to eliminate the use of a set/reset to registers driving this RAMB pin or else use a synchronous reset in which the assertion of the reset is timed by default.
WARNING: [DRC REQP-1839] RAMB36 async control check: The RAMB36E1 mb_block_i/hdmi_tc_v2_0/inst/hdmi_text_controller_v1_0_AXI_inst/vram/U0/inst_blk_mem_gen/gnbram.gnativebmg.native_blk_mem_gen/valid.cstr/ramloop[0].ram.r/prim_noinit.ram/DEVICE_7SERIES.NO_BMM_INFO.TRUE_DP.SIMPLE_PRIM36.ram has an input control pin mb_block_i/hdmi_tc_v2_0/inst/hdmi_text_controller_v1_0_AXI_inst/vram/U0/inst_blk_mem_gen/gnbram.gnativebmg.native_blk_mem_gen/valid.cstr/ramloop[0].ram.r/prim_noinit.ram/DEVICE_7SERIES.NO_BMM_INFO.TRUE_DP.SIMPLE_PRIM36.ram/ADDRARDADDR[13] (net: mb_block_i/hdmi_tc_v2_0/inst/hdmi_text_controller_v1_0_AXI_inst/vram/U0/inst_blk_mem_gen/gnbram.gnativebmg.native_blk_mem_gen/valid.cstr/ramloop[0].ram.r/prim_noinit.ram/addra[9]) which is driven by a register (mb_block_i/hdmi_tc_v2_0/inst/vga/vc_reg[5]) that has an active asychronous set or reset. This may cause corruption of the memory contents and/or read values when the set/reset is asserted and is not analyzed by the default static timing analysis. It is suggested to eliminate the use of a set/reset to registers driving this RAMB pin or else use a synchronous reset in which the assertion of the reset is timed by default.
WARNING: [DRC REQP-1839] RAMB36 async control check: The RAMB36E1 mb_block_i/hdmi_tc_v2_0/inst/hdmi_text_controller_v1_0_AXI_inst/vram/U0/inst_blk_mem_gen/gnbram.gnativebmg.native_blk_mem_gen/valid.cstr/ramloop[0].ram.r/prim_noinit.ram/DEVICE_7SERIES.NO_BMM_INFO.TRUE_DP.SIMPLE_PRIM36.ram has an input control pin mb_block_i/hdmi_tc_v2_0/inst/hdmi_text_controller_v1_0_AXI_inst/vram/U0/inst_blk_mem_gen/gnbram.gnativebmg.native_blk_mem_gen/valid.cstr/ramloop[0].ram.r/prim_noinit.ram/DEVICE_7SERIES.NO_BMM_INFO.TRUE_DP.SIMPLE_PRIM36.ram/ADDRARDADDR[13] (net: mb_block_i/hdmi_tc_v2_0/inst/hdmi_text_controller_v1_0_AXI_inst/vram/U0/inst_blk_mem_gen/gnbram.gnativebmg.native_blk_mem_gen/valid.cstr/ramloop[0].ram.r/prim_noinit.ram/addra[9]) which is driven by a register (mb_block_i/hdmi_tc_v2_0/inst/vga/vc_reg[6]) that has an active asychronous set or reset. This may cause corruption of the memory contents and/or read values when the set/reset is asserted and is not analyzed by the default static timing analysis. It is suggested to eliminate the use of a set/reset to registers driving this RAMB pin or else use a synchronous reset in which the assertion of the reset is timed by default.
WARNING: [DRC REQP-1839] RAMB36 async control check: The RAMB36E1 mb_block_i/hdmi_tc_v2_0/inst/hdmi_text_controller_v1_0_AXI_inst/vram/U0/inst_blk_mem_gen/gnbram.gnativebmg.native_blk_mem_gen/valid.cstr/ramloop[0].ram.r/prim_noinit.ram/DEVICE_7SERIES.NO_BMM_INFO.TRUE_DP.SIMPLE_PRIM36.ram has an input control pin mb_block_i/hdmi_tc_v2_0/inst/hdmi_text_controller_v1_0_AXI_inst/vram/U0/inst_blk_mem_gen/gnbram.gnativebmg.native_blk_mem_gen/valid.cstr/ramloop[0].ram.r/prim_noinit.ram/DEVICE_7SERIES.NO_BMM_INFO.TRUE_DP.SIMPLE_PRIM36.ram/ADDRARDADDR[13] (net: mb_block_i/hdmi_tc_v2_0/inst/hdmi_text_controller_v1_0_AXI_inst/vram/U0/inst_blk_mem_gen/gnbram.gnativebmg.native_blk_mem_gen/valid.cstr/ramloop[0].ram.r/prim_noinit.ram/addra[9]) which is driven by a register (mb_block_i/hdmi_tc_v2_0/inst/vga/vc_reg[7]) that has an active asychronous set or reset. This may cause corruption of the memory contents and/or read values when the set/reset is asserted and is not analyzed by the default static timing analysis. It is suggested to eliminate the use of a set/reset to registers driving this RAMB pin or else use a synchronous reset in which the assertion of the reset is timed by default.
WARNING: [DRC REQP-1839] RAMB36 async control check: The RAMB36E1 mb_block_i/hdmi_tc_v2_0/inst/hdmi_text_controller_v1_0_AXI_inst/vram/U0/inst_blk_mem_gen/gnbram.gnativebmg.native_blk_mem_gen/valid.cstr/ramloop[0].ram.r/prim_noinit.ram/DEVICE_7SERIES.NO_BMM_INFO.TRUE_DP.SIMPLE_PRIM36.ram has an input control pin mb_block_i/hdmi_tc_v2_0/inst/hdmi_text_controller_v1_0_AXI_inst/vram/U0/inst_blk_mem_gen/gnbram.gnativebmg.native_blk_mem_gen/valid.cstr/ramloop[0].ram.r/prim_noinit.ram/DEVICE_7SERIES.NO_BMM_INFO.TRUE_DP.SIMPLE_PRIM36.ram/ADDRARDADDR[13] (net: mb_block_i/hdmi_tc_v2_0/inst/hdmi_text_controller_v1_0_AXI_inst/vram/U0/inst_blk_mem_gen/gnbram.gnativebmg.native_blk_mem_gen/valid.cstr/ramloop[0].ram.r/prim_noinit.ram/addra[9]) which is driven by a register (mb_block_i/hdmi_tc_v2_0/inst/vga/vc_reg[8]) that has an active asychronous set or reset. This may cause corruption of the memory contents and/or read values when the set/reset is asserted and is not analyzed by the default static timing analysis. It is suggested to eliminate the use of a set/reset to registers driving this RAMB pin or else use a synchronous reset in which the assertion of the reset is timed by default.
WARNING: [DRC REQP-1839] RAMB36 async control check: The RAMB36E1 mb_block_i/hdmi_tc_v2_0/inst/hdmi_text_controller_v1_0_AXI_inst/vram/U0/inst_blk_mem_gen/gnbram.gnativebmg.native_blk_mem_gen/valid.cstr/ramloop[0].ram.r/prim_noinit.ram/DEVICE_7SERIES.NO_BMM_INFO.TRUE_DP.SIMPLE_PRIM36.ram has an input control pin mb_block_i/hdmi_tc_v2_0/inst/hdmi_text_controller_v1_0_AXI_inst/vram/U0/inst_blk_mem_gen/gnbram.gnativebmg.native_blk_mem_gen/valid.cstr/ramloop[0].ram.r/prim_noinit.ram/DEVICE_7SERIES.NO_BMM_INFO.TRUE_DP.SIMPLE_PRIM36.ram/ADDRARDADDR[13] (net: mb_block_i/hdmi_tc_v2_0/inst/hdmi_text_controller_v1_0_AXI_inst/vram/U0/inst_blk_mem_gen/gnbram.gnativebmg.native_blk_mem_gen/valid.cstr/ramloop[0].ram.r/prim_noinit.ram/addra[9]) which is driven by a register (mb_block_i/hdmi_tc_v2_0/inst/vga/vc_reg[9]) that has an active asychronous set or reset. This may cause corruption of the memory contents and/or read values when the set/reset is asserted and is not analyzed by the default static timing analysis. It is suggested to eliminate the use of a set/reset to registers driving this RAMB pin or else use a synchronous reset in which the assertion of the reset is timed by default.
WARNING: [DRC REQP-1839] RAMB36 async control check: The RAMB36E1 mb_block_i/hdmi_tc_v2_0/inst/hdmi_text_controller_v1_0_AXI_inst/vram/U0/inst_blk_mem_gen/gnbram.gnativebmg.native_blk_mem_gen/valid.cstr/ramloop[0].ram.r/prim_noinit.ram/DEVICE_7SERIES.NO_BMM_INFO.TRUE_DP.SIMPLE_PRIM36.ram has an input control pin mb_block_i/hdmi_tc_v2_0/inst/hdmi_text_controller_v1_0_AXI_inst/vram/U0/inst_blk_mem_gen/gnbram.gnativebmg.native_blk_mem_gen/valid.cstr/ramloop[0].ram.r/prim_noinit.ram/DEVICE_7SERIES.NO_BMM_INFO.TRUE_DP.SIMPLE_PRIM36.ram/ADDRARDADDR[14] (net: mb_block_i/hdmi_tc_v2_0/inst/hdmi_text_controller_v1_0_AXI_inst/vram/U0/inst_blk_mem_gen/gnbram.gnativebmg.native_blk_mem_gen/valid.cstr/ramloop[0].ram.r/prim_noinit.ram/addra[10]) which is driven by a register (mb_block_i/hdmi_tc_v2_0/inst/vga/hc_reg[7]) that has an active asychronous set or reset. This may cause corruption of the memory contents and/or read values when the set/reset is asserted and is not analyzed by the default static timing analysis. It is suggested to eliminate the use of a set/reset to registers driving this RAMB pin or else use a synchronous reset in which the assertion of the reset is timed by default.
WARNING: [DRC REQP-1839] RAMB36 async control check: The RAMB36E1 mb_block_i/hdmi_tc_v2_0/inst/hdmi_text_controller_v1_0_AXI_inst/vram/U0/inst_blk_mem_gen/gnbram.gnativebmg.native_blk_mem_gen/valid.cstr/ramloop[0].ram.r/prim_noinit.ram/DEVICE_7SERIES.NO_BMM_INFO.TRUE_DP.SIMPLE_PRIM36.ram has an input control pin mb_block_i/hdmi_tc_v2_0/inst/hdmi_text_controller_v1_0_AXI_inst/vram/U0/inst_blk_mem_gen/gnbram.gnativebmg.native_blk_mem_gen/valid.cstr/ramloop[0].ram.r/prim_noinit.ram/DEVICE_7SERIES.NO_BMM_INFO.TRUE_DP.SIMPLE_PRIM36.ram/ADDRARDADDR[14] (net: mb_block_i/hdmi_tc_v2_0/inst/hdmi_text_controller_v1_0_AXI_inst/vram/U0/inst_blk_mem_gen/gnbram.gnativebmg.native_blk_mem_gen/valid.cstr/ramloop[0].ram.r/prim_noinit.ram/addra[10]) which is driven by a register (mb_block_i/hdmi_tc_v2_0/inst/vga/hc_reg[8]) that has an active asychronous set or reset. This may cause corruption of the memory contents and/or read values when the set/reset is asserted and is not analyzed by the default static timing analysis. It is suggested to eliminate the use of a set/reset to registers driving this RAMB pin or else use a synchronous reset in which the assertion of the reset is timed by default.
WARNING: [DRC REQP-1839] RAMB36 async control check: The RAMB36E1 mb_block_i/hdmi_tc_v2_0/inst/hdmi_text_controller_v1_0_AXI_inst/vram/U0/inst_blk_mem_gen/gnbram.gnativebmg.native_blk_mem_gen/valid.cstr/ramloop[0].ram.r/prim_noinit.ram/DEVICE_7SERIES.NO_BMM_INFO.TRUE_DP.SIMPLE_PRIM36.ram has an input control pin mb_block_i/hdmi_tc_v2_0/inst/hdmi_text_controller_v1_0_AXI_inst/vram/U0/inst_blk_mem_gen/gnbram.gnativebmg.native_blk_mem_gen/valid.cstr/ramloop[0].ram.r/prim_noinit.ram/DEVICE_7SERIES.NO_BMM_INFO.TRUE_DP.SIMPLE_PRIM36.ram/ADDRARDADDR[14] (net: mb_block_i/hdmi_tc_v2_0/inst/hdmi_text_controller_v1_0_AXI_inst/vram/U0/inst_blk_mem_gen/gnbram.gnativebmg.native_blk_mem_gen/valid.cstr/ramloop[0].ram.r/prim_noinit.ram/addra[10]) which is driven by a register (mb_block_i/hdmi_tc_v2_0/inst/vga/hc_reg[9]) that has an active asychronous set or reset. This may cause corruption of the memory contents and/or read values when the set/reset is asserted and is not analyzed by the default static timing analysis. It is suggested to eliminate the use of a set/reset to registers driving this RAMB pin or else use a synchronous reset in which the assertion of the reset is timed by default.
WARNING: [DRC REQP-1839] RAMB36 async control check: The RAMB36E1 mb_block_i/hdmi_tc_v2_0/inst/hdmi_text_controller_v1_0_AXI_inst/vram/U0/inst_blk_mem_gen/gnbram.gnativebmg.native_blk_mem_gen/valid.cstr/ramloop[0].ram.r/prim_noinit.ram/DEVICE_7SERIES.NO_BMM_INFO.TRUE_DP.SIMPLE_PRIM36.ram has an input control pin mb_block_i/hdmi_tc_v2_0/inst/hdmi_text_controller_v1_0_AXI_inst/vram/U0/inst_blk_mem_gen/gnbram.gnativebmg.native_blk_mem_gen/valid.cstr/ramloop[0].ram.r/prim_noinit.ram/DEVICE_7SERIES.NO_BMM_INFO.TRUE_DP.SIMPLE_PRIM36.ram/ADDRARDADDR[14] (net: mb_block_i/hdmi_tc_v2_0/inst/hdmi_text_controller_v1_0_AXI_inst/vram/U0/inst_blk_mem_gen/gnbram.gnativebmg.native_blk_mem_gen/valid.cstr/ramloop[0].ram.r/prim_noinit.ram/addra[10]) which is driven by a register (mb_block_i/hdmi_tc_v2_0/inst/vga/vc_reg[4]) that has an active asychronous set or reset. This may cause corruption of the memory contents and/or read values when the set/reset is asserted and is not analyzed by the default static timing analysis. It is suggested to eliminate the use of a set/reset to registers driving this RAMB pin or else use a synchronous reset in which the assertion of the reset is timed by default.
WARNING: [DRC REQP-1839] RAMB36 async control check: The RAMB36E1 mb_block_i/hdmi_tc_v2_0/inst/hdmi_text_controller_v1_0_AXI_inst/vram/U0/inst_blk_mem_gen/gnbram.gnativebmg.native_blk_mem_gen/valid.cstr/ramloop[0].ram.r/prim_noinit.ram/DEVICE_7SERIES.NO_BMM_INFO.TRUE_DP.SIMPLE_PRIM36.ram has an input control pin mb_block_i/hdmi_tc_v2_0/inst/hdmi_text_controller_v1_0_AXI_inst/vram/U0/inst_blk_mem_gen/gnbram.gnativebmg.native_blk_mem_gen/valid.cstr/ramloop[0].ram.r/prim_noinit.ram/DEVICE_7SERIES.NO_BMM_INFO.TRUE_DP.SIMPLE_PRIM36.ram/ADDRARDADDR[14] (net: mb_block_i/hdmi_tc_v2_0/inst/hdmi_text_controller_v1_0_AXI_inst/vram/U0/inst_blk_mem_gen/gnbram.gnativebmg.native_blk_mem_gen/valid.cstr/ramloop[0].ram.r/prim_noinit.ram/addra[10]) which is driven by a register (mb_block_i/hdmi_tc_v2_0/inst/vga/vc_reg[5]) that has an active asychronous set or reset. This may cause corruption of the memory contents and/or read values when the set/reset is asserted and is not analyzed by the default static timing analysis. It is suggested to eliminate the use of a set/reset to registers driving this RAMB pin or else use a synchronous reset in which the assertion of the reset is timed by default.
WARNING: [DRC REQP-1839] RAMB36 async control check: The RAMB36E1 mb_block_i/hdmi_tc_v2_0/inst/hdmi_text_controller_v1_0_AXI_inst/vram/U0/inst_blk_mem_gen/gnbram.gnativebmg.native_blk_mem_gen/valid.cstr/ramloop[0].ram.r/prim_noinit.ram/DEVICE_7SERIES.NO_BMM_INFO.TRUE_DP.SIMPLE_PRIM36.ram has an input control pin mb_block_i/hdmi_tc_v2_0/inst/hdmi_text_controller_v1_0_AXI_inst/vram/U0/inst_blk_mem_gen/gnbram.gnativebmg.native_blk_mem_gen/valid.cstr/ramloop[0].ram.r/prim_noinit.ram/DEVICE_7SERIES.NO_BMM_INFO.TRUE_DP.SIMPLE_PRIM36.ram/ADDRARDADDR[14] (net: mb_block_i/hdmi_tc_v2_0/inst/hdmi_text_controller_v1_0_AXI_inst/vram/U0/inst_blk_mem_gen/gnbram.gnativebmg.native_blk_mem_gen/valid.cstr/ramloop[0].ram.r/prim_noinit.ram/addra[10]) which is driven by a register (mb_block_i/hdmi_tc_v2_0/inst/vga/vc_reg[6]) that has an active asychronous set or reset. This may cause corruption of the memory contents and/or read values when the set/reset is asserted and is not analyzed by the default static timing analysis. It is suggested to eliminate the use of a set/reset to registers driving this RAMB pin or else use a synchronous reset in which the assertion of the reset is timed by default.
WARNING: [DRC REQP-1839] RAMB36 async control check: The RAMB36E1 mb_block_i/hdmi_tc_v2_0/inst/hdmi_text_controller_v1_0_AXI_inst/vram/U0/inst_blk_mem_gen/gnbram.gnativebmg.native_blk_mem_gen/valid.cstr/ramloop[0].ram.r/prim_noinit.ram/DEVICE_7SERIES.NO_BMM_INFO.TRUE_DP.SIMPLE_PRIM36.ram has an input control pin mb_block_i/hdmi_tc_v2_0/inst/hdmi_text_controller_v1_0_AXI_inst/vram/U0/inst_blk_mem_gen/gnbram.gnativebmg.native_blk_mem_gen/valid.cstr/ramloop[0].ram.r/prim_noinit.ram/DEVICE_7SERIES.NO_BMM_INFO.TRUE_DP.SIMPLE_PRIM36.ram/ADDRARDADDR[14] (net: mb_block_i/hdmi_tc_v2_0/inst/hdmi_text_controller_v1_0_AXI_inst/vram/U0/inst_blk_mem_gen/gnbram.gnativebmg.native_blk_mem_gen/valid.cstr/ramloop[0].ram.r/prim_noinit.ram/addra[10]) which is driven by a register (mb_block_i/hdmi_tc_v2_0/inst/vga/vc_reg[7]) that has an active asychronous set or reset. This may cause corruption of the memory contents and/or read values when the set/reset is asserted and is not analyzed by the default static timing analysis. It is suggested to eliminate the use of a set/reset to registers driving this RAMB pin or else use a synchronous reset in which the assertion of the reset is timed by default.
WARNING: [DRC REQP-1839] RAMB36 async control check: The RAMB36E1 mb_block_i/hdmi_tc_v2_0/inst/hdmi_text_controller_v1_0_AXI_inst/vram/U0/inst_blk_mem_gen/gnbram.gnativebmg.native_blk_mem_gen/valid.cstr/ramloop[0].ram.r/prim_noinit.ram/DEVICE_7SERIES.NO_BMM_INFO.TRUE_DP.SIMPLE_PRIM36.ram has an input control pin mb_block_i/hdmi_tc_v2_0/inst/hdmi_text_controller_v1_0_AXI_inst/vram/U0/inst_blk_mem_gen/gnbram.gnativebmg.native_blk_mem_gen/valid.cstr/ramloop[0].ram.r/prim_noinit.ram/DEVICE_7SERIES.NO_BMM_INFO.TRUE_DP.SIMPLE_PRIM36.ram/ADDRARDADDR[14] (net: mb_block_i/hdmi_tc_v2_0/inst/hdmi_text_controller_v1_0_AXI_inst/vram/U0/inst_blk_mem_gen/gnbram.gnativebmg.native_blk_mem_gen/valid.cstr/ramloop[0].ram.r/prim_noinit.ram/addra[10]) which is driven by a register (mb_block_i/hdmi_tc_v2_0/inst/vga/vc_reg[8]) that has an active asychronous set or reset. This may cause corruption of the memory contents and/or read values when the set/reset is asserted and is not analyzed by the default static timing analysis. It is suggested to eliminate the use of a set/reset to registers driving this RAMB pin or else use a synchronous reset in which the assertion of the reset is timed by default.
WARNING: [DRC REQP-1839] RAMB36 async control check: The RAMB36E1 mb_block_i/hdmi_tc_v2_0/inst/hdmi_text_controller_v1_0_AXI_inst/vram/U0/inst_blk_mem_gen/gnbram.gnativebmg.native_blk_mem_gen/valid.cstr/ramloop[0].ram.r/prim_noinit.ram/DEVICE_7SERIES.NO_BMM_INFO.TRUE_DP.SIMPLE_PRIM36.ram has an input control pin mb_block_i/hdmi_tc_v2_0/inst/hdmi_text_controller_v1_0_AXI_inst/vram/U0/inst_blk_mem_gen/gnbram.gnativebmg.native_blk_mem_gen/valid.cstr/ramloop[0].ram.r/prim_noinit.ram/DEVICE_7SERIES.NO_BMM_INFO.TRUE_DP.SIMPLE_PRIM36.ram/ADDRARDADDR[14] (net: mb_block_i/hdmi_tc_v2_0/inst/hdmi_text_controller_v1_0_AXI_inst/vram/U0/inst_blk_mem_gen/gnbram.gnativebmg.native_blk_mem_gen/valid.cstr/ramloop[0].ram.r/prim_noinit.ram/addra[10]) which is driven by a register (mb_block_i/hdmi_tc_v2_0/inst/vga/vc_reg[9]) that has an active asychronous set or reset. This may cause corruption of the memory contents and/or read values when the set/reset is asserted and is not analyzed by the default static timing analysis. It is suggested to eliminate the use of a set/reset to registers driving this RAMB pin or else use a synchronous reset in which the assertion of the reset is timed by default.
INFO: [Vivado 12-3199] DRC finished with 0 Errors, 42 Warnings
INFO: [Vivado 12-3200] Please refer to the DRC report (report_drc) for more information.
INFO: [Designutils 20-2272] Running write_bitstream with 8 threads.
Loading data files...
Loading site data...
Loading route data...
Processing options...
Creating bitmap...
Creating bitstream...
Writing bitstream ./tracker_top.bit...
INFO: [Vivado 12-1842] Bitgen Completed Successfully.
INFO: [Project 1-1876] WebTalk data collection is mandatory when using a ULT device. To see the specific WebTalk data collected for your design, open the usage_statistics_webtalk.html or usage_statistics_webtalk.xml file in the implementation directory.
INFO: [Common 17-83] Releasing license: Implementation
14 Infos, 42 Warnings, 0 Critical Warnings and 0 Errors encountered.
write_bitstream completed successfully
write_bitstream: Time (s): cpu = 00:00:12 ; elapsed = 00:00:10 . Memory (MB): peak = 3217.340 ; gain = 330.785
INFO: [Common 17-206] Exiting Vivado at Fri Dec 12 09:25:21 2025...
