TRACE::2025-12-12.07:19:44::SCWPlatform::Trying to open the hw design at D:/viv/SpartanTracker/lab7_2/sdk/tracker_top/hw/tracker_top.xsa
TRACE::2025-12-12.07:19:44::SCWPlatform::DSA given D:/viv/SpartanTracker/lab7_2/sdk/tracker_top/hw/tracker_top.xsa
TRACE::2025-12-12.07:19:44::SCWPlatform::DSA absoulate path D:/viv/SpartanTracker/lab7_2/sdk/tracker_top/hw/tracker_top.xsa
TRACE::2025-12-12.07:19:44::SCWPlatform::DSA directory D:/viv/SpartanTracker/lab7_2/sdk/tracker_top/hw
TRACE::2025-12-12.07:19:44::SCWPlatform:: Platform Path D:/viv/SpartanTracker/lab7_2/sdk/tracker_top/hw/tracker_top.xsa
TRACE::2025-12-12.07:19:44::SCWPlatform:: Unique name xilinx:::0.0
TRACE::2025-12-12.07:19:44::SCWPlatform::Do not have an existing db opened. 
TRACE::2025-12-12.07:19:44::SCWPlatform::Opened new HwDB with name tracker_top_0
TRACE::2025-12-12.07:19:44::SCWWriter::formatted JSON is {
	"platformName":	"tracker_top",
	"sprVersion":	"2.0",
	"mode":	"gui",
	"dsaType":	"Fixed",
	"platformDesc":	"tracker_top",
	"platHandOff":	"D:/viv/SpartanTracker/lab7_2/tracker_top.xsa",
	"platIntHandOff":	"<platformDir>/hw/tracker_top.xsa",
	"deviceType":	"FPGA",
	"platIsPrebuiltAutogen":	"false",
	"platIsNoBootBsp":	"false",
	"hasFsblMakeHasChanges":	"false",
	"hasPmufwMakeHasChanges":	"false",
	"platPreBuiltFlag":	false,
	"platformSamplesDir":	""
}
TRACE::2025-12-12.07:19:44::SCWWriter::formatted JSON is {
	"platformName":	"tracker_top",
	"sprVersion":	"2.0",
	"mode":	"gui",
	"dsaType":	"Fixed",
	"platformDesc":	"tracker_top",
	"platHandOff":	"D:/viv/SpartanTracker/lab7_2/tracker_top.xsa",
	"platIntHandOff":	"<platformDir>/hw/tracker_top.xsa",
	"deviceType":	"FPGA",
	"platIsPrebuiltAutogen":	"false",
	"platIsNoBootBsp":	"false",
	"hasFsblMakeHasChanges":	"false",
	"hasPmufwMakeHasChanges":	"false",
	"platPreBuiltFlag":	false,
	"platformSamplesDir":	"",
	"platActiveSys":	"tracker_top",
	"systems":	[{
			"systemName":	"tracker_top",
			"systemDesc":	"tracker_top",
			"sysIsBootAutoGen":	"true",
			"systemDispName":	"tracker_top"
		}]
}
TRACE::2025-12-12.07:19:44::SCWPlatform::Boot application domains not present, creating them
TRACE::2025-12-12.07:19:44::SCWPlatform::Pure FPGA device, no boot application will be created.
TRACE::2025-12-12.07:19:44::SCWWriter::formatted JSON is {
	"platformName":	"tracker_top",
	"sprVersion":	"2.0",
	"mode":	"gui",
	"dsaType":	"Fixed",
	"platformDesc":	"tracker_top",
	"platHandOff":	"D:/viv/SpartanTracker/lab7_2/tracker_top.xsa",
	"platIntHandOff":	"<platformDir>/hw/tracker_top.xsa",
	"deviceType":	"FPGA",
	"platIsPrebuiltAutogen":	"false",
	"platIsNoBootBsp":	"false",
	"hasFsblMakeHasChanges":	"false",
	"hasPmufwMakeHasChanges":	"false",
	"platPreBuiltFlag":	false,
	"platformSamplesDir":	"",
	"platActiveSys":	"tracker_top",
	"systems":	[{
			"systemName":	"tracker_top",
			"systemDesc":	"tracker_top",
			"sysIsBootAutoGen":	"true",
			"systemDispName":	"tracker_top"
		}]
}
TRACE::2025-12-12.07:19:44::SCWWriter::formatted JSON is {
	"platformName":	"tracker_top",
	"sprVersion":	"2.0",
	"mode":	"gui",
	"dsaType":	"Fixed",
	"platformDesc":	"tracker_top",
	"platHandOff":	"D:/viv/SpartanTracker/lab7_2/tracker_top.xsa",
	"platIntHandOff":	"<platformDir>/hw/tracker_top.xsa",
	"deviceType":	"FPGA",
	"platIsPrebuiltAutogen":	"false",
	"platIsNoBootBsp":	"false",
	"hasFsblMakeHasChanges":	"false",
	"hasPmufwMakeHasChanges":	"false",
	"platPreBuiltFlag":	false,
	"platformSamplesDir":	"",
	"platActiveSys":	"tracker_top",
	"systems":	[{
			"systemName":	"tracker_top",
			"systemDesc":	"tracker_top",
			"sysIsBootAutoGen":	"true",
			"systemDispName":	"tracker_top"
		}]
}
TRACE::2025-12-12.07:19:44::SCWPlatform::Trying to open the hw design at D:/viv/SpartanTracker/lab7_2/sdk/tracker_top/hw/tracker_top.xsa
TRACE::2025-12-12.07:19:44::SCWPlatform::DSA given D:/viv/SpartanTracker/lab7_2/sdk/tracker_top/hw/tracker_top.xsa
TRACE::2025-12-12.07:19:44::SCWPlatform::DSA absoulate path D:/viv/SpartanTracker/lab7_2/sdk/tracker_top/hw/tracker_top.xsa
TRACE::2025-12-12.07:19:44::SCWPlatform::DSA directory D:/viv/SpartanTracker/lab7_2/sdk/tracker_top/hw
TRACE::2025-12-12.07:19:44::SCWPlatform:: Platform Path D:/viv/SpartanTracker/lab7_2/sdk/tracker_top/hw/tracker_top.xsa
TRACE::2025-12-12.07:19:44::SCWPlatform:: Unique name xilinx:::0.0
TRACE::2025-12-12.07:19:44::SCWPlatform::Trying to set the existing hwdb with name tracker_top_0
TRACE::2025-12-12.07:19:44::SCWPlatform::Opened existing hwdb tracker_top_0
TRACE::2025-12-12.07:19:44::SCWPlatform::Found the Hw Db part of the input DSA
TRACE::2025-12-12.07:19:44::SCWPlatform::Trying to open the hw design at D:/viv/SpartanTracker/lab7_2/sdk/tracker_top/hw/tracker_top.xsa
TRACE::2025-12-12.07:19:44::SCWPlatform::DSA given D:/viv/SpartanTracker/lab7_2/sdk/tracker_top/hw/tracker_top.xsa
TRACE::2025-12-12.07:19:44::SCWPlatform::DSA absoulate path D:/viv/SpartanTracker/lab7_2/sdk/tracker_top/hw/tracker_top.xsa
TRACE::2025-12-12.07:19:44::SCWPlatform::DSA directory D:/viv/SpartanTracker/lab7_2/sdk/tracker_top/hw
TRACE::2025-12-12.07:19:44::SCWPlatform:: Platform Path D:/viv/SpartanTracker/lab7_2/sdk/tracker_top/hw/tracker_top.xsa
TRACE::2025-12-12.07:19:44::SCWPlatform:: Unique name xilinx:::0.0
TRACE::2025-12-12.07:19:44::SCWPlatform::Trying to set the existing hwdb with name tracker_top_0
TRACE::2025-12-12.07:19:44::SCWPlatform::Opened existing hwdb tracker_top_0
TRACE::2025-12-12.07:19:44::SCWPlatform::Found the Hw Db part of the input DSA
TRACE::2025-12-12.07:19:44::SCWDomain::checking for install qemu data   : 
TRACE::2025-12-12.07:19:44::SCWPlatform::Trying to open the hw design at D:/viv/SpartanTracker/lab7_2/sdk/tracker_top/hw/tracker_top.xsa
TRACE::2025-12-12.07:19:44::SCWPlatform::DSA given D:/viv/SpartanTracker/lab7_2/sdk/tracker_top/hw/tracker_top.xsa
TRACE::2025-12-12.07:19:44::SCWPlatform::DSA absoulate path D:/viv/SpartanTracker/lab7_2/sdk/tracker_top/hw/tracker_top.xsa
TRACE::2025-12-12.07:19:44::SCWPlatform::DSA directory D:/viv/SpartanTracker/lab7_2/sdk/tracker_top/hw
TRACE::2025-12-12.07:19:44::SCWPlatform:: Platform Path D:/viv/SpartanTracker/lab7_2/sdk/tracker_top/hw/tracker_top.xsa
TRACE::2025-12-12.07:19:44::SCWPlatform:: Unique name xilinx:::0.0
TRACE::2025-12-12.07:19:44::SCWPlatform::Trying to set the existing hwdb with name tracker_top_0
TRACE::2025-12-12.07:19:44::SCWPlatform::Opened existing hwdb tracker_top_0
TRACE::2025-12-12.07:19:44::SCWPlatform::Found the Hw Db part of the input DSA
TRACE::2025-12-12.07:19:44::SCWPlatform::Trying to open the hw design at D:/viv/SpartanTracker/lab7_2/sdk/tracker_top/hw/tracker_top.xsa
TRACE::2025-12-12.07:19:44::SCWPlatform::DSA given D:/viv/SpartanTracker/lab7_2/sdk/tracker_top/hw/tracker_top.xsa
TRACE::2025-12-12.07:19:44::SCWPlatform::DSA absoulate path D:/viv/SpartanTracker/lab7_2/sdk/tracker_top/hw/tracker_top.xsa
TRACE::2025-12-12.07:19:44::SCWPlatform::DSA directory D:/viv/SpartanTracker/lab7_2/sdk/tracker_top/hw
TRACE::2025-12-12.07:19:44::SCWPlatform:: Platform Path D:/viv/SpartanTracker/lab7_2/sdk/tracker_top/hw/tracker_top.xsa
TRACE::2025-12-12.07:19:44::SCWPlatform:: Unique name xilinx:::0.0
TRACE::2025-12-12.07:19:44::SCWPlatform::Trying to set the existing hwdb with name tracker_top_0
TRACE::2025-12-12.07:19:44::SCWPlatform::Opened existing hwdb tracker_top_0
TRACE::2025-12-12.07:19:44::SCWPlatform::Found the Hw Db part of the input DSA
TRACE::2025-12-12.07:19:44::SCWPlatform::Trying to open the hw design at D:/viv/SpartanTracker/lab7_2/sdk/tracker_top/hw/tracker_top.xsa
TRACE::2025-12-12.07:19:44::SCWPlatform::DSA given D:/viv/SpartanTracker/lab7_2/sdk/tracker_top/hw/tracker_top.xsa
TRACE::2025-12-12.07:19:44::SCWPlatform::DSA absoulate path D:/viv/SpartanTracker/lab7_2/sdk/tracker_top/hw/tracker_top.xsa
TRACE::2025-12-12.07:19:44::SCWPlatform::DSA directory D:/viv/SpartanTracker/lab7_2/sdk/tracker_top/hw
TRACE::2025-12-12.07:19:44::SCWPlatform:: Platform Path D:/viv/SpartanTracker/lab7_2/sdk/tracker_top/hw/tracker_top.xsa
TRACE::2025-12-12.07:19:44::SCWPlatform:: Unique name xilinx:::0.0
TRACE::2025-12-12.07:19:44::SCWPlatform::Trying to set the existing hwdb with name tracker_top_0
TRACE::2025-12-12.07:19:44::SCWPlatform::Opened existing hwdb tracker_top_0
TRACE::2025-12-12.07:19:44::SCWPlatform::Found the Hw Db part of the input DSA
TRACE::2025-12-12.07:19:44::SCWMssOS::Checking the sw design at  D:/viv/SpartanTracker/lab7_2/sdk/tracker_top/microblaze_0/standalone_microblaze_0/bsp/system.mss
TRACE::2025-12-12.07:19:44::SCWMssOS::DEBUG:  swdes dump  
TRACE::2025-12-12.07:19:44::SCWMssOS::No sw design opened at  D:/viv/SpartanTracker/lab7_2/sdk/tracker_top/microblaze_0/standalone_microblaze_0/bsp/system.mss
TRACE::2025-12-12.07:19:44::SCWMssOS::mss does not exists at D:/viv/SpartanTracker/lab7_2/sdk/tracker_top/microblaze_0/standalone_microblaze_0/bsp/system.mss
TRACE::2025-12-12.07:19:44::SCWMssOS::Creating sw design at  D:/viv/SpartanTracker/lab7_2/sdk/tracker_top/microblaze_0/standalone_microblaze_0/bsp/system.mss
TRACE::2025-12-12.07:19:44::SCWMssOS::Adding the swdes entry, created swdb D:/viv/SpartanTracker/lab7_2/sdk/tracker_top/microblaze_0/standalone_microblaze_0/bsp/system.mss with des name D:/viv/SpartanTracker/lab7_2/sdk/tracker_top/microblaze_0/standalone_microblaze_0/bsp/system.mss
TRACE::2025-12-12.07:19:44::SCWMssOS::updating the scw layer changes to swdes at   D:/viv/SpartanTracker/lab7_2/sdk/tracker_top/microblaze_0/standalone_microblaze_0/bsp/system.mss
TRACE::2025-12-12.07:19:44::SCWMssOS::Writing mss at D:/viv/SpartanTracker/lab7_2/sdk/tracker_top/microblaze_0/standalone_microblaze_0/bsp/system.mss
TRACE::2025-12-12.07:19:44::SCWMssOS::Completed writing the mss file at D:/viv/SpartanTracker/lab7_2/sdk/tracker_top/microblaze_0/standalone_microblaze_0/bsp
TRACE::2025-12-12.07:19:44::SCWMssOS::Picking up changes from newly written mss file into SCW Layer. 
TRACE::2025-12-12.07:19:44::SCWMssOS::Updated the changes from newly written mss file into SCW Layer. 
TRACE::2025-12-12.07:19:44::SCWMssOS::Completed writing the mss file at D:/viv/SpartanTracker/lab7_2/sdk/tracker_top/microblaze_0/standalone_microblaze_0/bsp
TRACE::2025-12-12.07:19:44::SCWMssOS::Forcing BSP Sources regeneration.
TRACE::2025-12-12.07:19:46::SCWMssOS::Saving the mss changes D:/viv/SpartanTracker/lab7_2/sdk/tracker_top/microblaze_0/standalone_microblaze_0/bsp/system.mss
TRACE::2025-12-12.07:19:46::SCWMssOS::Adding the swdes entry, mss present, able to open swdb D:/viv/SpartanTracker/lab7_2/sdk/tracker_top/microblaze_0/standalone_microblaze_0/bsp/system.mss with des name system
TRACE::2025-12-12.07:19:46::SCWMssOS::Writing the mss file completed D:/viv/SpartanTracker/lab7_2/sdk/tracker_top/microblaze_0/standalone_microblaze_0/bsp/system.mss
TRACE::2025-12-12.07:19:46::SCWMssOS::Commit changes completed.
TRACE::2025-12-12.07:19:46::SCWPlatform::Trying to open the hw design at D:/viv/SpartanTracker/lab7_2/sdk/tracker_top/hw/tracker_top.xsa
TRACE::2025-12-12.07:19:46::SCWPlatform::DSA given D:/viv/SpartanTracker/lab7_2/sdk/tracker_top/hw/tracker_top.xsa
TRACE::2025-12-12.07:19:46::SCWPlatform::DSA absoulate path D:/viv/SpartanTracker/lab7_2/sdk/tracker_top/hw/tracker_top.xsa
TRACE::2025-12-12.07:19:46::SCWPlatform::DSA directory D:/viv/SpartanTracker/lab7_2/sdk/tracker_top/hw
TRACE::2025-12-12.07:19:46::SCWPlatform:: Platform Path D:/viv/SpartanTracker/lab7_2/sdk/tracker_top/hw/tracker_top.xsa
TRACE::2025-12-12.07:19:46::SCWPlatform:: Unique name xilinx:::0.0
TRACE::2025-12-12.07:19:46::SCWPlatform::Trying to set the existing hwdb with name tracker_top_0
TRACE::2025-12-12.07:19:46::SCWPlatform::Opened existing hwdb tracker_top_0
TRACE::2025-12-12.07:19:46::SCWPlatform::Found the Hw Db part of the input DSA
TRACE::2025-12-12.07:19:46::SCWMssOS::Checking the sw design at  D:/viv/SpartanTracker/lab7_2/sdk/tracker_top/microblaze_0/standalone_microblaze_0/bsp/system.mss
TRACE::2025-12-12.07:19:46::SCWMssOS::DEBUG:  swdes dump  D:/viv/SpartanTracker/lab7_2/sdk/tracker_top/microblaze_0/standalone_microblaze_0/bsp/system.mss|system||

TRACE::2025-12-12.07:19:46::SCWMssOS::Sw design exists and opened at  D:/viv/SpartanTracker/lab7_2/sdk/tracker_top/microblaze_0/standalone_microblaze_0/bsp/system.mss
TRACE::2025-12-12.07:19:46::SCWPlatform::Trying to open the hw design at D:/viv/SpartanTracker/lab7_2/sdk/tracker_top/hw/tracker_top.xsa
TRACE::2025-12-12.07:19:46::SCWPlatform::DSA given D:/viv/SpartanTracker/lab7_2/sdk/tracker_top/hw/tracker_top.xsa
TRACE::2025-12-12.07:19:46::SCWPlatform::DSA absoulate path D:/viv/SpartanTracker/lab7_2/sdk/tracker_top/hw/tracker_top.xsa
TRACE::2025-12-12.07:19:46::SCWPlatform::DSA directory D:/viv/SpartanTracker/lab7_2/sdk/tracker_top/hw
TRACE::2025-12-12.07:19:46::SCWPlatform:: Platform Path D:/viv/SpartanTracker/lab7_2/sdk/tracker_top/hw/tracker_top.xsa
TRACE::2025-12-12.07:19:46::SCWPlatform:: Unique name xilinx:::0.0
TRACE::2025-12-12.07:19:46::SCWPlatform::Trying to set the existing hwdb with name tracker_top_0
TRACE::2025-12-12.07:19:46::SCWPlatform::Opened existing hwdb tracker_top_0
TRACE::2025-12-12.07:19:46::SCWPlatform::Found the Hw Db part of the input DSA
TRACE::2025-12-12.07:19:46::SCWMssOS::Checking the sw design at  D:/viv/SpartanTracker/lab7_2/sdk/tracker_top/microblaze_0/standalone_microblaze_0/bsp/system.mss
TRACE::2025-12-12.07:19:46::SCWMssOS::DEBUG:  swdes dump  D:/viv/SpartanTracker/lab7_2/sdk/tracker_top/microblaze_0/standalone_microblaze_0/bsp/system.mss|system||

TRACE::2025-12-12.07:19:46::SCWMssOS::Sw design exists and opened at  D:/viv/SpartanTracker/lab7_2/sdk/tracker_top/microblaze_0/standalone_microblaze_0/bsp/system.mss
TRACE::2025-12-12.07:19:46::SCWPlatform::Trying to open the hw design at D:/viv/SpartanTracker/lab7_2/sdk/tracker_top/hw/tracker_top.xsa
TRACE::2025-12-12.07:19:46::SCWPlatform::DSA given D:/viv/SpartanTracker/lab7_2/sdk/tracker_top/hw/tracker_top.xsa
TRACE::2025-12-12.07:19:46::SCWPlatform::DSA absoulate path D:/viv/SpartanTracker/lab7_2/sdk/tracker_top/hw/tracker_top.xsa
TRACE::2025-12-12.07:19:46::SCWPlatform::DSA directory D:/viv/SpartanTracker/lab7_2/sdk/tracker_top/hw
TRACE::2025-12-12.07:19:46::SCWPlatform:: Platform Path D:/viv/SpartanTracker/lab7_2/sdk/tracker_top/hw/tracker_top.xsa
TRACE::2025-12-12.07:19:46::SCWPlatform:: Unique name xilinx:::0.0
TRACE::2025-12-12.07:19:46::SCWPlatform::Trying to set the existing hwdb with name tracker_top_0
TRACE::2025-12-12.07:19:46::SCWPlatform::Opened existing hwdb tracker_top_0
TRACE::2025-12-12.07:19:46::SCWPlatform::Found the Hw Db part of the input DSA
TRACE::2025-12-12.07:19:46::SCWMssOS::Checking the sw design at  D:/viv/SpartanTracker/lab7_2/sdk/tracker_top/microblaze_0/standalone_microblaze_0/bsp/system.mss
TRACE::2025-12-12.07:19:46::SCWMssOS::DEBUG:  swdes dump  D:/viv/SpartanTracker/lab7_2/sdk/tracker_top/microblaze_0/standalone_microblaze_0/bsp/system.mss|system||

TRACE::2025-12-12.07:19:46::SCWMssOS::Sw design exists and opened at  D:/viv/SpartanTracker/lab7_2/sdk/tracker_top/microblaze_0/standalone_microblaze_0/bsp/system.mss
TRACE::2025-12-12.07:19:46::SCWWriter::formatted JSON is {
	"platformName":	"tracker_top",
	"sprVersion":	"2.0",
	"mode":	"gui",
	"dsaType":	"Fixed",
	"platformDesc":	"tracker_top",
	"platHandOff":	"D:/viv/SpartanTracker/lab7_2/tracker_top.xsa",
	"platIntHandOff":	"<platformDir>/hw/tracker_top.xsa",
	"deviceType":	"FPGA",
	"platIsPrebuiltAutogen":	"false",
	"platIsNoBootBsp":	"false",
	"hasFsblMakeHasChanges":	"false",
	"hasPmufwMakeHasChanges":	"false",
	"platPreBuiltFlag":	false,
	"platformSamplesDir":	"",
	"platActiveSys":	"tracker_top",
	"systems":	[{
			"systemName":	"tracker_top",
			"systemDesc":	"tracker_top",
			"sysIsBootAutoGen":	"true",
			"systemDispName":	"tracker_top",
			"sysActiveDom":	"standalone_microblaze_0",
			"sysDefaultDom":	"standalone_microblaze_0",
			"domains":	[{
					"domainName":	"standalone_microblaze_0",
					"domainDispName":	"standalone_microblaze_0",
					"domainDesc":	"standalone_microblaze_0",
					"processors":	"microblaze_0",
					"os":	"standalone",
					"sdxOs":	"standalone",
					"debugEnable":	"False",
					"domRuntimes":	["cpp"],
					"swRepo":	"",
					"mssOsVer":	"8.0",
					"mssFile":	"",
					"md5Digest":	"948367085d8c8b0e65ac10674ef4e094",
					"compatibleApp":	"hello_world",
					"domType":	"mssDomain",
					"arch":	"32-bit",
					"appSettings":	{
						"appCompilerFlags":	"",
						"appLinkerFlags":	""
					},
					"addedLibs":	[],
					"libOptions":	{
						"libsContainingOptions":	[]
					},
					"prebuiltLibs":	{
						"prebuiltIncPath":	[],
						"prebuiltLibPath":	[]
					},
					"isolation":	{
					}
				}]
		}]
}
LOG::2025-12-12.07:19:46::SCWPlatform::Started generating the artifacts platform tracker_top
TRACE::2025-12-12.07:19:46::SCWPlatform::Sanity checking of platform is completed
LOG::2025-12-12.07:19:46::SCWPlatform::Started generating the artifacts for system configuration tracker_top
LOG::2025-12-12.07:19:46::SCWSystem::Checking the domain standalone_microblaze_0
LOG::2025-12-12.07:19:46::SCWSystem::Not a boot domain 
LOG::2025-12-12.07:19:46::SCWSystem::Started Processing the domain standalone_microblaze_0
TRACE::2025-12-12.07:19:46::SCWDomain::Generating domain artifcats
TRACE::2025-12-12.07:19:46::SCWMssOS::Generating standalone artifcats
TRACE::2025-12-12.07:19:46::SCWMssOS:: Copying the user libraries. 
TRACE::2025-12-12.07:19:46::SCWPlatform::Trying to open the hw design at D:/viv/SpartanTracker/lab7_2/sdk/tracker_top/hw/tracker_top.xsa
TRACE::2025-12-12.07:19:46::SCWPlatform::DSA given D:/viv/SpartanTracker/lab7_2/sdk/tracker_top/hw/tracker_top.xsa
TRACE::2025-12-12.07:19:46::SCWPlatform::DSA absoulate path D:/viv/SpartanTracker/lab7_2/sdk/tracker_top/hw/tracker_top.xsa
TRACE::2025-12-12.07:19:46::SCWPlatform::DSA directory D:/viv/SpartanTracker/lab7_2/sdk/tracker_top/hw
TRACE::2025-12-12.07:19:46::SCWPlatform:: Platform Path D:/viv/SpartanTracker/lab7_2/sdk/tracker_top/hw/tracker_top.xsa
TRACE::2025-12-12.07:19:46::SCWPlatform:: Unique name xilinx:::0.0
TRACE::2025-12-12.07:19:46::SCWPlatform::Trying to set the existing hwdb with name tracker_top_0
TRACE::2025-12-12.07:19:46::SCWPlatform::Opened existing hwdb tracker_top_0
TRACE::2025-12-12.07:19:46::SCWPlatform::Found the Hw Db part of the input DSA
TRACE::2025-12-12.07:19:46::SCWMssOS::Checking the sw design at  D:/viv/SpartanTracker/lab7_2/sdk/tracker_top/microblaze_0/standalone_microblaze_0/bsp/system.mss
TRACE::2025-12-12.07:19:46::SCWMssOS::DEBUG:  swdes dump  D:/viv/SpartanTracker/lab7_2/sdk/tracker_top/microblaze_0/standalone_microblaze_0/bsp/system.mss|system||

TRACE::2025-12-12.07:19:46::SCWMssOS::Sw design exists and opened at  D:/viv/SpartanTracker/lab7_2/sdk/tracker_top/microblaze_0/standalone_microblaze_0/bsp/system.mss
TRACE::2025-12-12.07:19:46::SCWMssOS::Completed writing the mss file at D:/viv/SpartanTracker/lab7_2/sdk/tracker_top/microblaze_0/standalone_microblaze_0/bsp
TRACE::2025-12-12.07:19:46::SCWMssOS::Mss edits present, copying mssfile into export location D:/viv/SpartanTracker/lab7_2/sdk/tracker_top/microblaze_0/standalone_microblaze_0/bsp/system.mss
TRACE::2025-12-12.07:19:46::SCWMssOS::bsp generated is upto date with the mss file. Skipping bsp generation.
TRACE::2025-12-12.07:19:46::SCWMssOS::BSP is already built. skipping the bsp build ... 
TRACE::2025-12-12.07:19:46::SCWDomain::Skipping the build for domain :  standalone_microblaze_0
TRACE::2025-12-12.07:19:46::SCWMssOS::skipping the bsp build ... 
TRACE::2025-12-12.07:19:46::SCWMssOS::Copying to export directory.
TRACE::2025-12-12.07:19:46::SCWMssOS:: Checking if to create the Supporting Applications
TRACE::2025-12-12.07:19:46::SCWMssOS:: No Linux domain exists, trying to generate FSBL 
LOG::2025-12-12.07:19:46::SCWSystem::Completed Processing the domain standalone_microblaze_0
LOG::2025-12-12.07:19:46::SCWSystem::Completed Processing the sysconfig tracker_top
LOG::2025-12-12.07:19:46::SCWPlatform::Completed generating the artifacts for system configuration tracker_top
TRACE::2025-12-12.07:19:46::SCWPlatform::Started preparing the platform 
TRACE::2025-12-12.07:19:46::SCWSystem::Writing the bif file for system config tracker_top
TRACE::2025-12-12.07:19:46::SCWSystem::dir created 
TRACE::2025-12-12.07:19:46::SCWSystem::Writing the bif 
TRACE::2025-12-12.07:19:46::SCWPlatform::Started writing the spfm file 
TRACE::2025-12-12.07:19:46::SCWPlatform::Started writing the xpfm file 
TRACE::2025-12-12.07:19:46::SCWPlatform::Completed generating the platform
TRACE::2025-12-12.07:19:46::SCWMssOS::Saving the mss changes D:/viv/SpartanTracker/lab7_2/sdk/tracker_top/microblaze_0/standalone_microblaze_0/bsp/system.mss
TRACE::2025-12-12.07:19:46::SCWMssOS::Found a swdesign opened with the mssfile.
TRACE::2025-12-12.07:19:46::SCWMssOS::Completed writemss as part of save.
TRACE::2025-12-12.07:19:46::SCWMssOS::Commit changes completed.
TRACE::2025-12-12.07:19:46::SCWPlatform::Trying to open the hw design at D:/viv/SpartanTracker/lab7_2/sdk/tracker_top/hw/tracker_top.xsa
TRACE::2025-12-12.07:19:46::SCWPlatform::DSA given D:/viv/SpartanTracker/lab7_2/sdk/tracker_top/hw/tracker_top.xsa
TRACE::2025-12-12.07:19:46::SCWPlatform::DSA absoulate path D:/viv/SpartanTracker/lab7_2/sdk/tracker_top/hw/tracker_top.xsa
TRACE::2025-12-12.07:19:46::SCWPlatform::DSA directory D:/viv/SpartanTracker/lab7_2/sdk/tracker_top/hw
TRACE::2025-12-12.07:19:46::SCWPlatform:: Platform Path D:/viv/SpartanTracker/lab7_2/sdk/tracker_top/hw/tracker_top.xsa
TRACE::2025-12-12.07:19:46::SCWPlatform:: Unique name xilinx:::0.0
TRACE::2025-12-12.07:19:46::SCWPlatform::Trying to set the existing hwdb with name tracker_top_0
TRACE::2025-12-12.07:19:46::SCWPlatform::Opened existing hwdb tracker_top_0
TRACE::2025-12-12.07:19:46::SCWPlatform::Found the Hw Db part of the input DSA
TRACE::2025-12-12.07:19:46::SCWMssOS::Checking the sw design at  D:/viv/SpartanTracker/lab7_2/sdk/tracker_top/microblaze_0/standalone_microblaze_0/bsp/system.mss
TRACE::2025-12-12.07:19:46::SCWMssOS::DEBUG:  swdes dump  D:/viv/SpartanTracker/lab7_2/sdk/tracker_top/microblaze_0/standalone_microblaze_0/bsp/system.mss|system||

TRACE::2025-12-12.07:19:46::SCWMssOS::Sw design exists and opened at  D:/viv/SpartanTracker/lab7_2/sdk/tracker_top/microblaze_0/standalone_microblaze_0/bsp/system.mss
TRACE::2025-12-12.07:19:46::SCWPlatform::Trying to open the hw design at D:/viv/SpartanTracker/lab7_2/sdk/tracker_top/hw/tracker_top.xsa
TRACE::2025-12-12.07:19:46::SCWPlatform::DSA given D:/viv/SpartanTracker/lab7_2/sdk/tracker_top/hw/tracker_top.xsa
TRACE::2025-12-12.07:19:46::SCWPlatform::DSA absoulate path D:/viv/SpartanTracker/lab7_2/sdk/tracker_top/hw/tracker_top.xsa
TRACE::2025-12-12.07:19:46::SCWPlatform::DSA directory D:/viv/SpartanTracker/lab7_2/sdk/tracker_top/hw
TRACE::2025-12-12.07:19:46::SCWPlatform:: Platform Path D:/viv/SpartanTracker/lab7_2/sdk/tracker_top/hw/tracker_top.xsa
TRACE::2025-12-12.07:19:46::SCWPlatform:: Unique name xilinx:::0.0
TRACE::2025-12-12.07:19:46::SCWPlatform::Trying to set the existing hwdb with name tracker_top_0
TRACE::2025-12-12.07:19:46::SCWPlatform::Opened existing hwdb tracker_top_0
TRACE::2025-12-12.07:19:46::SCWPlatform::Found the Hw Db part of the input DSA
TRACE::2025-12-12.07:19:46::SCWMssOS::Checking the sw design at  D:/viv/SpartanTracker/lab7_2/sdk/tracker_top/microblaze_0/standalone_microblaze_0/bsp/system.mss
TRACE::2025-12-12.07:19:46::SCWMssOS::DEBUG:  swdes dump  D:/viv/SpartanTracker/lab7_2/sdk/tracker_top/microblaze_0/standalone_microblaze_0/bsp/system.mss|system||

TRACE::2025-12-12.07:19:46::SCWMssOS::Sw design exists and opened at  D:/viv/SpartanTracker/lab7_2/sdk/tracker_top/microblaze_0/standalone_microblaze_0/bsp/system.mss
TRACE::2025-12-12.07:19:46::SCWPlatform::Trying to open the hw design at D:/viv/SpartanTracker/lab7_2/sdk/tracker_top/hw/tracker_top.xsa
TRACE::2025-12-12.07:19:46::SCWPlatform::DSA given D:/viv/SpartanTracker/lab7_2/sdk/tracker_top/hw/tracker_top.xsa
TRACE::2025-12-12.07:19:46::SCWPlatform::DSA absoulate path D:/viv/SpartanTracker/lab7_2/sdk/tracker_top/hw/tracker_top.xsa
TRACE::2025-12-12.07:19:46::SCWPlatform::DSA directory D:/viv/SpartanTracker/lab7_2/sdk/tracker_top/hw
TRACE::2025-12-12.07:19:46::SCWPlatform:: Platform Path D:/viv/SpartanTracker/lab7_2/sdk/tracker_top/hw/tracker_top.xsa
TRACE::2025-12-12.07:19:46::SCWPlatform:: Unique name xilinx:::0.0
TRACE::2025-12-12.07:19:46::SCWPlatform::Trying to set the existing hwdb with name tracker_top_0
TRACE::2025-12-12.07:19:46::SCWPlatform::Opened existing hwdb tracker_top_0
TRACE::2025-12-12.07:19:46::SCWPlatform::Found the Hw Db part of the input DSA
TRACE::2025-12-12.07:19:46::SCWMssOS::Checking the sw design at  D:/viv/SpartanTracker/lab7_2/sdk/tracker_top/microblaze_0/standalone_microblaze_0/bsp/system.mss
TRACE::2025-12-12.07:19:46::SCWMssOS::DEBUG:  swdes dump  D:/viv/SpartanTracker/lab7_2/sdk/tracker_top/microblaze_0/standalone_microblaze_0/bsp/system.mss|system||

TRACE::2025-12-12.07:19:46::SCWMssOS::Sw design exists and opened at  D:/viv/SpartanTracker/lab7_2/sdk/tracker_top/microblaze_0/standalone_microblaze_0/bsp/system.mss
TRACE::2025-12-12.07:19:46::SCWWriter::formatted JSON is {
	"platformName":	"tracker_top",
	"sprVersion":	"2.0",
	"mode":	"gui",
	"dsaType":	"Fixed",
	"platformDesc":	"tracker_top",
	"platHandOff":	"D:/viv/SpartanTracker/lab7_2/tracker_top.xsa",
	"platIntHandOff":	"<platformDir>/hw/tracker_top.xsa",
	"deviceType":	"FPGA",
	"platIsPrebuiltAutogen":	"false",
	"platIsNoBootBsp":	"false",
	"hasFsblMakeHasChanges":	"false",
	"hasPmufwMakeHasChanges":	"false",
	"platPreBuiltFlag":	false,
	"platformSamplesDir":	"",
	"platActiveSys":	"tracker_top",
	"systems":	[{
			"systemName":	"tracker_top",
			"systemDesc":	"tracker_top",
			"sysIsBootAutoGen":	"true",
			"systemDispName":	"tracker_top",
			"sysActiveDom":	"standalone_microblaze_0",
			"sysDefaultDom":	"standalone_microblaze_0",
			"domains":	[{
					"domainName":	"standalone_microblaze_0",
					"domainDispName":	"standalone_microblaze_0",
					"domainDesc":	"standalone_microblaze_0",
					"processors":	"microblaze_0",
					"os":	"standalone",
					"sdxOs":	"standalone",
					"debugEnable":	"False",
					"domRuntimes":	["cpp"],
					"swRepo":	"",
					"mssOsVer":	"8.0",
					"mssFile":	"",
					"md5Digest":	"948367085d8c8b0e65ac10674ef4e094",
					"compatibleApp":	"hello_world",
					"domType":	"mssDomain",
					"arch":	"32-bit",
					"appSettings":	{
						"appCompilerFlags":	"",
						"appLinkerFlags":	""
					},
					"addedLibs":	[],
					"libOptions":	{
						"libsContainingOptions":	[]
					},
					"prebuiltLibs":	{
						"prebuiltIncPath":	[],
						"prebuiltLibPath":	[]
					},
					"isolation":	{
					}
				}]
		}]
}
KEYINFO::2025-12-12.07:19:46::SCWPlatform::updated the xpfm file.
TRACE::2025-12-12.07:19:46::SCWPlatform::Trying to open the hw design at D:/viv/SpartanTracker/lab7_2/sdk/tracker_top/hw/tracker_top.xsa
TRACE::2025-12-12.07:19:46::SCWPlatform::DSA given D:/viv/SpartanTracker/lab7_2/sdk/tracker_top/hw/tracker_top.xsa
TRACE::2025-12-12.07:19:46::SCWPlatform::DSA absoulate path D:/viv/SpartanTracker/lab7_2/sdk/tracker_top/hw/tracker_top.xsa
TRACE::2025-12-12.07:19:46::SCWPlatform::DSA directory D:/viv/SpartanTracker/lab7_2/sdk/tracker_top/hw
TRACE::2025-12-12.07:19:46::SCWPlatform:: Platform Path D:/viv/SpartanTracker/lab7_2/sdk/tracker_top/hw/tracker_top.xsa
TRACE::2025-12-12.07:19:46::SCWPlatform:: Unique name xilinx:::0.0
TRACE::2025-12-12.07:19:46::SCWPlatform::Trying to set the existing hwdb with name tracker_top_0
TRACE::2025-12-12.07:19:46::SCWPlatform::Opened existing hwdb tracker_top_0
TRACE::2025-12-12.07:19:46::SCWPlatform::Found the Hw Db part of the input DSA
TRACE::2025-12-12.07:19:46::SCWMssOS::Checking the sw design at  D:/viv/SpartanTracker/lab7_2/sdk/tracker_top/microblaze_0/standalone_microblaze_0/bsp/system.mss
TRACE::2025-12-12.07:19:46::SCWMssOS::DEBUG:  swdes dump  D:/viv/SpartanTracker/lab7_2/sdk/tracker_top/microblaze_0/standalone_microblaze_0/bsp/system.mss|system||

TRACE::2025-12-12.07:19:46::SCWMssOS::Sw design exists and opened at  D:/viv/SpartanTracker/lab7_2/sdk/tracker_top/microblaze_0/standalone_microblaze_0/bsp/system.mss
TRACE::2025-12-12.07:19:46::SCWMssOS::Saving the mss changes D:/viv/SpartanTracker/lab7_2/sdk/tracker_top/microblaze_0/standalone_microblaze_0/bsp/system.mss
TRACE::2025-12-12.07:19:46::SCWMssOS::Found a swdesign opened with the mssfile.
TRACE::2025-12-12.07:19:46::SCWMssOS::Completed writemss as part of save.
TRACE::2025-12-12.07:19:46::SCWMssOS::Commit changes completed.
TRACE::2025-12-12.07:19:46::SCWPlatform::Trying to open the hw design at D:/viv/SpartanTracker/lab7_2/sdk/tracker_top/hw/tracker_top.xsa
TRACE::2025-12-12.07:19:46::SCWPlatform::DSA given D:/viv/SpartanTracker/lab7_2/sdk/tracker_top/hw/tracker_top.xsa
TRACE::2025-12-12.07:19:46::SCWPlatform::DSA absoulate path D:/viv/SpartanTracker/lab7_2/sdk/tracker_top/hw/tracker_top.xsa
TRACE::2025-12-12.07:19:46::SCWPlatform::DSA directory D:/viv/SpartanTracker/lab7_2/sdk/tracker_top/hw
TRACE::2025-12-12.07:19:46::SCWPlatform:: Platform Path D:/viv/SpartanTracker/lab7_2/sdk/tracker_top/hw/tracker_top.xsa
TRACE::2025-12-12.07:19:46::SCWPlatform:: Unique name xilinx:::0.0
TRACE::2025-12-12.07:19:46::SCWPlatform::Trying to set the existing hwdb with name tracker_top_0
TRACE::2025-12-12.07:19:46::SCWPlatform::Opened existing hwdb tracker_top_0
TRACE::2025-12-12.07:19:46::SCWPlatform::Found the Hw Db part of the input DSA
TRACE::2025-12-12.07:19:46::SCWMssOS::Checking the sw design at  D:/viv/SpartanTracker/lab7_2/sdk/tracker_top/microblaze_0/standalone_microblaze_0/bsp/system.mss
TRACE::2025-12-12.07:19:46::SCWMssOS::DEBUG:  swdes dump  D:/viv/SpartanTracker/lab7_2/sdk/tracker_top/microblaze_0/standalone_microblaze_0/bsp/system.mss|system||

TRACE::2025-12-12.07:19:46::SCWMssOS::Sw design exists and opened at  D:/viv/SpartanTracker/lab7_2/sdk/tracker_top/microblaze_0/standalone_microblaze_0/bsp/system.mss
TRACE::2025-12-12.07:19:46::SCWPlatform::Trying to open the hw design at D:/viv/SpartanTracker/lab7_2/sdk/tracker_top/hw/tracker_top.xsa
TRACE::2025-12-12.07:19:46::SCWPlatform::DSA given D:/viv/SpartanTracker/lab7_2/sdk/tracker_top/hw/tracker_top.xsa
TRACE::2025-12-12.07:19:46::SCWPlatform::DSA absoulate path D:/viv/SpartanTracker/lab7_2/sdk/tracker_top/hw/tracker_top.xsa
TRACE::2025-12-12.07:19:46::SCWPlatform::DSA directory D:/viv/SpartanTracker/lab7_2/sdk/tracker_top/hw
TRACE::2025-12-12.07:19:46::SCWPlatform:: Platform Path D:/viv/SpartanTracker/lab7_2/sdk/tracker_top/hw/tracker_top.xsa
TRACE::2025-12-12.07:19:46::SCWPlatform:: Unique name xilinx:::0.0
TRACE::2025-12-12.07:19:46::SCWPlatform::Trying to set the existing hwdb with name tracker_top_0
TRACE::2025-12-12.07:19:46::SCWPlatform::Opened existing hwdb tracker_top_0
TRACE::2025-12-12.07:19:46::SCWPlatform::Found the Hw Db part of the input DSA
TRACE::2025-12-12.07:19:46::SCWMssOS::Checking the sw design at  D:/viv/SpartanTracker/lab7_2/sdk/tracker_top/microblaze_0/standalone_microblaze_0/bsp/system.mss
TRACE::2025-12-12.07:19:46::SCWMssOS::DEBUG:  swdes dump  D:/viv/SpartanTracker/lab7_2/sdk/tracker_top/microblaze_0/standalone_microblaze_0/bsp/system.mss|system||

TRACE::2025-12-12.07:19:46::SCWMssOS::Sw design exists and opened at  D:/viv/SpartanTracker/lab7_2/sdk/tracker_top/microblaze_0/standalone_microblaze_0/bsp/system.mss
TRACE::2025-12-12.07:19:46::SCWPlatform::Trying to open the hw design at D:/viv/SpartanTracker/lab7_2/sdk/tracker_top/hw/tracker_top.xsa
TRACE::2025-12-12.07:19:46::SCWPlatform::DSA given D:/viv/SpartanTracker/lab7_2/sdk/tracker_top/hw/tracker_top.xsa
TRACE::2025-12-12.07:19:46::SCWPlatform::DSA absoulate path D:/viv/SpartanTracker/lab7_2/sdk/tracker_top/hw/tracker_top.xsa
TRACE::2025-12-12.07:19:46::SCWPlatform::DSA directory D:/viv/SpartanTracker/lab7_2/sdk/tracker_top/hw
TRACE::2025-12-12.07:19:46::SCWPlatform:: Platform Path D:/viv/SpartanTracker/lab7_2/sdk/tracker_top/hw/tracker_top.xsa
TRACE::2025-12-12.07:19:46::SCWPlatform:: Unique name xilinx:::0.0
TRACE::2025-12-12.07:19:46::SCWPlatform::Trying to set the existing hwdb with name tracker_top_0
TRACE::2025-12-12.07:19:46::SCWPlatform::Opened existing hwdb tracker_top_0
TRACE::2025-12-12.07:19:46::SCWPlatform::Found the Hw Db part of the input DSA
TRACE::2025-12-12.07:19:46::SCWMssOS::Checking the sw design at  D:/viv/SpartanTracker/lab7_2/sdk/tracker_top/microblaze_0/standalone_microblaze_0/bsp/system.mss
TRACE::2025-12-12.07:19:46::SCWMssOS::DEBUG:  swdes dump  D:/viv/SpartanTracker/lab7_2/sdk/tracker_top/microblaze_0/standalone_microblaze_0/bsp/system.mss|system||

TRACE::2025-12-12.07:19:46::SCWMssOS::Sw design exists and opened at  D:/viv/SpartanTracker/lab7_2/sdk/tracker_top/microblaze_0/standalone_microblaze_0/bsp/system.mss
TRACE::2025-12-12.07:19:46::SCWWriter::formatted JSON is {
	"platformName":	"tracker_top",
	"sprVersion":	"2.0",
	"mode":	"gui",
	"dsaType":	"Fixed",
	"platformDesc":	"tracker_top",
	"platHandOff":	"D:/viv/SpartanTracker/lab7_2/tracker_top.xsa",
	"platIntHandOff":	"<platformDir>/hw/tracker_top.xsa",
	"deviceType":	"FPGA",
	"platIsPrebuiltAutogen":	"false",
	"platIsNoBootBsp":	"false",
	"hasFsblMakeHasChanges":	"false",
	"hasPmufwMakeHasChanges":	"false",
	"platPreBuiltFlag":	false,
	"platformSamplesDir":	"",
	"platActiveSys":	"tracker_top",
	"systems":	[{
			"systemName":	"tracker_top",
			"systemDesc":	"tracker_top",
			"sysIsBootAutoGen":	"true",
			"systemDispName":	"tracker_top",
			"sysActiveDom":	"standalone_microblaze_0",
			"sysDefaultDom":	"standalone_microblaze_0",
			"domains":	[{
					"domainName":	"standalone_microblaze_0",
					"domainDispName":	"standalone_microblaze_0",
					"domainDesc":	"standalone_microblaze_0",
					"processors":	"microblaze_0",
					"os":	"standalone",
					"sdxOs":	"standalone",
					"debugEnable":	"False",
					"domRuntimes":	["cpp"],
					"swRepo":	"",
					"mssOsVer":	"8.0",
					"mssFile":	"",
					"md5Digest":	"948367085d8c8b0e65ac10674ef4e094",
					"compatibleApp":	"hello_world",
					"domType":	"mssDomain",
					"arch":	"32-bit",
					"appSettings":	{
						"appCompilerFlags":	"",
						"appLinkerFlags":	""
					},
					"addedLibs":	[],
					"libOptions":	{
						"libsContainingOptions":	[]
					},
					"prebuiltLibs":	{
						"prebuiltIncPath":	[],
						"prebuiltLibPath":	[]
					},
					"isolation":	{
					}
				}]
		}]
}
TRACE::2025-12-12.07:19:46::SCWPlatform::Trying to open the hw design at D:/viv/SpartanTracker/lab7_2/sdk/tracker_top/hw/tracker_top.xsa
TRACE::2025-12-12.07:19:46::SCWPlatform::DSA given D:/viv/SpartanTracker/lab7_2/sdk/tracker_top/hw/tracker_top.xsa
TRACE::2025-12-12.07:19:46::SCWPlatform::DSA absoulate path D:/viv/SpartanTracker/lab7_2/sdk/tracker_top/hw/tracker_top.xsa
TRACE::2025-12-12.07:19:46::SCWPlatform::DSA directory D:/viv/SpartanTracker/lab7_2/sdk/tracker_top/hw
TRACE::2025-12-12.07:19:46::SCWPlatform:: Platform Path D:/viv/SpartanTracker/lab7_2/sdk/tracker_top/hw/tracker_top.xsa
TRACE::2025-12-12.07:19:46::SCWPlatform:: Unique name xilinx:::0.0
TRACE::2025-12-12.07:19:46::SCWPlatform::Trying to set the existing hwdb with name tracker_top_0
TRACE::2025-12-12.07:19:46::SCWPlatform::Opened existing hwdb tracker_top_0
TRACE::2025-12-12.07:19:46::SCWPlatform::Found the Hw Db part of the input DSA
TRACE::2025-12-12.07:19:46::SCWMssOS::Checking the sw design at  D:/viv/SpartanTracker/lab7_2/sdk/tracker_top/microblaze_0/standalone_microblaze_0/bsp/system.mss
TRACE::2025-12-12.07:19:46::SCWMssOS::DEBUG:  swdes dump  D:/viv/SpartanTracker/lab7_2/sdk/tracker_top/microblaze_0/standalone_microblaze_0/bsp/system.mss|system||

TRACE::2025-12-12.07:19:46::SCWMssOS::Sw design exists and opened at  D:/viv/SpartanTracker/lab7_2/sdk/tracker_top/microblaze_0/standalone_microblaze_0/bsp/system.mss
TRACE::2025-12-12.07:19:46::SCWPlatform::Trying to open the hw design at D:/viv/SpartanTracker/lab7_2/sdk/tracker_top/hw/tracker_top.xsa
TRACE::2025-12-12.07:19:46::SCWPlatform::DSA given D:/viv/SpartanTracker/lab7_2/sdk/tracker_top/hw/tracker_top.xsa
TRACE::2025-12-12.07:19:46::SCWPlatform::DSA absoulate path D:/viv/SpartanTracker/lab7_2/sdk/tracker_top/hw/tracker_top.xsa
TRACE::2025-12-12.07:19:46::SCWPlatform::DSA directory D:/viv/SpartanTracker/lab7_2/sdk/tracker_top/hw
TRACE::2025-12-12.07:19:46::SCWPlatform:: Platform Path D:/viv/SpartanTracker/lab7_2/sdk/tracker_top/hw/tracker_top.xsa
TRACE::2025-12-12.07:19:46::SCWPlatform:: Unique name xilinx:::0.0
TRACE::2025-12-12.07:19:46::SCWPlatform::Trying to set the existing hwdb with name tracker_top_0
TRACE::2025-12-12.07:19:46::SCWPlatform::Opened existing hwdb tracker_top_0
TRACE::2025-12-12.07:19:46::SCWPlatform::Found the Hw Db part of the input DSA
TRACE::2025-12-12.07:19:46::SCWMssOS::Checking the sw design at  D:/viv/SpartanTracker/lab7_2/sdk/tracker_top/microblaze_0/standalone_microblaze_0/bsp/system.mss
TRACE::2025-12-12.07:19:46::SCWMssOS::DEBUG:  swdes dump  D:/viv/SpartanTracker/lab7_2/sdk/tracker_top/microblaze_0/standalone_microblaze_0/bsp/system.mss|system||

TRACE::2025-12-12.07:19:46::SCWMssOS::Sw design exists and opened at  D:/viv/SpartanTracker/lab7_2/sdk/tracker_top/microblaze_0/standalone_microblaze_0/bsp/system.mss
TRACE::2025-12-12.07:19:46::SCWMssOS::Saving the mss changes D:/viv/SpartanTracker/lab7_2/sdk/tracker_top/microblaze_0/standalone_microblaze_0/bsp/system.mss
TRACE::2025-12-12.07:19:46::SCWMssOS::Found a swdesign opened with the mssfile.
TRACE::2025-12-12.07:19:46::SCWMssOS::Completed writemss as part of save.
TRACE::2025-12-12.07:19:46::SCWMssOS::Commit changes completed.
TRACE::2025-12-12.07:19:46::SCWPlatform::Trying to open the hw design at D:/viv/SpartanTracker/lab7_2/sdk/tracker_top/hw/tracker_top.xsa
TRACE::2025-12-12.07:19:46::SCWPlatform::DSA given D:/viv/SpartanTracker/lab7_2/sdk/tracker_top/hw/tracker_top.xsa
TRACE::2025-12-12.07:19:46::SCWPlatform::DSA absoulate path D:/viv/SpartanTracker/lab7_2/sdk/tracker_top/hw/tracker_top.xsa
TRACE::2025-12-12.07:19:46::SCWPlatform::DSA directory D:/viv/SpartanTracker/lab7_2/sdk/tracker_top/hw
TRACE::2025-12-12.07:19:46::SCWPlatform:: Platform Path D:/viv/SpartanTracker/lab7_2/sdk/tracker_top/hw/tracker_top.xsa
TRACE::2025-12-12.07:19:46::SCWPlatform:: Unique name xilinx:::0.0
TRACE::2025-12-12.07:19:46::SCWPlatform::Trying to set the existing hwdb with name tracker_top_0
TRACE::2025-12-12.07:19:46::SCWPlatform::Opened existing hwdb tracker_top_0
TRACE::2025-12-12.07:19:46::SCWPlatform::Found the Hw Db part of the input DSA
TRACE::2025-12-12.07:19:46::SCWMssOS::Checking the sw design at  D:/viv/SpartanTracker/lab7_2/sdk/tracker_top/microblaze_0/standalone_microblaze_0/bsp/system.mss
TRACE::2025-12-12.07:19:46::SCWMssOS::DEBUG:  swdes dump  D:/viv/SpartanTracker/lab7_2/sdk/tracker_top/microblaze_0/standalone_microblaze_0/bsp/system.mss|system||

TRACE::2025-12-12.07:19:46::SCWMssOS::Sw design exists and opened at  D:/viv/SpartanTracker/lab7_2/sdk/tracker_top/microblaze_0/standalone_microblaze_0/bsp/system.mss
TRACE::2025-12-12.07:19:46::SCWPlatform::Trying to open the hw design at D:/viv/SpartanTracker/lab7_2/sdk/tracker_top/hw/tracker_top.xsa
TRACE::2025-12-12.07:19:46::SCWPlatform::DSA given D:/viv/SpartanTracker/lab7_2/sdk/tracker_top/hw/tracker_top.xsa
TRACE::2025-12-12.07:19:46::SCWPlatform::DSA absoulate path D:/viv/SpartanTracker/lab7_2/sdk/tracker_top/hw/tracker_top.xsa
TRACE::2025-12-12.07:19:46::SCWPlatform::DSA directory D:/viv/SpartanTracker/lab7_2/sdk/tracker_top/hw
TRACE::2025-12-12.07:19:46::SCWPlatform:: Platform Path D:/viv/SpartanTracker/lab7_2/sdk/tracker_top/hw/tracker_top.xsa
TRACE::2025-12-12.07:19:46::SCWPlatform:: Unique name xilinx:::0.0
TRACE::2025-12-12.07:19:46::SCWPlatform::Trying to set the existing hwdb with name tracker_top_0
TRACE::2025-12-12.07:19:46::SCWPlatform::Opened existing hwdb tracker_top_0
TRACE::2025-12-12.07:19:46::SCWPlatform::Found the Hw Db part of the input DSA
TRACE::2025-12-12.07:19:46::SCWMssOS::Checking the sw design at  D:/viv/SpartanTracker/lab7_2/sdk/tracker_top/microblaze_0/standalone_microblaze_0/bsp/system.mss
TRACE::2025-12-12.07:19:46::SCWMssOS::DEBUG:  swdes dump  D:/viv/SpartanTracker/lab7_2/sdk/tracker_top/microblaze_0/standalone_microblaze_0/bsp/system.mss|system||

TRACE::2025-12-12.07:19:46::SCWMssOS::Sw design exists and opened at  D:/viv/SpartanTracker/lab7_2/sdk/tracker_top/microblaze_0/standalone_microblaze_0/bsp/system.mss
TRACE::2025-12-12.07:19:46::SCWPlatform::Trying to open the hw design at D:/viv/SpartanTracker/lab7_2/sdk/tracker_top/hw/tracker_top.xsa
TRACE::2025-12-12.07:19:46::SCWPlatform::DSA given D:/viv/SpartanTracker/lab7_2/sdk/tracker_top/hw/tracker_top.xsa
TRACE::2025-12-12.07:19:46::SCWPlatform::DSA absoulate path D:/viv/SpartanTracker/lab7_2/sdk/tracker_top/hw/tracker_top.xsa
TRACE::2025-12-12.07:19:46::SCWPlatform::DSA directory D:/viv/SpartanTracker/lab7_2/sdk/tracker_top/hw
TRACE::2025-12-12.07:19:46::SCWPlatform:: Platform Path D:/viv/SpartanTracker/lab7_2/sdk/tracker_top/hw/tracker_top.xsa
TRACE::2025-12-12.07:19:46::SCWPlatform:: Unique name xilinx:::0.0
TRACE::2025-12-12.07:19:46::SCWPlatform::Trying to set the existing hwdb with name tracker_top_0
TRACE::2025-12-12.07:19:46::SCWPlatform::Opened existing hwdb tracker_top_0
TRACE::2025-12-12.07:19:46::SCWPlatform::Found the Hw Db part of the input DSA
TRACE::2025-12-12.07:19:46::SCWMssOS::Checking the sw design at  D:/viv/SpartanTracker/lab7_2/sdk/tracker_top/microblaze_0/standalone_microblaze_0/bsp/system.mss
TRACE::2025-12-12.07:19:46::SCWMssOS::DEBUG:  swdes dump  D:/viv/SpartanTracker/lab7_2/sdk/tracker_top/microblaze_0/standalone_microblaze_0/bsp/system.mss|system||

TRACE::2025-12-12.07:19:46::SCWMssOS::Sw design exists and opened at  D:/viv/SpartanTracker/lab7_2/sdk/tracker_top/microblaze_0/standalone_microblaze_0/bsp/system.mss
TRACE::2025-12-12.07:19:46::SCWWriter::formatted JSON is {
	"platformName":	"tracker_top",
	"sprVersion":	"2.0",
	"mode":	"gui",
	"dsaType":	"Fixed",
	"platformDesc":	"tracker_top",
	"platHandOff":	"D:/viv/SpartanTracker/lab7_2/tracker_top.xsa",
	"platIntHandOff":	"<platformDir>/hw/tracker_top.xsa",
	"deviceType":	"FPGA",
	"platIsPrebuiltAutogen":	"false",
	"platIsNoBootBsp":	"false",
	"hasFsblMakeHasChanges":	"false",
	"hasPmufwMakeHasChanges":	"false",
	"platPreBuiltFlag":	false,
	"platformSamplesDir":	"",
	"platActiveSys":	"tracker_top",
	"systems":	[{
			"systemName":	"tracker_top",
			"systemDesc":	"tracker_top",
			"sysIsBootAutoGen":	"true",
			"systemDispName":	"tracker_top",
			"sysActiveDom":	"standalone_microblaze_0",
			"sysDefaultDom":	"standalone_microblaze_0",
			"domains":	[{
					"domainName":	"standalone_microblaze_0",
					"domainDispName":	"standalone_microblaze_0",
					"domainDesc":	"standalone_microblaze_0",
					"processors":	"microblaze_0",
					"os":	"standalone",
					"sdxOs":	"standalone",
					"debugEnable":	"False",
					"domRuntimes":	["cpp"],
					"swRepo":	"",
					"mssOsVer":	"8.0",
					"mssFile":	"",
					"md5Digest":	"948367085d8c8b0e65ac10674ef4e094",
					"compatibleApp":	"hello_world",
					"domType":	"mssDomain",
					"arch":	"32-bit",
					"appSettings":	{
						"appCompilerFlags":	"",
						"appLinkerFlags":	""
					},
					"addedLibs":	[],
					"libOptions":	{
						"libsContainingOptions":	[]
					},
					"prebuiltLibs":	{
						"prebuiltIncPath":	[],
						"prebuiltLibPath":	[]
					},
					"isolation":	{
					}
				}]
		}]
}
LOG::2025-12-12.07:19:46::SCWPlatform::Started generating the artifacts platform tracker_top
TRACE::2025-12-12.07:19:46::SCWPlatform::Sanity checking of platform is completed
LOG::2025-12-12.07:19:46::SCWPlatform::Started generating the artifacts for system configuration tracker_top
LOG::2025-12-12.07:19:46::SCWSystem::Started Processing the domain standalone_microblaze_0
TRACE::2025-12-12.07:19:46::SCWDomain::Generating domain artifcats
TRACE::2025-12-12.07:19:46::SCWMssOS::Generating standalone artifcats
TRACE::2025-12-12.07:19:46::SCWMssOS:: Copying the user libraries. 
TRACE::2025-12-12.07:19:46::SCWPlatform::Trying to open the hw design at D:/viv/SpartanTracker/lab7_2/sdk/tracker_top/hw/tracker_top.xsa
TRACE::2025-12-12.07:19:46::SCWPlatform::DSA given D:/viv/SpartanTracker/lab7_2/sdk/tracker_top/hw/tracker_top.xsa
TRACE::2025-12-12.07:19:46::SCWPlatform::DSA absoulate path D:/viv/SpartanTracker/lab7_2/sdk/tracker_top/hw/tracker_top.xsa
TRACE::2025-12-12.07:19:46::SCWPlatform::DSA directory D:/viv/SpartanTracker/lab7_2/sdk/tracker_top/hw
TRACE::2025-12-12.07:19:46::SCWPlatform:: Platform Path D:/viv/SpartanTracker/lab7_2/sdk/tracker_top/hw/tracker_top.xsa
TRACE::2025-12-12.07:19:46::SCWPlatform:: Unique name xilinx:::0.0
TRACE::2025-12-12.07:19:46::SCWPlatform::Trying to set the existing hwdb with name tracker_top_0
TRACE::2025-12-12.07:19:46::SCWPlatform::Opened existing hwdb tracker_top_0
TRACE::2025-12-12.07:19:46::SCWPlatform::Found the Hw Db part of the input DSA
TRACE::2025-12-12.07:19:46::SCWMssOS::Checking the sw design at  D:/viv/SpartanTracker/lab7_2/sdk/tracker_top/microblaze_0/standalone_microblaze_0/bsp/system.mss
TRACE::2025-12-12.07:19:46::SCWMssOS::DEBUG:  swdes dump  D:/viv/SpartanTracker/lab7_2/sdk/tracker_top/microblaze_0/standalone_microblaze_0/bsp/system.mss|system||

TRACE::2025-12-12.07:19:46::SCWMssOS::Sw design exists and opened at  D:/viv/SpartanTracker/lab7_2/sdk/tracker_top/microblaze_0/standalone_microblaze_0/bsp/system.mss
TRACE::2025-12-12.07:19:46::SCWMssOS::Completed writing the mss file at D:/viv/SpartanTracker/lab7_2/sdk/tracker_top/microblaze_0/standalone_microblaze_0/bsp
TRACE::2025-12-12.07:19:46::SCWMssOS::Mss edits present, copying mssfile into export location D:/viv/SpartanTracker/lab7_2/sdk/tracker_top/microblaze_0/standalone_microblaze_0/bsp/system.mss
TRACE::2025-12-12.07:19:46::SCWMssOS::bsp generated is upto date with the mss file. Skipping bsp generation.
TRACE::2025-12-12.07:19:46::SCWMssOS::BSP is already built. skipping the bsp build ... 
TRACE::2025-12-12.07:19:46::SCWDomain::Building the domain as part of full build :  standalone_microblaze_0
TRACE::2025-12-12.07:19:46::SCWMssOS::skipping the bsp build ... 
TRACE::2025-12-12.07:19:46::SCWMssOS::Copying to export directory.
TRACE::2025-12-12.07:19:46::SCWMssOS:: Checking if to create the Supporting Applications
TRACE::2025-12-12.07:19:46::SCWMssOS:: No Linux domain exists, trying to generate FSBL 
LOG::2025-12-12.07:19:46::SCWSystem::Completed Processing the domain standalone_microblaze_0
LOG::2025-12-12.07:19:46::SCWSystem::Completed Processing the sysconfig tracker_top
LOG::2025-12-12.07:19:46::SCWPlatform::Completed generating the artifacts for system configuration tracker_top
TRACE::2025-12-12.07:19:46::SCWPlatform::Started preparing the platform 
TRACE::2025-12-12.07:19:46::SCWSystem::Writing the bif file for system config tracker_top
TRACE::2025-12-12.07:19:46::SCWSystem::dir created 
TRACE::2025-12-12.07:19:46::SCWSystem::Writing the bif 
TRACE::2025-12-12.07:19:46::SCWPlatform::Started writing the spfm file 
TRACE::2025-12-12.07:19:46::SCWPlatform::Started writing the xpfm file 
TRACE::2025-12-12.07:19:46::SCWPlatform::Completed generating the platform
TRACE::2025-12-12.07:19:46::SCWMssOS::Saving the mss changes D:/viv/SpartanTracker/lab7_2/sdk/tracker_top/microblaze_0/standalone_microblaze_0/bsp/system.mss
TRACE::2025-12-12.07:19:46::SCWMssOS::Found a swdesign opened with the mssfile.
TRACE::2025-12-12.07:19:46::SCWMssOS::Completed writemss as part of save.
TRACE::2025-12-12.07:19:46::SCWMssOS::Commit changes completed.
TRACE::2025-12-12.07:19:46::SCWPlatform::Trying to open the hw design at D:/viv/SpartanTracker/lab7_2/sdk/tracker_top/hw/tracker_top.xsa
TRACE::2025-12-12.07:19:46::SCWPlatform::DSA given D:/viv/SpartanTracker/lab7_2/sdk/tracker_top/hw/tracker_top.xsa
TRACE::2025-12-12.07:19:46::SCWPlatform::DSA absoulate path D:/viv/SpartanTracker/lab7_2/sdk/tracker_top/hw/tracker_top.xsa
TRACE::2025-12-12.07:19:46::SCWPlatform::DSA directory D:/viv/SpartanTracker/lab7_2/sdk/tracker_top/hw
TRACE::2025-12-12.07:19:46::SCWPlatform:: Platform Path D:/viv/SpartanTracker/lab7_2/sdk/tracker_top/hw/tracker_top.xsa
TRACE::2025-12-12.07:19:46::SCWPlatform:: Unique name xilinx:::0.0
TRACE::2025-12-12.07:19:46::SCWPlatform::Trying to set the existing hwdb with name tracker_top_0
TRACE::2025-12-12.07:19:46::SCWPlatform::Opened existing hwdb tracker_top_0
TRACE::2025-12-12.07:19:46::SCWPlatform::Found the Hw Db part of the input DSA
TRACE::2025-12-12.07:19:46::SCWMssOS::Checking the sw design at  D:/viv/SpartanTracker/lab7_2/sdk/tracker_top/microblaze_0/standalone_microblaze_0/bsp/system.mss
TRACE::2025-12-12.07:19:46::SCWMssOS::DEBUG:  swdes dump  D:/viv/SpartanTracker/lab7_2/sdk/tracker_top/microblaze_0/standalone_microblaze_0/bsp/system.mss|system||

TRACE::2025-12-12.07:19:46::SCWMssOS::Sw design exists and opened at  D:/viv/SpartanTracker/lab7_2/sdk/tracker_top/microblaze_0/standalone_microblaze_0/bsp/system.mss
TRACE::2025-12-12.07:19:46::SCWPlatform::Trying to open the hw design at D:/viv/SpartanTracker/lab7_2/sdk/tracker_top/hw/tracker_top.xsa
TRACE::2025-12-12.07:19:46::SCWPlatform::DSA given D:/viv/SpartanTracker/lab7_2/sdk/tracker_top/hw/tracker_top.xsa
TRACE::2025-12-12.07:19:46::SCWPlatform::DSA absoulate path D:/viv/SpartanTracker/lab7_2/sdk/tracker_top/hw/tracker_top.xsa
TRACE::2025-12-12.07:19:46::SCWPlatform::DSA directory D:/viv/SpartanTracker/lab7_2/sdk/tracker_top/hw
TRACE::2025-12-12.07:19:46::SCWPlatform:: Platform Path D:/viv/SpartanTracker/lab7_2/sdk/tracker_top/hw/tracker_top.xsa
TRACE::2025-12-12.07:19:46::SCWPlatform:: Unique name xilinx:::0.0
TRACE::2025-12-12.07:19:46::SCWPlatform::Trying to set the existing hwdb with name tracker_top_0
TRACE::2025-12-12.07:19:46::SCWPlatform::Opened existing hwdb tracker_top_0
TRACE::2025-12-12.07:19:46::SCWPlatform::Found the Hw Db part of the input DSA
TRACE::2025-12-12.07:19:46::SCWMssOS::Checking the sw design at  D:/viv/SpartanTracker/lab7_2/sdk/tracker_top/microblaze_0/standalone_microblaze_0/bsp/system.mss
TRACE::2025-12-12.07:19:46::SCWMssOS::DEBUG:  swdes dump  D:/viv/SpartanTracker/lab7_2/sdk/tracker_top/microblaze_0/standalone_microblaze_0/bsp/system.mss|system||

TRACE::2025-12-12.07:19:46::SCWMssOS::Sw design exists and opened at  D:/viv/SpartanTracker/lab7_2/sdk/tracker_top/microblaze_0/standalone_microblaze_0/bsp/system.mss
TRACE::2025-12-12.07:19:46::SCWPlatform::Trying to open the hw design at D:/viv/SpartanTracker/lab7_2/sdk/tracker_top/hw/tracker_top.xsa
TRACE::2025-12-12.07:19:46::SCWPlatform::DSA given D:/viv/SpartanTracker/lab7_2/sdk/tracker_top/hw/tracker_top.xsa
TRACE::2025-12-12.07:19:46::SCWPlatform::DSA absoulate path D:/viv/SpartanTracker/lab7_2/sdk/tracker_top/hw/tracker_top.xsa
TRACE::2025-12-12.07:19:46::SCWPlatform::DSA directory D:/viv/SpartanTracker/lab7_2/sdk/tracker_top/hw
TRACE::2025-12-12.07:19:46::SCWPlatform:: Platform Path D:/viv/SpartanTracker/lab7_2/sdk/tracker_top/hw/tracker_top.xsa
TRACE::2025-12-12.07:19:46::SCWPlatform:: Unique name xilinx:::0.0
TRACE::2025-12-12.07:19:46::SCWPlatform::Trying to set the existing hwdb with name tracker_top_0
TRACE::2025-12-12.07:19:46::SCWPlatform::Opened existing hwdb tracker_top_0
TRACE::2025-12-12.07:19:46::SCWPlatform::Found the Hw Db part of the input DSA
TRACE::2025-12-12.07:19:46::SCWMssOS::Checking the sw design at  D:/viv/SpartanTracker/lab7_2/sdk/tracker_top/microblaze_0/standalone_microblaze_0/bsp/system.mss
TRACE::2025-12-12.07:19:46::SCWMssOS::DEBUG:  swdes dump  D:/viv/SpartanTracker/lab7_2/sdk/tracker_top/microblaze_0/standalone_microblaze_0/bsp/system.mss|system||

TRACE::2025-12-12.07:19:46::SCWMssOS::Sw design exists and opened at  D:/viv/SpartanTracker/lab7_2/sdk/tracker_top/microblaze_0/standalone_microblaze_0/bsp/system.mss
TRACE::2025-12-12.07:19:46::SCWWriter::formatted JSON is {
	"platformName":	"tracker_top",
	"sprVersion":	"2.0",
	"mode":	"gui",
	"dsaType":	"Fixed",
	"platformDesc":	"tracker_top",
	"platHandOff":	"D:/viv/SpartanTracker/lab7_2/tracker_top.xsa",
	"platIntHandOff":	"<platformDir>/hw/tracker_top.xsa",
	"deviceType":	"FPGA",
	"platIsPrebuiltAutogen":	"false",
	"platIsNoBootBsp":	"false",
	"hasFsblMakeHasChanges":	"false",
	"hasPmufwMakeHasChanges":	"false",
	"platPreBuiltFlag":	false,
	"platformSamplesDir":	"",
	"platActiveSys":	"tracker_top",
	"systems":	[{
			"systemName":	"tracker_top",
			"systemDesc":	"tracker_top",
			"sysIsBootAutoGen":	"true",
			"systemDispName":	"tracker_top",
			"sysActiveDom":	"standalone_microblaze_0",
			"sysDefaultDom":	"standalone_microblaze_0",
			"domains":	[{
					"domainName":	"standalone_microblaze_0",
					"domainDispName":	"standalone_microblaze_0",
					"domainDesc":	"standalone_microblaze_0",
					"processors":	"microblaze_0",
					"os":	"standalone",
					"sdxOs":	"standalone",
					"debugEnable":	"False",
					"domRuntimes":	["cpp"],
					"swRepo":	"",
					"mssOsVer":	"8.0",
					"mssFile":	"",
					"md5Digest":	"948367085d8c8b0e65ac10674ef4e094",
					"compatibleApp":	"hello_world",
					"domType":	"mssDomain",
					"arch":	"32-bit",
					"appSettings":	{
						"appCompilerFlags":	"",
						"appLinkerFlags":	""
					},
					"addedLibs":	[],
					"libOptions":	{
						"libsContainingOptions":	[]
					},
					"prebuiltLibs":	{
						"prebuiltIncPath":	[],
						"prebuiltLibPath":	[]
					},
					"isolation":	{
					}
				}]
		}]
}
KEYINFO::2025-12-12.07:19:46::SCWPlatform::updated the xpfm file.
LOG::2025-12-12.07:21:15::SCWPlatform::Started generating the artifacts platform tracker_top
TRACE::2025-12-12.07:21:15::SCWPlatform::Sanity checking of platform is completed
LOG::2025-12-12.07:21:15::SCWPlatform::Started generating the artifacts for system configuration tracker_top
LOG::2025-12-12.07:21:15::SCWSystem::Checking the domain standalone_microblaze_0
LOG::2025-12-12.07:21:15::SCWSystem::Not a boot domain 
LOG::2025-12-12.07:21:15::SCWSystem::Started Processing the domain standalone_microblaze_0
TRACE::2025-12-12.07:21:15::SCWDomain::Generating domain artifcats
TRACE::2025-12-12.07:21:15::SCWMssOS::Generating standalone artifcats
TRACE::2025-12-12.07:21:15::SCWMssOS:: Copying the user libraries. 
TRACE::2025-12-12.07:21:15::SCWPlatform::Trying to open the hw design at D:/viv/SpartanTracker/lab7_2/sdk/tracker_top/hw/tracker_top.xsa
TRACE::2025-12-12.07:21:15::SCWPlatform::DSA given D:/viv/SpartanTracker/lab7_2/sdk/tracker_top/hw/tracker_top.xsa
TRACE::2025-12-12.07:21:15::SCWPlatform::DSA absoulate path D:/viv/SpartanTracker/lab7_2/sdk/tracker_top/hw/tracker_top.xsa
TRACE::2025-12-12.07:21:15::SCWPlatform::DSA directory D:/viv/SpartanTracker/lab7_2/sdk/tracker_top/hw
TRACE::2025-12-12.07:21:15::SCWPlatform:: Platform Path D:/viv/SpartanTracker/lab7_2/sdk/tracker_top/hw/tracker_top.xsa
TRACE::2025-12-12.07:21:15::SCWPlatform:: Unique name xilinx:::0.0
TRACE::2025-12-12.07:21:15::SCWPlatform::Trying to set the existing hwdb with name tracker_top_0
TRACE::2025-12-12.07:21:15::SCWPlatform::Opened existing hwdb tracker_top_0
TRACE::2025-12-12.07:21:15::SCWPlatform::Found the Hw Db part of the input DSA
TRACE::2025-12-12.07:21:15::SCWMssOS::Checking the sw design at  D:/viv/SpartanTracker/lab7_2/sdk/tracker_top/microblaze_0/standalone_microblaze_0/bsp/system.mss
TRACE::2025-12-12.07:21:15::SCWMssOS::DEBUG:  swdes dump  D:/viv/SpartanTracker/lab7_2/sdk/tracker_top/microblaze_0/standalone_microblaze_0/bsp/system.mss|system||

TRACE::2025-12-12.07:21:15::SCWMssOS::Sw design exists and opened at  D:/viv/SpartanTracker/lab7_2/sdk/tracker_top/microblaze_0/standalone_microblaze_0/bsp/system.mss
TRACE::2025-12-12.07:21:15::SCWMssOS::Completed writing the mss file at D:/viv/SpartanTracker/lab7_2/sdk/tracker_top/microblaze_0/standalone_microblaze_0/bsp
TRACE::2025-12-12.07:21:15::SCWMssOS::Mss edits present, copying mssfile into export location D:/viv/SpartanTracker/lab7_2/sdk/tracker_top/microblaze_0/standalone_microblaze_0/bsp/system.mss
TRACE::2025-12-12.07:21:15::SCWMssOS::bsp generated is upto date with the mss file. Skipping bsp generation.
TRACE::2025-12-12.07:21:15::SCWMssOS::BSP is already built. skipping the bsp build ... 
TRACE::2025-12-12.07:21:15::SCWDomain::Building the domain as part of full build :  standalone_microblaze_0
TRACE::2025-12-12.07:21:15::SCWMssOS::doing bsp build ... 
TRACE::2025-12-12.07:21:15::SCWMssOS::System Command Ran  D: & cd  D:/viv/SpartanTracker/lab7_2/sdk/tracker_top/microblaze_0/standalone_microblaze_0/bsp & make 
TRACE::2025-12-12.07:21:15::SCWMssOS::make --no-print-directory seq_libs

TRACE::2025-12-12.07:21:15::SCWMssOS::'Finished building libraries sequentially.'

TRACE::2025-12-12.07:21:15::SCWMssOS::make -j 6 --no-print-directory par_libs

TRACE::2025-12-12.07:21:15::SCWMssOS::"Running Make include in microblaze_0/libsrc/bram_v4_8/src"

TRACE::2025-12-12.07:21:15::SCWMssOS::make -C microblaze_0/libsrc/bram_v4_8/src -s include  "SHELL=CMD" "COMPILER=mb-gcc" "ASSEMBLER=mb-as" "ARCHIVER=mb-ar" "COMPILE
TRACE::2025-12-12.07:21:15::SCWMssOS::R_FLAGS=  -O2 -c -mcpu=v11.0 -mlittle-endian -mno-xl-reorder -mno-xl-soft-mul -mxl-barrel-shift -mxl-pattern-compare" "EXTRA_CO
TRACE::2025-12-12.07:21:15::SCWMssOS::MPILER_FLAGS=-g -ffunction-sections -fdata-sections -Wall -Wextra -fno-tree-loop-distribute-patterns"

TRACE::2025-12-12.07:21:15::SCWMssOS::"Running Make include in microblaze_0/libsrc/cpu_v2_16/src"

TRACE::2025-12-12.07:21:15::SCWMssOS::"Running Make include in microblaze_0/libsrc/gpio_v4_9/src"

TRACE::2025-12-12.07:21:15::SCWMssOS::make -C microblaze_0/libsrc/cpu_v2_16/src -s include  "SHELL=CMD" "COMPILER=mb-gcc" "ASSEMBLER=mb-as" "ARCHIVER=mb-ar" "COMPILE
TRACE::2025-12-12.07:21:15::SCWMssOS::R_FLAGS=  -O2 -c -mcpu=v11.0 -mlittle-endian -mno-xl-reorder -mno-xl-soft-mul -mxl-barrel-shift -mxl-pattern-compare" "EXTRA_CO
TRACE::2025-12-12.07:21:15::SCWMssOS::MPILER_FLAGS=-g -ffunction-sections -fdata-sections -Wall -Wextra -fno-tree-loop-distribute-patterns"

TRACE::2025-12-12.07:21:15::SCWMssOS::make -C microblaze_0/libsrc/gpio_v4_9/src -s include  "SHELL=CMD" "COMPILER=mb-gcc" "ASSEMBLER=mb-as" "ARCHIVER=mb-ar" "COMPILE
TRACE::2025-12-12.07:21:15::SCWMssOS::R_FLAGS=  -O2 -c -mcpu=v11.0 -mlittle-endian -mno-xl-reorder -mno-xl-soft-mul -mxl-barrel-shift -mxl-pattern-compare" "EXTRA_CO
TRACE::2025-12-12.07:21:15::SCWMssOS::MPILER_FLAGS=-g -ffunction-sections -fdata-sections -Wall -Wextra -fno-tree-loop-distribute-patterns"

TRACE::2025-12-12.07:21:15::SCWMssOS::"Running Make include in microblaze_0/libsrc/intc_v3_15/src"

TRACE::2025-12-12.07:21:15::SCWMssOS::"Running Make include in microblaze_0/libsrc/spi_v4_9/src"

TRACE::2025-12-12.07:21:15::SCWMssOS::"Running Make include in microblaze_0/libsrc/standalone_v8_0/src"

TRACE::2025-12-12.07:21:15::SCWMssOS::make -C microblaze_0/libsrc/intc_v3_15/src -s include  "SHELL=CMD" "COMPILER=mb-gcc" "ASSEMBLER=mb-as" "ARCHIVER=mb-ar" "COMPIL
TRACE::2025-12-12.07:21:15::SCWMssOS::ER_FLAGS=  -O2 -c -mcpu=v11.0 -mlittle-endian -mno-xl-reorder -mno-xl-soft-mul -mxl-barrel-shift -mxl-pattern-compare" "EXTRA_C
TRACE::2025-12-12.07:21:15::SCWMssOS::OMPILER_FLAGS=-g -ffunction-sections -fdata-sections -Wall -Wextra -fno-tree-loop-distribute-patterns"

TRACE::2025-12-12.07:21:15::SCWMssOS::"Running Make include in microblaze_0/libsrc/tmrctr_v4_9/src"

TRACE::2025-12-12.07:21:15::SCWMssOS::make -C microblaze_0/libsrc/spi_v4_9/src -s include  "SHELL=CMD" "COMPILER=mb-gcc" "ASSEMBLER=mb-as" "ARCHIVER=mb-ar" "COMPILER
TRACE::2025-12-12.07:21:15::SCWMssOS::_FLAGS=  -O2 -c -mcpu=v11.0 -mlittle-endian -mno-xl-reorder -mno-xl-soft-mul -mxl-barrel-shift -mxl-pattern-compare" "EXTRA_COM
TRACE::2025-12-12.07:21:15::SCWMssOS::PILER_FLAGS=-g -ffunction-sections -fdata-sections -Wall -Wextra -fno-tree-loop-distribute-patterns"

TRACE::2025-12-12.07:21:15::SCWMssOS::make -C microblaze_0/libsrc/standalone_v8_0/src -s include  "SHELL=CMD" "COMPILER=mb-gcc" "ASSEMBLER=mb-as" "ARCHIVER=mb-ar" "C
TRACE::2025-12-12.07:21:15::SCWMssOS::OMPILER_FLAGS=  -O2 -c -mcpu=v11.0 -mlittle-endian -mno-xl-reorder -mno-xl-soft-mul -mxl-barrel-shift -mxl-pattern-compare" "EX
TRACE::2025-12-12.07:21:15::SCWMssOS::TRA_COMPILER_FLAGS=-g -ffunction-sections -fdata-sections -Wall -Wextra -fno-tree-loop-distribute-patterns"

TRACE::2025-12-12.07:21:15::SCWMssOS::make -C microblaze_0/libsrc/tmrctr_v4_9/src -s include  "SHELL=CMD" "COMPILER=mb-gcc" "ASSEMBLER=mb-as" "ARCHIVER=mb-ar" "COMPI
TRACE::2025-12-12.07:21:15::SCWMssOS::LER_FLAGS=  -O2 -c -mcpu=v11.0 -mlittle-endian -mno-xl-reorder -mno-xl-soft-mul -mxl-barrel-shift -mxl-pattern-compare" "EXTRA_
TRACE::2025-12-12.07:21:15::SCWMssOS::COMPILER_FLAGS=-g -ffunction-sections -fdata-sections -Wall -Wextra -fno-tree-loop-distribute-patterns"

TRACE::2025-12-12.07:21:15::SCWMssOS::"Running Make include in microblaze_0/libsrc/uartlite_v3_7/src"

TRACE::2025-12-12.07:21:15::SCWMssOS::make -C microblaze_0/libsrc/uartlite_v3_7/src -s include  "SHELL=CMD" "COMPILER=mb-gcc" "ASSEMBLER=mb-as" "ARCHIVER=mb-ar" "COM
TRACE::2025-12-12.07:21:15::SCWMssOS::PILER_FLAGS=  -O2 -c -mcpu=v11.0 -mlittle-endian -mno-xl-reorder -mno-xl-soft-mul -mxl-barrel-shift -mxl-pattern-compare" "EXTR
TRACE::2025-12-12.07:21:15::SCWMssOS::A_COMPILER_FLAGS=-g -ffunction-sections -fdata-sections -Wall -Wextra -fno-tree-loop-distribute-patterns"

TRACE::2025-12-12.07:21:16::SCWMssOS::"Running Make libs in microblaze_0/libsrc/bram_v4_8/src"

TRACE::2025-12-12.07:21:16::SCWMssOS::make -C microblaze_0/libsrc/bram_v4_8/src -s libs  "SHELL=CMD" "COMPILER=mb-gcc" "ASSEMBLER=mb-as" "ARCHIVER=mb-ar" "COMPILER_F
TRACE::2025-12-12.07:21:16::SCWMssOS::LAGS=  -O2 -c -mcpu=v11.0 -mlittle-endian -mno-xl-reorder -mno-xl-soft-mul -mxl-barrel-shift -mxl-pattern-compare" "EXTRA_COMPI
TRACE::2025-12-12.07:21:16::SCWMssOS::LER_FLAGS=-g -ffunction-sections -fdata-sections -Wall -Wextra -fno-tree-loop-distribute-patterns"

TRACE::2025-12-12.07:21:16::SCWMssOS::"Running Make libs in microblaze_0/libsrc/cpu_v2_16/src"

TRACE::2025-12-12.07:21:16::SCWMssOS::make -C microblaze_0/libsrc/cpu_v2_16/src -s libs  "SHELL=CMD" "COMPILER=mb-gcc" "ASSEMBLER=mb-as" "ARCHIVER=mb-ar" "COMPILER_F
TRACE::2025-12-12.07:21:16::SCWMssOS::LAGS=  -O2 -c -mcpu=v11.0 -mlittle-endian -mno-xl-reorder -mno-xl-soft-mul -mxl-barrel-shift -mxl-pattern-compare" "EXTRA_COMPI
TRACE::2025-12-12.07:21:16::SCWMssOS::LER_FLAGS=-g -ffunction-sections -fdata-sections -Wall -Wextra -fno-tree-loop-distribute-patterns"

TRACE::2025-12-12.07:21:16::SCWMssOS::"Running Make libs in microblaze_0/libsrc/gpio_v4_9/src"

TRACE::2025-12-12.07:21:16::SCWMssOS::make -C microblaze_0/libsrc/gpio_v4_9/src -s libs  "SHELL=CMD" "COMPILER=mb-gcc" "ASSEMBLER=mb-as" "ARCHIVER=mb-ar" "COMPILER_F
TRACE::2025-12-12.07:21:16::SCWMssOS::LAGS=  -O2 -c -mcpu=v11.0 -mlittle-endian -mno-xl-reorder -mno-xl-soft-mul -mxl-barrel-shift -mxl-pattern-compare" "EXTRA_COMPI
TRACE::2025-12-12.07:21:16::SCWMssOS::LER_FLAGS=-g -ffunction-sections -fdata-sections -Wall -Wextra -fno-tree-loop-distribute-patterns"

TRACE::2025-12-12.07:21:16::SCWMssOS::"Running Make libs in microblaze_0/libsrc/intc_v3_15/src"

TRACE::2025-12-12.07:21:16::SCWMssOS::make -C microblaze_0/libsrc/intc_v3_15/src -s libs  "SHELL=CMD" "COMPILER=mb-gcc" "ASSEMBLER=mb-as" "ARCHIVER=mb-ar" "COMPILER_
TRACE::2025-12-12.07:21:16::SCWMssOS::FLAGS=  -O2 -c -mcpu=v11.0 -mlittle-endian -mno-xl-reorder -mno-xl-soft-mul -mxl-barrel-shift -mxl-pattern-compare" "EXTRA_COMP
TRACE::2025-12-12.07:21:16::SCWMssOS::ILER_FLAGS=-g -ffunction-sections -fdata-sections -Wall -Wextra -fno-tree-loop-distribute-patterns"

TRACE::2025-12-12.07:21:16::SCWMssOS::"Running Make libs in microblaze_0/libsrc/spi_v4_9/src"

TRACE::2025-12-12.07:21:16::SCWMssOS::make -C microblaze_0/libsrc/spi_v4_9/src -s libs  "SHELL=CMD" "COMPILER=mb-gcc" "ASSEMBLER=mb-as" "ARCHIVER=mb-ar" "COMPILER_FL
TRACE::2025-12-12.07:21:16::SCWMssOS::AGS=  -O2 -c -mcpu=v11.0 -mlittle-endian -mno-xl-reorder -mno-xl-soft-mul -mxl-barrel-shift -mxl-pattern-compare" "EXTRA_COMPIL
TRACE::2025-12-12.07:21:16::SCWMssOS::ER_FLAGS=-g -ffunction-sections -fdata-sections -Wall -Wextra -fno-tree-loop-distribute-patterns"

TRACE::2025-12-12.07:21:16::SCWMssOS::"Running Make libs in microblaze_0/libsrc/standalone_v8_0/src"

TRACE::2025-12-12.07:21:16::SCWMssOS::make -C microblaze_0/libsrc/standalone_v8_0/src -s libs  "SHELL=CMD" "COMPILER=mb-gcc" "ASSEMBLER=mb-as" "ARCHIVER=mb-ar" "COMP
TRACE::2025-12-12.07:21:16::SCWMssOS::ILER_FLAGS=  -O2 -c -mcpu=v11.0 -mlittle-endian -mno-xl-reorder -mno-xl-soft-mul -mxl-barrel-shift -mxl-pattern-compare" "EXTRA
TRACE::2025-12-12.07:21:16::SCWMssOS::_COMPILER_FLAGS=-g -ffunction-sections -fdata-sections -Wall -Wextra -fno-tree-loop-distribute-patterns"

TRACE::2025-12-12.07:21:17::SCWMssOS::"Running Make libs in microblaze_0/libsrc/tmrctr_v4_9/src"

TRACE::2025-12-12.07:21:17::SCWMssOS::make -C microblaze_0/libsrc/tmrctr_v4_9/src -s libs  "SHELL=CMD" "COMPILER=mb-gcc" "ASSEMBLER=mb-as" "ARCHIVER=mb-ar" "COMPILER
TRACE::2025-12-12.07:21:17::SCWMssOS::_FLAGS=  -O2 -c -mcpu=v11.0 -mlittle-endian -mno-xl-reorder -mno-xl-soft-mul -mxl-barrel-shift -mxl-pattern-compare" "EXTRA_COM
TRACE::2025-12-12.07:21:17::SCWMssOS::PILER_FLAGS=-g -ffunction-sections -fdata-sections -Wall -Wextra -fno-tree-loop-distribute-patterns"

TRACE::2025-12-12.07:21:17::SCWMssOS::"Running Make libs in microblaze_0/libsrc/uartlite_v3_7/src"

TRACE::2025-12-12.07:21:17::SCWMssOS::make -C microblaze_0/libsrc/uartlite_v3_7/src -s libs  "SHELL=CMD" "COMPILER=mb-gcc" "ASSEMBLER=mb-as" "ARCHIVER=mb-ar" "COMPIL
TRACE::2025-12-12.07:21:17::SCWMssOS::ER_FLAGS=  -O2 -c -mcpu=v11.0 -mlittle-endian -mno-xl-reorder -mno-xl-soft-mul -mxl-barrel-shift -mxl-pattern-compare" "EXTRA_C
TRACE::2025-12-12.07:21:17::SCWMssOS::OMPILER_FLAGS=-g -ffunction-sections -fdata-sections -Wall -Wextra -fno-tree-loop-distribute-patterns"

TRACE::2025-12-12.07:21:21::SCWMssOS::"DEBUG NON_LTO_OBJECTS is ../../../lib/microblaze_interrupt_handler.o"

TRACE::2025-12-12.07:21:21::SCWMssOS::'Finished building libraries parallelly.'

TRACE::2025-12-12.07:21:21::SCWMssOS::make --no-print-directory archive

TRACE::2025-12-12.07:21:21::SCWMssOS::mb-ar -r  microblaze_0/lib/libxil.a microblaze_0/lib/_exit.o microblaze_0/lib/errno.o microblaze_0/lib/fcntl.o microblaze_0/lib
TRACE::2025-12-12.07:21:21::SCWMssOS::/hw_exception_handler.o microblaze_0/lib/inbyte.o microblaze_0/lib/microblaze_disable_dcache.o microblaze_0/lib/microblaze_disa
TRACE::2025-12-12.07:21:21::SCWMssOS::ble_exceptions.o microblaze_0/lib/microblaze_disable_icache.o microblaze_0/lib/microblaze_disable_interrupts.o microblaze_0/lib
TRACE::2025-12-12.07:21:21::SCWMssOS::/microblaze_enable_dcache.o microblaze_0/lib/microblaze_enable_exceptions.o microblaze_0/lib/microblaze_enable_icache.o microbl
TRACE::2025-12-12.07:21:21::SCWMssOS::aze_0/lib/microblaze_enable_interrupts.o microblaze_0/lib/microblaze_exception_handler.o microblaze_0/lib/microblaze_flush_cach
TRACE::2025-12-12.07:21:21::SCWMssOS::e_ext.o microblaze_0/lib/microblaze_flush_cache_ext_range.o microblaze_0/lib/microblaze_flush_dcache.o microblaze_0/lib/microbl
TRACE::2025-12-12.07:21:21::SCWMssOS::aze_flush_dcache_range.o microblaze_0/lib/microblaze_init_dcache_range.o microblaze_0/lib/microblaze_init_icache_range.o microb
TRACE::2025-12-12.07:21:21::SCWMssOS::laze_0/lib/microblaze_interrupt_handler.o microblaze_0/lib/microblaze_interrupts_g.o microblaze_0/lib/microblaze_invalidate_cac
TRACE::2025-12-12.07:21:21::SCWMssOS::he_ext.o microblaze_0/lib/microblaze_invalidate_cache_ext_range.o microblaze_0/lib/microblaze_invalidate_dcache.o microblaze_0/
TRACE::2025-12-12.07:21:21::SCWMssOS::lib/microblaze_invalidate_dcache_range.o microblaze_0/lib/microblaze_invalidate_icache.o microblaze_0/lib/microblaze_invalidate
TRACE::2025-12-12.07:21:21::SCWMssOS::_icache_range.o microblaze_0/lib/microblaze_scrub.o microblaze_0/lib/microblaze_selftest.o microblaze_0/lib/microblaze_sleep.o 
TRACE::2025-12-12.07:21:21::SCWMssOS::microblaze_0/lib/microblaze_update_dcache.o microblaze_0/lib/microblaze_update_icache.o microblaze_0/lib/outbyte.o microblaze_0
TRACE::2025-12-12.07:21:21::SCWMssOS::/lib/print.o microblaze_0/lib/pvr.o microblaze_0/lib/xbram.o microblaze_0/lib/xbram_g.o microblaze_0/lib/xbram_intr.o microblaz
TRACE::2025-12-12.07:21:21::SCWMssOS::e_0/lib/xbram_selftest.o microblaze_0/lib/xbram_sinit.o microblaze_0/lib/xgpio.o microblaze_0/lib/xgpio_extra.o microblaze_0/li
TRACE::2025-12-12.07:21:21::SCWMssOS::b/xgpio_g.o microblaze_0/lib/xgpio_intr.o microblaze_0/lib/xgpio_selftest.o microblaze_0/lib/xgpio_sinit.o microblaze_0/lib/xil
TRACE::2025-12-12.07:21:21::SCWMssOS::_assert.o microblaze_0/lib/xil_cache.o microblaze_0/lib/xil_clocking.o microblaze_0/lib/xil_exception.o microblaze_0/lib/xil_me
TRACE::2025-12-12.07:21:21::SCWMssOS::m.o microblaze_0/lib/xil_misc_psreset_api.o microblaze_0/lib/xil_printf.o microblaze_0/lib/xil_sleepcommon.o microblaze_0/lib/x
TRACE::2025-12-12.07:21:21::SCWMssOS::il_testcache.o microblaze_0/lib/xil_testio.o microblaze_0/lib/xil_testmem.o microblaze_0/lib/xil_util.o microblaze_0/lib/xintc.
TRACE::2025-12-12.07:21:21::SCWMssOS::o microblaze_0/lib/xintc_g.o microblaze_0/lib/xintc_intr.o microblaze_0/lib/xintc_l.o microblaze_0/lib/xintc_options.o microbla
TRACE::2025-12-12.07:21:21::SCWMssOS::ze_0/lib/xintc_selftest.o microblaze_0/lib/xinterrupt_wrap.o microblaze_0/lib/xio.o microblaze_0/lib/xplatform_info.o microblaz
TRACE::2025-12-12.07:21:21::SCWMssOS::e_0/lib/xspi.o microblaze_0/lib/xspi_g.o microblaze_0/lib/xspi_options.o microblaze_0/lib/xspi_selftest.o microblaze_0/lib/xspi
TRACE::2025-12-12.07:21:21::SCWMssOS::_sinit.o microblaze_0/lib/xspi_stats.o microblaze_0/lib/xtmrctr.o microblaze_0/lib/xtmrctr_g.o microblaze_0/lib/xtmrctr_intr.o 
TRACE::2025-12-12.07:21:21::SCWMssOS::microblaze_0/lib/xtmrctr_l.o microblaze_0/lib/xtmrctr_options.o microblaze_0/lib/xtmrctr_selftest.o microblaze_0/lib/xtmrctr_si
TRACE::2025-12-12.07:21:21::SCWMssOS::nit.o microblaze_0/lib/xtmrctr_stats.o microblaze_0/lib/xuartlite.o microblaze_0/lib/xuartlite_g.o microblaze_0/lib/xuartlite_i
TRACE::2025-12-12.07:21:21::SCWMssOS::ntr.o microblaze_0/lib/xuartlite_l.o microblaze_0/lib/xuartlite_selftest.o microblaze_0/lib/xuartlite_sinit.o microblaze_0/lib/
TRACE::2025-12-12.07:21:21::SCWMssOS::xuartlite_stats.o

TRACE::2025-12-12.07:21:21::SCWMssOS::'Finished building libraries'

TRACE::2025-12-12.07:21:21::SCWMssOS::Copying to export directory.
TRACE::2025-12-12.07:21:21::SCWMssOS:: Checking if to create the Supporting Applications
TRACE::2025-12-12.07:21:21::SCWMssOS:: No Linux domain exists, trying to generate FSBL 
LOG::2025-12-12.07:21:21::SCWSystem::Completed Processing the domain standalone_microblaze_0
LOG::2025-12-12.07:21:21::SCWSystem::Completed Processing the sysconfig tracker_top
LOG::2025-12-12.07:21:21::SCWPlatform::Completed generating the artifacts for system configuration tracker_top
TRACE::2025-12-12.07:21:21::SCWPlatform::Started preparing the platform 
TRACE::2025-12-12.07:21:21::SCWSystem::Writing the bif file for system config tracker_top
TRACE::2025-12-12.07:21:21::SCWSystem::dir created 
TRACE::2025-12-12.07:21:21::SCWSystem::Writing the bif 
TRACE::2025-12-12.07:21:21::SCWPlatform::Started writing the spfm file 
TRACE::2025-12-12.07:21:21::SCWPlatform::Started writing the xpfm file 
TRACE::2025-12-12.07:21:21::SCWPlatform::Completed generating the platform
TRACE::2025-12-12.07:21:21::SCWMssOS::Saving the mss changes D:/viv/SpartanTracker/lab7_2/sdk/tracker_top/microblaze_0/standalone_microblaze_0/bsp/system.mss
TRACE::2025-12-12.07:21:21::SCWMssOS::Found a swdesign opened with the mssfile.
TRACE::2025-12-12.07:21:21::SCWMssOS::Completed writemss as part of save.
TRACE::2025-12-12.07:21:21::SCWMssOS::Commit changes completed.
TRACE::2025-12-12.07:21:22::SCWPlatform::Trying to open the hw design at D:/viv/SpartanTracker/lab7_2/sdk/tracker_top/hw/tracker_top.xsa
TRACE::2025-12-12.07:21:22::SCWPlatform::DSA given D:/viv/SpartanTracker/lab7_2/sdk/tracker_top/hw/tracker_top.xsa
TRACE::2025-12-12.07:21:22::SCWPlatform::DSA absoulate path D:/viv/SpartanTracker/lab7_2/sdk/tracker_top/hw/tracker_top.xsa
TRACE::2025-12-12.07:21:22::SCWPlatform::DSA directory D:/viv/SpartanTracker/lab7_2/sdk/tracker_top/hw
TRACE::2025-12-12.07:21:22::SCWPlatform:: Platform Path D:/viv/SpartanTracker/lab7_2/sdk/tracker_top/hw/tracker_top.xsa
TRACE::2025-12-12.07:21:22::SCWPlatform:: Unique name xilinx:::0.0
TRACE::2025-12-12.07:21:22::SCWPlatform::Trying to set the existing hwdb with name tracker_top_0
TRACE::2025-12-12.07:21:22::SCWPlatform::Opened existing hwdb tracker_top_0
TRACE::2025-12-12.07:21:22::SCWPlatform::Found the Hw Db part of the input DSA
TRACE::2025-12-12.07:21:22::SCWMssOS::Checking the sw design at  D:/viv/SpartanTracker/lab7_2/sdk/tracker_top/microblaze_0/standalone_microblaze_0/bsp/system.mss
TRACE::2025-12-12.07:21:22::SCWMssOS::DEBUG:  swdes dump  D:/viv/SpartanTracker/lab7_2/sdk/tracker_top/microblaze_0/standalone_microblaze_0/bsp/system.mss|system||

TRACE::2025-12-12.07:21:22::SCWMssOS::Sw design exists and opened at  D:/viv/SpartanTracker/lab7_2/sdk/tracker_top/microblaze_0/standalone_microblaze_0/bsp/system.mss
TRACE::2025-12-12.07:21:22::SCWPlatform::Trying to open the hw design at D:/viv/SpartanTracker/lab7_2/sdk/tracker_top/hw/tracker_top.xsa
TRACE::2025-12-12.07:21:22::SCWPlatform::DSA given D:/viv/SpartanTracker/lab7_2/sdk/tracker_top/hw/tracker_top.xsa
TRACE::2025-12-12.07:21:22::SCWPlatform::DSA absoulate path D:/viv/SpartanTracker/lab7_2/sdk/tracker_top/hw/tracker_top.xsa
TRACE::2025-12-12.07:21:22::SCWPlatform::DSA directory D:/viv/SpartanTracker/lab7_2/sdk/tracker_top/hw
TRACE::2025-12-12.07:21:22::SCWPlatform:: Platform Path D:/viv/SpartanTracker/lab7_2/sdk/tracker_top/hw/tracker_top.xsa
TRACE::2025-12-12.07:21:22::SCWPlatform:: Unique name xilinx:::0.0
TRACE::2025-12-12.07:21:22::SCWPlatform::Trying to set the existing hwdb with name tracker_top_0
TRACE::2025-12-12.07:21:22::SCWPlatform::Opened existing hwdb tracker_top_0
TRACE::2025-12-12.07:21:22::SCWPlatform::Found the Hw Db part of the input DSA
TRACE::2025-12-12.07:21:22::SCWMssOS::Checking the sw design at  D:/viv/SpartanTracker/lab7_2/sdk/tracker_top/microblaze_0/standalone_microblaze_0/bsp/system.mss
TRACE::2025-12-12.07:21:22::SCWMssOS::DEBUG:  swdes dump  D:/viv/SpartanTracker/lab7_2/sdk/tracker_top/microblaze_0/standalone_microblaze_0/bsp/system.mss|system||

TRACE::2025-12-12.07:21:22::SCWMssOS::Sw design exists and opened at  D:/viv/SpartanTracker/lab7_2/sdk/tracker_top/microblaze_0/standalone_microblaze_0/bsp/system.mss
TRACE::2025-12-12.07:21:22::SCWPlatform::Trying to open the hw design at D:/viv/SpartanTracker/lab7_2/sdk/tracker_top/hw/tracker_top.xsa
TRACE::2025-12-12.07:21:22::SCWPlatform::DSA given D:/viv/SpartanTracker/lab7_2/sdk/tracker_top/hw/tracker_top.xsa
TRACE::2025-12-12.07:21:22::SCWPlatform::DSA absoulate path D:/viv/SpartanTracker/lab7_2/sdk/tracker_top/hw/tracker_top.xsa
TRACE::2025-12-12.07:21:22::SCWPlatform::DSA directory D:/viv/SpartanTracker/lab7_2/sdk/tracker_top/hw
TRACE::2025-12-12.07:21:22::SCWPlatform:: Platform Path D:/viv/SpartanTracker/lab7_2/sdk/tracker_top/hw/tracker_top.xsa
TRACE::2025-12-12.07:21:22::SCWPlatform:: Unique name xilinx:::0.0
TRACE::2025-12-12.07:21:22::SCWPlatform::Trying to set the existing hwdb with name tracker_top_0
TRACE::2025-12-12.07:21:22::SCWPlatform::Opened existing hwdb tracker_top_0
TRACE::2025-12-12.07:21:22::SCWPlatform::Found the Hw Db part of the input DSA
TRACE::2025-12-12.07:21:22::SCWMssOS::Checking the sw design at  D:/viv/SpartanTracker/lab7_2/sdk/tracker_top/microblaze_0/standalone_microblaze_0/bsp/system.mss
TRACE::2025-12-12.07:21:22::SCWMssOS::DEBUG:  swdes dump  D:/viv/SpartanTracker/lab7_2/sdk/tracker_top/microblaze_0/standalone_microblaze_0/bsp/system.mss|system||

TRACE::2025-12-12.07:21:22::SCWMssOS::Sw design exists and opened at  D:/viv/SpartanTracker/lab7_2/sdk/tracker_top/microblaze_0/standalone_microblaze_0/bsp/system.mss
TRACE::2025-12-12.07:21:22::SCWWriter::formatted JSON is {
	"platformName":	"tracker_top",
	"sprVersion":	"2.0",
	"mode":	"gui",
	"dsaType":	"Fixed",
	"platformDesc":	"tracker_top",
	"platHandOff":	"D:/viv/SpartanTracker/lab7_2/tracker_top.xsa",
	"platIntHandOff":	"<platformDir>/hw/tracker_top.xsa",
	"deviceType":	"FPGA",
	"platIsPrebuiltAutogen":	"false",
	"platIsNoBootBsp":	"false",
	"hasFsblMakeHasChanges":	"false",
	"hasPmufwMakeHasChanges":	"false",
	"platPreBuiltFlag":	false,
	"platformSamplesDir":	"",
	"platActiveSys":	"tracker_top",
	"systems":	[{
			"systemName":	"tracker_top",
			"systemDesc":	"tracker_top",
			"sysIsBootAutoGen":	"true",
			"systemDispName":	"tracker_top",
			"sysActiveDom":	"standalone_microblaze_0",
			"sysDefaultDom":	"standalone_microblaze_0",
			"domains":	[{
					"domainName":	"standalone_microblaze_0",
					"domainDispName":	"standalone_microblaze_0",
					"domainDesc":	"standalone_microblaze_0",
					"processors":	"microblaze_0",
					"os":	"standalone",
					"sdxOs":	"standalone",
					"debugEnable":	"False",
					"domRuntimes":	["cpp"],
					"swRepo":	"",
					"mssOsVer":	"8.0",
					"mssFile":	"",
					"md5Digest":	"948367085d8c8b0e65ac10674ef4e094",
					"compatibleApp":	"hello_world",
					"domType":	"mssDomain",
					"arch":	"32-bit",
					"appSettings":	{
						"appCompilerFlags":	"",
						"appLinkerFlags":	""
					},
					"addedLibs":	[],
					"libOptions":	{
						"libsContainingOptions":	[]
					},
					"prebuiltLibs":	{
						"prebuiltIncPath":	[],
						"prebuiltLibPath":	[]
					},
					"isolation":	{
					}
				}]
		}]
}
KEYINFO::2025-12-12.07:21:22::SCWPlatform::updated the xpfm file.
TRACE::2025-12-12.07:21:22::SCWPlatform::Trying to open the hw design at D:/viv/SpartanTracker/lab7_2/sdk/tracker_top/hw/tracker_top.xsa
TRACE::2025-12-12.07:21:22::SCWPlatform::DSA given D:/viv/SpartanTracker/lab7_2/sdk/tracker_top/hw/tracker_top.xsa
TRACE::2025-12-12.07:21:22::SCWPlatform::DSA absoulate path D:/viv/SpartanTracker/lab7_2/sdk/tracker_top/hw/tracker_top.xsa
TRACE::2025-12-12.07:21:22::SCWPlatform::DSA directory D:/viv/SpartanTracker/lab7_2/sdk/tracker_top/hw
TRACE::2025-12-12.07:21:22::SCWPlatform:: Platform Path D:/viv/SpartanTracker/lab7_2/sdk/tracker_top/hw/tracker_top.xsa
TRACE::2025-12-12.07:21:22::SCWPlatform:: Unique name xilinx:::0.0
TRACE::2025-12-12.07:21:22::SCWPlatform::Trying to set the existing hwdb with name tracker_top_0
TRACE::2025-12-12.07:21:22::SCWPlatform::Opened existing hwdb tracker_top_0
TRACE::2025-12-12.07:21:22::SCWPlatform::Found the Hw Db part of the input DSA
TRACE::2025-12-12.07:21:22::SCWMssOS::Checking the sw design at  D:/viv/SpartanTracker/lab7_2/sdk/tracker_top/microblaze_0/standalone_microblaze_0/bsp/system.mss
TRACE::2025-12-12.07:21:22::SCWMssOS::DEBUG:  swdes dump  D:/viv/SpartanTracker/lab7_2/sdk/tracker_top/microblaze_0/standalone_microblaze_0/bsp/system.mss|system||

TRACE::2025-12-12.07:21:22::SCWMssOS::Sw design exists and opened at  D:/viv/SpartanTracker/lab7_2/sdk/tracker_top/microblaze_0/standalone_microblaze_0/bsp/system.mss
TRACE::2025-12-12.07:30:09::SCWPlatform::Clearing the existing platform
TRACE::2025-12-12.07:30:09::SCWSystem::Clearing the existing sysconfig
TRACE::2025-12-12.07:30:09::SCWMssOS::Removing the swdes entry for  D:/viv/SpartanTracker/lab7_2/sdk/tracker_top/microblaze_0/standalone_microblaze_0/bsp/system.mss
TRACE::2025-12-12.07:30:09::SCWSystem::Clearing the domains completed.
TRACE::2025-12-12.07:30:09::SCWPlatform::Clearing the opened hw db.
TRACE::2025-12-12.07:30:09::SCWPlatform::DSA given D:/viv/SpartanTracker/lab7_2/sdk/tracker_top/hw/tracker_top.xsa
TRACE::2025-12-12.07:30:09::SCWPlatform::DSA absoulate path D:/viv/SpartanTracker/lab7_2/sdk/tracker_top/hw/tracker_top.xsa
TRACE::2025-12-12.07:30:09::SCWPlatform:: Platform location is D:/viv/SpartanTracker/lab7_2/sdk/tracker_top/hw
TRACE::2025-12-12.07:30:09::SCWPlatform:: Platform Path D:/viv/SpartanTracker/lab7_2/sdk/tracker_top/hw/tracker_top.xsa
TRACE::2025-12-12.07:30:09::SCWPlatform:: Unique name xilinx:::0.0
TRACE::2025-12-12.07:30:09::SCWPlatform::Removing the HwDB with name D:/viv/SpartanTracker/lab7_2/sdk/tracker_top/hw/tracker_top.xsa
TRACE::2025-12-12.07:30:09::SCWPlatform::Trying to open the hw design at D:/viv/SpartanTracker/lab7_2/sdk/tracker_top/hw/tracker_top.xsa
TRACE::2025-12-12.07:30:09::SCWPlatform::DSA given D:/viv/SpartanTracker/lab7_2/sdk/tracker_top/hw/tracker_top.xsa
TRACE::2025-12-12.07:30:09::SCWPlatform::DSA absoulate path D:/viv/SpartanTracker/lab7_2/sdk/tracker_top/hw/tracker_top.xsa
TRACE::2025-12-12.07:30:09::SCWPlatform::DSA directory D:/viv/SpartanTracker/lab7_2/sdk/tracker_top/hw
TRACE::2025-12-12.07:30:09::SCWPlatform:: Platform Path D:/viv/SpartanTracker/lab7_2/sdk/tracker_top/hw/tracker_top.xsa
TRACE::2025-12-12.07:30:09::SCWPlatform:: Unique name xilinx:::0.0
TRACE::2025-12-12.07:30:09::SCWPlatform::Do not have an existing db opened. 
TRACE::2025-12-12.07:30:09::SCWPlatform::Opened new HwDB with name tracker_top_2
TRACE::2025-12-12.07:30:09::SCWReader::Active system found as  tracker_top
TRACE::2025-12-12.07:30:09::SCWReader::Handling sysconfig tracker_top
TRACE::2025-12-12.07:30:09::SCWDomain::checking for install qemu data   : 
TRACE::2025-12-12.07:30:09::SCWPlatform::Trying to open the hw design at D:/viv/SpartanTracker/lab7_2/sdk/tracker_top/hw/tracker_top.xsa
TRACE::2025-12-12.07:30:09::SCWPlatform::DSA given D:/viv/SpartanTracker/lab7_2/sdk/tracker_top/hw/tracker_top.xsa
TRACE::2025-12-12.07:30:09::SCWPlatform::DSA absoulate path D:/viv/SpartanTracker/lab7_2/sdk/tracker_top/hw/tracker_top.xsa
TRACE::2025-12-12.07:30:09::SCWPlatform::DSA directory D:/viv/SpartanTracker/lab7_2/sdk/tracker_top/hw
TRACE::2025-12-12.07:30:09::SCWPlatform:: Platform Path D:/viv/SpartanTracker/lab7_2/sdk/tracker_top/hw/tracker_top.xsa
TRACE::2025-12-12.07:30:09::SCWPlatform:: Unique name xilinx:::0.0
TRACE::2025-12-12.07:30:09::SCWPlatform::Trying to set the existing hwdb with name tracker_top_2
TRACE::2025-12-12.07:30:09::SCWPlatform::Opened existing hwdb tracker_top_2
TRACE::2025-12-12.07:30:09::SCWPlatform::Found the Hw Db part of the input DSA
TRACE::2025-12-12.07:30:09::SCWPlatform::Trying to open the hw design at D:/viv/SpartanTracker/lab7_2/sdk/tracker_top/hw/tracker_top.xsa
TRACE::2025-12-12.07:30:09::SCWPlatform::DSA given D:/viv/SpartanTracker/lab7_2/sdk/tracker_top/hw/tracker_top.xsa
TRACE::2025-12-12.07:30:09::SCWPlatform::DSA absoulate path D:/viv/SpartanTracker/lab7_2/sdk/tracker_top/hw/tracker_top.xsa
TRACE::2025-12-12.07:30:09::SCWPlatform::DSA directory D:/viv/SpartanTracker/lab7_2/sdk/tracker_top/hw
TRACE::2025-12-12.07:30:09::SCWPlatform:: Platform Path D:/viv/SpartanTracker/lab7_2/sdk/tracker_top/hw/tracker_top.xsa
TRACE::2025-12-12.07:30:09::SCWPlatform:: Unique name xilinx:::0.0
TRACE::2025-12-12.07:30:09::SCWPlatform::Trying to set the existing hwdb with name tracker_top_2
TRACE::2025-12-12.07:30:09::SCWPlatform::Opened existing hwdb tracker_top_2
TRACE::2025-12-12.07:30:09::SCWPlatform::Found the Hw Db part of the input DSA
TRACE::2025-12-12.07:30:09::SCWPlatform::Trying to open the hw design at D:/viv/SpartanTracker/lab7_2/sdk/tracker_top/hw/tracker_top.xsa
TRACE::2025-12-12.07:30:09::SCWPlatform::DSA given D:/viv/SpartanTracker/lab7_2/sdk/tracker_top/hw/tracker_top.xsa
TRACE::2025-12-12.07:30:09::SCWPlatform::DSA absoulate path D:/viv/SpartanTracker/lab7_2/sdk/tracker_top/hw/tracker_top.xsa
TRACE::2025-12-12.07:30:09::SCWPlatform::DSA directory D:/viv/SpartanTracker/lab7_2/sdk/tracker_top/hw
TRACE::2025-12-12.07:30:09::SCWPlatform:: Platform Path D:/viv/SpartanTracker/lab7_2/sdk/tracker_top/hw/tracker_top.xsa
TRACE::2025-12-12.07:30:09::SCWPlatform:: Unique name xilinx:::0.0
TRACE::2025-12-12.07:30:09::SCWPlatform::Trying to set the existing hwdb with name tracker_top_2
TRACE::2025-12-12.07:30:09::SCWPlatform::Opened existing hwdb tracker_top_2
TRACE::2025-12-12.07:30:09::SCWPlatform::Found the Hw Db part of the input DSA
TRACE::2025-12-12.07:30:09::SCWPlatform::Trying to open the hw design at D:/viv/SpartanTracker/lab7_2/sdk/tracker_top/hw/tracker_top.xsa
TRACE::2025-12-12.07:30:09::SCWPlatform::DSA given D:/viv/SpartanTracker/lab7_2/sdk/tracker_top/hw/tracker_top.xsa
TRACE::2025-12-12.07:30:09::SCWPlatform::DSA absoulate path D:/viv/SpartanTracker/lab7_2/sdk/tracker_top/hw/tracker_top.xsa
TRACE::2025-12-12.07:30:09::SCWPlatform::DSA directory D:/viv/SpartanTracker/lab7_2/sdk/tracker_top/hw
TRACE::2025-12-12.07:30:09::SCWPlatform:: Platform Path D:/viv/SpartanTracker/lab7_2/sdk/tracker_top/hw/tracker_top.xsa
TRACE::2025-12-12.07:30:09::SCWPlatform:: Unique name xilinx:::0.0
TRACE::2025-12-12.07:30:09::SCWPlatform::Trying to set the existing hwdb with name tracker_top_2
TRACE::2025-12-12.07:30:09::SCWPlatform::Opened existing hwdb tracker_top_2
TRACE::2025-12-12.07:30:09::SCWPlatform::Found the Hw Db part of the input DSA
TRACE::2025-12-12.07:30:09::SCWMssOS::Checking the sw design at  D:/viv/SpartanTracker/lab7_2/sdk/tracker_top/microblaze_0/standalone_microblaze_0/bsp/system.mss
TRACE::2025-12-12.07:30:09::SCWMssOS::DEBUG:  swdes dump  
TRACE::2025-12-12.07:30:09::SCWMssOS::No sw design opened at  D:/viv/SpartanTracker/lab7_2/sdk/tracker_top/microblaze_0/standalone_microblaze_0/bsp/system.mss
TRACE::2025-12-12.07:30:09::SCWMssOS::mss exists loading the mss file  D:/viv/SpartanTracker/lab7_2/sdk/tracker_top/microblaze_0/standalone_microblaze_0/bsp/system.mss
TRACE::2025-12-12.07:30:09::SCWMssOS::Opened the sw design from mss  D:/viv/SpartanTracker/lab7_2/sdk/tracker_top/microblaze_0/standalone_microblaze_0/bsp/system.mss
TRACE::2025-12-12.07:30:09::SCWMssOS::Adding the swdes entry D:/viv/SpartanTracker/lab7_2/sdk/tracker_top/microblaze_0/standalone_microblaze_0/bsp/system.mss with des name system
TRACE::2025-12-12.07:30:09::SCWMssOS::updating the scw layer about changes
TRACE::2025-12-12.07:30:09::SCWMssOS::Opened the sw design.  D:/viv/SpartanTracker/lab7_2/sdk/tracker_top/microblaze_0/standalone_microblaze_0/bsp/system.mss
TRACE::2025-12-12.07:30:09::SCWMssOS::Saving the mss changes D:/viv/SpartanTracker/lab7_2/sdk/tracker_top/microblaze_0/standalone_microblaze_0/bsp/system.mss
TRACE::2025-12-12.07:30:09::SCWMssOS::Found a swdesign opened with the mssfile.
TRACE::2025-12-12.07:30:09::SCWMssOS::Completed writemss as part of save.
TRACE::2025-12-12.07:30:09::SCWMssOS::Commit changes completed.
TRACE::2025-12-12.07:30:09::SCWReader::Adding prebuilt librarypaths as   
TRACE::2025-12-12.07:30:09::SCWReader::Adding prebuilt incpaths  as   
TRACE::2025-12-12.07:30:09::SCWPlatform::Trying to open the hw design at D:/viv/SpartanTracker/lab7_2/sdk/tracker_top/hw/tracker_top.xsa
TRACE::2025-12-12.07:30:09::SCWPlatform::DSA given D:/viv/SpartanTracker/lab7_2/sdk/tracker_top/hw/tracker_top.xsa
TRACE::2025-12-12.07:30:09::SCWPlatform::DSA absoulate path D:/viv/SpartanTracker/lab7_2/sdk/tracker_top/hw/tracker_top.xsa
TRACE::2025-12-12.07:30:09::SCWPlatform::DSA directory D:/viv/SpartanTracker/lab7_2/sdk/tracker_top/hw
TRACE::2025-12-12.07:30:09::SCWPlatform:: Platform Path D:/viv/SpartanTracker/lab7_2/sdk/tracker_top/hw/tracker_top.xsa
TRACE::2025-12-12.07:30:09::SCWPlatform:: Unique name xilinx:::0.0
TRACE::2025-12-12.07:30:09::SCWPlatform::Trying to set the existing hwdb with name tracker_top_2
TRACE::2025-12-12.07:30:09::SCWPlatform::Opened existing hwdb tracker_top_2
TRACE::2025-12-12.07:30:09::SCWPlatform::Found the Hw Db part of the input DSA
TRACE::2025-12-12.07:30:09::SCWMssOS::Checking the sw design at  D:/viv/SpartanTracker/lab7_2/sdk/tracker_top/microblaze_0/standalone_microblaze_0/bsp/system.mss
TRACE::2025-12-12.07:30:09::SCWMssOS::DEBUG:  swdes dump  D:/viv/SpartanTracker/lab7_2/sdk/tracker_top/microblaze_0/standalone_microblaze_0/bsp/system.mss|system||

TRACE::2025-12-12.07:30:09::SCWMssOS::Sw design exists and opened at  D:/viv/SpartanTracker/lab7_2/sdk/tracker_top/microblaze_0/standalone_microblaze_0/bsp/system.mss
TRACE::2025-12-12.07:30:09::SCWReader::No isolation master present  
TRACE::2025-12-12.07:30:12::SCWPlatform::DSA given D:/viv/SpartanTracker/lab7_2/sdk/tracker_top/tempdsa/tracker_top.xsa
TRACE::2025-12-12.07:30:12::SCWPlatform::DSA absoulate path D:/viv/SpartanTracker/lab7_2/sdk/tracker_top/tempdsa/tracker_top.xsa
TRACE::2025-12-12.07:30:12::SCWPlatform:: Platform location is D:/viv/SpartanTracker/lab7_2/sdk/tracker_top/tempdsa
TRACE::2025-12-12.07:30:12::SCWPlatform:: Platform Path D:/viv/SpartanTracker/lab7_2/sdk/tracker_top/tempdsa/tracker_top.xsa
TRACE::2025-12-12.07:30:12::SCWPlatform:: Unique name xilinx:::0.0
TRACE::2025-12-12.07:30:13::SCWPlatform::Found the Hw Db part of the input DSA
TRACE::2025-12-12.07:30:13::SCWMssOS::Doing hw sync for the mss in domain: standalone_microblaze_0
TRACE::2025-12-12.07:30:13::SCWPlatform::Trying to open the hw design at D:/viv/SpartanTracker/lab7_2/sdk/tracker_top/hw/tracker_top.xsa
TRACE::2025-12-12.07:30:13::SCWPlatform::DSA given D:/viv/SpartanTracker/lab7_2/sdk/tracker_top/hw/tracker_top.xsa
TRACE::2025-12-12.07:30:13::SCWPlatform::DSA absoulate path D:/viv/SpartanTracker/lab7_2/sdk/tracker_top/hw/tracker_top.xsa
TRACE::2025-12-12.07:30:13::SCWPlatform::DSA directory D:/viv/SpartanTracker/lab7_2/sdk/tracker_top/hw
TRACE::2025-12-12.07:30:13::SCWPlatform:: Platform Path D:/viv/SpartanTracker/lab7_2/sdk/tracker_top/hw/tracker_top.xsa
TRACE::2025-12-12.07:30:13::SCWPlatform:: Unique name xilinx:::0.0
TRACE::2025-12-12.07:30:13::SCWPlatform::Trying to set the existing hwdb with name tracker_top_2
TRACE::2025-12-12.07:30:13::SCWPlatform::Opened existing hwdb tracker_top_2
TRACE::2025-12-12.07:30:13::SCWPlatform::Found the Hw Db part of the input DSA
TRACE::2025-12-12.07:30:13::SCWPlatform::Trying to open the hw design at D:/viv/SpartanTracker/lab7_2/sdk/tracker_top/hw/tracker_top.xsa
TRACE::2025-12-12.07:30:13::SCWPlatform::DSA given D:/viv/SpartanTracker/lab7_2/sdk/tracker_top/hw/tracker_top.xsa
TRACE::2025-12-12.07:30:13::SCWPlatform::DSA absoulate path D:/viv/SpartanTracker/lab7_2/sdk/tracker_top/hw/tracker_top.xsa
TRACE::2025-12-12.07:30:13::SCWPlatform::DSA directory D:/viv/SpartanTracker/lab7_2/sdk/tracker_top/hw
TRACE::2025-12-12.07:30:13::SCWPlatform:: Platform Path D:/viv/SpartanTracker/lab7_2/sdk/tracker_top/hw/tracker_top.xsa
TRACE::2025-12-12.07:30:13::SCWPlatform:: Unique name xilinx:::0.0
TRACE::2025-12-12.07:30:13::SCWPlatform::Trying to set the existing hwdb with name tracker_top_2
TRACE::2025-12-12.07:30:13::SCWPlatform::Opened existing hwdb tracker_top_2
TRACE::2025-12-12.07:30:13::SCWPlatform::Found the Hw Db part of the input DSA
TRACE::2025-12-12.07:30:13::SCWMssOS::Checking the sw design at  D:/viv/SpartanTracker/lab7_2/sdk/tracker_top/microblaze_0/standalone_microblaze_0/bsp/system.mss
TRACE::2025-12-12.07:30:13::SCWMssOS::DEBUG:  swdes dump  D:/viv/SpartanTracker/lab7_2/sdk/tracker_top/microblaze_0/standalone_microblaze_0/bsp/system.mss|system||

TRACE::2025-12-12.07:30:13::SCWMssOS::Sw design exists and opened at  D:/viv/SpartanTracker/lab7_2/sdk/tracker_top/microblaze_0/standalone_microblaze_0/bsp/system.mss
TRACE::2025-12-12.07:30:13::SCWPlatform::Trying to open the hw design at D:/viv/SpartanTracker/lab7_2/sdk/tracker_top/tempdsa/tracker_top.xsa
TRACE::2025-12-12.07:30:13::SCWPlatform::DSA given D:/viv/SpartanTracker/lab7_2/sdk/tracker_top/tempdsa/tracker_top.xsa
TRACE::2025-12-12.07:30:13::SCWPlatform::DSA absoulate path D:/viv/SpartanTracker/lab7_2/sdk/tracker_top/tempdsa/tracker_top.xsa
TRACE::2025-12-12.07:30:13::SCWPlatform::DSA directory D:/viv/SpartanTracker/lab7_2/sdk/tracker_top/tempdsa
TRACE::2025-12-12.07:30:13::SCWPlatform:: Platform Path D:/viv/SpartanTracker/lab7_2/sdk/tracker_top/tempdsa/tracker_top.xsa
TRACE::2025-12-12.07:30:13::SCWPlatform:: Unique name xilinx:::0.0
TRACE::2025-12-12.07:30:13::SCWPlatform::update - Opened existing hwdb tracker_top_3
TRACE::2025-12-12.07:30:13::SCWPlatform::Found the Hw Db part of the input DSA
TRACE::2025-12-12.07:30:13::SCWMssOS::Saving the mss changes D:/viv/SpartanTracker/lab7_2/sdk/tracker_top/microblaze_0/standalone_microblaze_0/bsp/system.mss
TRACE::2025-12-12.07:30:13::SCWMssOS::Found a swdesign opened with the mssfile.
TRACE::2025-12-12.07:30:13::SCWMssOS::Completed writemss as part of save.
TRACE::2025-12-12.07:30:13::SCWMssOS::Commit changes completed.
TRACE::2025-12-12.07:30:13::SCWMssOS::Completed hw sync for the mss in domain: standalone_microblaze_0
TRACE::2025-12-12.07:30:13::SCWMssOS::Removing the swdes entry for  D:/viv/SpartanTracker/lab7_2/sdk/tracker_top/microblaze_0/standalone_microblaze_0/bsp/system.mss
TRACE::2025-12-12.07:30:13::SCWPlatform::Trying to open the hw design at D:/viv/SpartanTracker/lab7_2/sdk/tracker_top/hw/tracker_top.xsa
TRACE::2025-12-12.07:30:13::SCWPlatform::DSA given D:/viv/SpartanTracker/lab7_2/sdk/tracker_top/hw/tracker_top.xsa
TRACE::2025-12-12.07:30:13::SCWPlatform::DSA absoulate path D:/viv/SpartanTracker/lab7_2/sdk/tracker_top/hw/tracker_top.xsa
TRACE::2025-12-12.07:30:13::SCWPlatform::DSA directory D:/viv/SpartanTracker/lab7_2/sdk/tracker_top/hw
TRACE::2025-12-12.07:30:13::SCWPlatform:: Platform Path D:/viv/SpartanTracker/lab7_2/sdk/tracker_top/hw/tracker_top.xsa
TRACE::2025-12-12.07:30:13::SCWPlatform:: Unique name xilinx:::0.0
TRACE::2025-12-12.07:30:13::SCWPlatform::Do not have an existing db opened. 
TRACE::2025-12-12.07:30:13::SCWPlatform::Opened new HwDB with name tracker_top_4
TRACE::2025-12-12.07:30:13::SCWMssOS::Saving the mss changes D:/viv/SpartanTracker/lab7_2/sdk/tracker_top/microblaze_0/standalone_microblaze_0/bsp/system.mss
TRACE::2025-12-12.07:30:13::SCWMssOS::Adding the swdes entry, mss present, able to open swdb D:/viv/SpartanTracker/lab7_2/sdk/tracker_top/microblaze_0/standalone_microblaze_0/bsp/system.mss with des name system
TRACE::2025-12-12.07:30:13::SCWMssOS::Writing the mss file completed D:/viv/SpartanTracker/lab7_2/sdk/tracker_top/microblaze_0/standalone_microblaze_0/bsp/system.mss
TRACE::2025-12-12.07:30:13::SCWMssOS::Commit changes completed.
TRACE::2025-12-12.07:30:13::SCWPlatform::Trying to open the hw design at D:/viv/SpartanTracker/lab7_2/sdk/tracker_top/hw/tracker_top.xsa
TRACE::2025-12-12.07:30:13::SCWPlatform::DSA given D:/viv/SpartanTracker/lab7_2/sdk/tracker_top/hw/tracker_top.xsa
TRACE::2025-12-12.07:30:13::SCWPlatform::DSA absoulate path D:/viv/SpartanTracker/lab7_2/sdk/tracker_top/hw/tracker_top.xsa
TRACE::2025-12-12.07:30:13::SCWPlatform::DSA directory D:/viv/SpartanTracker/lab7_2/sdk/tracker_top/hw
TRACE::2025-12-12.07:30:13::SCWPlatform:: Platform Path D:/viv/SpartanTracker/lab7_2/sdk/tracker_top/hw/tracker_top.xsa
TRACE::2025-12-12.07:30:13::SCWPlatform:: Unique name xilinx:::0.0
TRACE::2025-12-12.07:30:13::SCWPlatform::Trying to set the existing hwdb with name tracker_top_4
TRACE::2025-12-12.07:30:13::SCWPlatform::Opened existing hwdb tracker_top_4
TRACE::2025-12-12.07:30:13::SCWPlatform::Found the Hw Db part of the input DSA
TRACE::2025-12-12.07:30:13::SCWMssOS::Checking the sw design at  D:/viv/SpartanTracker/lab7_2/sdk/tracker_top/microblaze_0/standalone_microblaze_0/bsp/system.mss
TRACE::2025-12-12.07:30:13::SCWMssOS::DEBUG:  swdes dump  D:/viv/SpartanTracker/lab7_2/sdk/tracker_top/microblaze_0/standalone_microblaze_0/bsp/system.mss|system||

TRACE::2025-12-12.07:30:13::SCWMssOS::Sw design exists and opened at  D:/viv/SpartanTracker/lab7_2/sdk/tracker_top/microblaze_0/standalone_microblaze_0/bsp/system.mss
TRACE::2025-12-12.07:30:13::SCWWriter::formatted JSON is {
	"platformName":	"tracker_top",
	"sprVersion":	"2.0",
	"mode":	"gui",
	"dsaType":	"Fixed",
	"platformDesc":	"tracker_top",
	"platHandOff":	"D:/viv/SpartanTracker/lab7_2/tracker_top.xsa",
	"platIntHandOff":	"<platformDir>/hw/tracker_top.xsa",
	"deviceType":	"FPGA",
	"platIsPrebuiltAutogen":	"false",
	"platIsNoBootBsp":	"false",
	"hasFsblMakeHasChanges":	"false",
	"hasPmufwMakeHasChanges":	"false",
	"platPreBuiltFlag":	false,
	"platformSamplesDir":	"",
	"platActiveSys":	"tracker_top",
	"systems":	[{
			"systemName":	"tracker_top",
			"systemDesc":	"tracker_top",
			"sysIsBootAutoGen":	"true",
			"systemDispName":	"tracker_top",
			"sysActiveDom":	"standalone_microblaze_0",
			"sysDefaultDom":	"standalone_microblaze_0",
			"domains":	[{
					"domainName":	"standalone_microblaze_0",
					"domainDispName":	"standalone_microblaze_0",
					"domainDesc":	"standalone_microblaze_0",
					"processors":	"microblaze_0",
					"os":	"standalone",
					"sdxOs":	"standalone",
					"debugEnable":	"False",
					"domRuntimes":	["cpp"],
					"swRepo":	"",
					"mssOsVer":	"8.0",
					"mssFile":	"",
					"md5Digest":	"948367085d8c8b0e65ac10674ef4e0941",
					"compatibleApp":	"",
					"domType":	"mssDomain",
					"arch":	"32-bit",
					"appSettings":	{
						"appCompilerFlags":	"",
						"appLinkerFlags":	""
					},
					"addedLibs":	[],
					"libOptions":	{
						"libsContainingOptions":	[]
					},
					"prebuiltLibs":	{
						"prebuiltIncPath":	[],
						"prebuiltLibPath":	[]
					},
					"isolation":	{
					}
				}]
		}]
}
TRACE::2025-12-12.07:30:21::SCWMssOS::cleaning the bsp 
TRACE::2025-12-12.07:30:21::SCWMssOS::System Command Ran  D: & cd  D:/viv/SpartanTracker/lab7_2/sdk/tracker_top/microblaze_0/standalone_microblaze_0/bsp & make clean 
TRACE::2025-12-12.07:30:21::SCWMssOS::make -C microblaze_0/libsrc/bram_v4_8/src -s clean 

TRACE::2025-12-12.07:30:21::SCWMssOS::make -C microblaze_0/libsrc/cpu_v2_16/src -s clean 

TRACE::2025-12-12.07:30:21::SCWMssOS::make -C microblaze_0/libsrc/gpio_v4_9/src -s clean 

TRACE::2025-12-12.07:30:21::SCWMssOS::make -C microblaze_0/libsrc/intc_v3_15/src -s clean 

TRACE::2025-12-12.07:30:21::SCWMssOS::make -C microblaze_0/libsrc/spi_v4_9/src -s clean 

TRACE::2025-12-12.07:30:21::SCWMssOS::make -C microblaze_0/libsrc/standalone_v8_0/src -s clean 

TRACE::2025-12-12.07:30:21::SCWMssOS::make -C microblaze_0/libsrc/tmrctr_v4_9/src -s clean 

TRACE::2025-12-12.07:30:21::SCWMssOS::make -C microblaze_0/libsrc/uartlite_v3_7/src -s clean 

TRACE::2025-12-12.07:30:21::SCWMssOS::rm -f microblaze_0/lib/libxil.a

LOG::2025-12-12.07:30:30::SCWPlatform::Started generating the artifacts platform tracker_top
TRACE::2025-12-12.07:30:30::SCWPlatform::Sanity checking of platform is completed
LOG::2025-12-12.07:30:30::SCWPlatform::Started generating the artifacts for system configuration tracker_top
LOG::2025-12-12.07:30:30::SCWSystem::Checking the domain standalone_microblaze_0
LOG::2025-12-12.07:30:30::SCWSystem::Not a boot domain 
LOG::2025-12-12.07:30:30::SCWSystem::Started Processing the domain standalone_microblaze_0
TRACE::2025-12-12.07:30:30::SCWDomain::Generating domain artifcats
TRACE::2025-12-12.07:30:30::SCWMssOS::Generating standalone artifcats
TRACE::2025-12-12.07:30:30::SCWMssOS:: Copying the user libraries. 
TRACE::2025-12-12.07:30:30::SCWPlatform::Trying to open the hw design at D:/viv/SpartanTracker/lab7_2/sdk/tracker_top/hw/tracker_top.xsa
TRACE::2025-12-12.07:30:30::SCWPlatform::DSA given D:/viv/SpartanTracker/lab7_2/sdk/tracker_top/hw/tracker_top.xsa
TRACE::2025-12-12.07:30:30::SCWPlatform::DSA absoulate path D:/viv/SpartanTracker/lab7_2/sdk/tracker_top/hw/tracker_top.xsa
TRACE::2025-12-12.07:30:30::SCWPlatform::DSA directory D:/viv/SpartanTracker/lab7_2/sdk/tracker_top/hw
TRACE::2025-12-12.07:30:30::SCWPlatform:: Platform Path D:/viv/SpartanTracker/lab7_2/sdk/tracker_top/hw/tracker_top.xsa
TRACE::2025-12-12.07:30:30::SCWPlatform:: Unique name xilinx:::0.0
TRACE::2025-12-12.07:30:30::SCWPlatform::Trying to set the existing hwdb with name tracker_top_4
TRACE::2025-12-12.07:30:30::SCWPlatform::Opened existing hwdb tracker_top_4
TRACE::2025-12-12.07:30:30::SCWPlatform::Found the Hw Db part of the input DSA
TRACE::2025-12-12.07:30:30::SCWMssOS::Checking the sw design at  D:/viv/SpartanTracker/lab7_2/sdk/tracker_top/microblaze_0/standalone_microblaze_0/bsp/system.mss
TRACE::2025-12-12.07:30:30::SCWMssOS::DEBUG:  swdes dump  D:/viv/SpartanTracker/lab7_2/sdk/tracker_top/microblaze_0/standalone_microblaze_0/bsp/system.mss|system||

TRACE::2025-12-12.07:30:30::SCWMssOS::Sw design exists and opened at  D:/viv/SpartanTracker/lab7_2/sdk/tracker_top/microblaze_0/standalone_microblaze_0/bsp/system.mss
TRACE::2025-12-12.07:30:30::SCWMssOS::Completed writing the mss file at D:/viv/SpartanTracker/lab7_2/sdk/tracker_top/microblaze_0/standalone_microblaze_0/bsp
TRACE::2025-12-12.07:30:30::SCWMssOS::Mss edits present, copying mssfile into export location D:/viv/SpartanTracker/lab7_2/sdk/tracker_top/microblaze_0/standalone_microblaze_0/bsp/system.mss
TRACE::2025-12-12.07:30:30::SCWMssOS::bsp generated is stale removing and regenerating. 
TRACE::2025-12-12.07:30:31::SCWMssOS::doing bsp build ... 
TRACE::2025-12-12.07:30:31::SCWMssOS::System Command Ran  D: & cd  D:/viv/SpartanTracker/lab7_2/sdk/tracker_top/microblaze_0/standalone_microblaze_0/bsp & make 
TRACE::2025-12-12.07:30:31::SCWMssOS::make --no-print-directory seq_libs

TRACE::2025-12-12.07:30:31::SCWMssOS::'Finished building libraries sequentially.'

TRACE::2025-12-12.07:30:31::SCWMssOS::make -j 6 --no-print-directory par_libs

TRACE::2025-12-12.07:30:31::SCWMssOS::"Running Make include in microblaze_0/libsrc/bram_v4_8/src"

TRACE::2025-12-12.07:30:31::SCWMssOS::make -C microblaze_0/libsrc/bram_v4_8/src -s include  "SHELL=CMD" "COMPILER=mb-gcc" "ASSEMBLER=mb-as" "ARCHIVER=mb-ar" "COMPILE
TRACE::2025-12-12.07:30:31::SCWMssOS::R_FLAGS=  -O2 -c -mcpu=v11.0 -mlittle-endian -mno-xl-reorder -mno-xl-soft-mul -mxl-barrel-shift -mxl-pattern-compare" "EXTRA_CO
TRACE::2025-12-12.07:30:31::SCWMssOS::MPILER_FLAGS=-g -ffunction-sections -fdata-sections -Wall -Wextra -fno-tree-loop-distribute-patterns"

TRACE::2025-12-12.07:30:31::SCWMssOS::"Running Make include in microblaze_0/libsrc/cpu_v2_16/src"

TRACE::2025-12-12.07:30:31::SCWMssOS::make -C microblaze_0/libsrc/cpu_v2_16/src -s include  "SHELL=CMD" "COMPILER=mb-gcc" "ASSEMBLER=mb-as" "ARCHIVER=mb-ar" "COMPILE
TRACE::2025-12-12.07:30:31::SCWMssOS::R_FLAGS=  -O2 -c -mcpu=v11.0 -mlittle-endian -mno-xl-reorder -mno-xl-soft-mul -mxl-barrel-shift -mxl-pattern-compare" "EXTRA_CO
TRACE::2025-12-12.07:30:31::SCWMssOS::MPILER_FLAGS=-g -ffunction-sections -fdata-sections -Wall -Wextra -fno-tree-loop-distribute-patterns"

TRACE::2025-12-12.07:30:31::SCWMssOS::"Running Make include in microblaze_0/libsrc/gpio_v4_9/src"

TRACE::2025-12-12.07:30:31::SCWMssOS::make -C microblaze_0/libsrc/gpio_v4_9/src -s include  "SHELL=CMD" "COMPILER=mb-gcc" "ASSEMBLER=mb-as" "ARCHIVER=mb-ar" "COMPILE
TRACE::2025-12-12.07:30:31::SCWMssOS::R_FLAGS=  -O2 -c -mcpu=v11.0 -mlittle-endian -mno-xl-reorder -mno-xl-soft-mul -mxl-barrel-shift -mxl-pattern-compare" "EXTRA_CO
TRACE::2025-12-12.07:30:31::SCWMssOS::MPILER_FLAGS=-g -ffunction-sections -fdata-sections -Wall -Wextra -fno-tree-loop-distribute-patterns"

TRACE::2025-12-12.07:30:31::SCWMssOS::"Running Make include in microblaze_0/libsrc/intc_v3_15/src"

TRACE::2025-12-12.07:30:32::SCWMssOS::"Running Make include in microblaze_0/libsrc/spi_v4_9/src"

TRACE::2025-12-12.07:30:32::SCWMssOS::"Running Make include in microblaze_0/libsrc/standalone_v8_0/src"

TRACE::2025-12-12.07:30:32::SCWMssOS::make -C microblaze_0/libsrc/intc_v3_15/src -s include  "SHELL=CMD" "COMPILER=mb-gcc" "ASSEMBLER=mb-as" "ARCHIVER=mb-ar" "COMPIL
TRACE::2025-12-12.07:30:32::SCWMssOS::ER_FLAGS=  -O2 -c -mcpu=v11.0 -mlittle-endian -mno-xl-reorder -mno-xl-soft-mul -mxl-barrel-shift -mxl-pattern-compare" "EXTRA_C
TRACE::2025-12-12.07:30:32::SCWMssOS::OMPILER_FLAGS=-g -ffunction-sections -fdata-sections -Wall -Wextra -fno-tree-loop-distribute-patterns"

TRACE::2025-12-12.07:30:32::SCWMssOS::"Running Make include in microblaze_0/libsrc/tmrctr_v4_9/src"

TRACE::2025-12-12.07:30:32::SCWMssOS::make -C microblaze_0/libsrc/spi_v4_9/src -s include  "SHELL=CMD" "COMPILER=mb-gcc" "ASSEMBLER=mb-as" "ARCHIVER=mb-ar" "COMPILER
TRACE::2025-12-12.07:30:32::SCWMssOS::_FLAGS=  -O2 -c -mcpu=v11.0 -mlittle-endian -mno-xl-reorder -mno-xl-soft-mul -mxl-barrel-shift -mxl-pattern-compare" "EXTRA_COM
TRACE::2025-12-12.07:30:32::SCWMssOS::PILER_FLAGS=-g -ffunction-sections -fdata-sections -Wall -Wextra -fno-tree-loop-distribute-patterns"

TRACE::2025-12-12.07:30:32::SCWMssOS::make -C microblaze_0/libsrc/standalone_v8_0/src -s include  "SHELL=CMD" "COMPILER=mb-gcc" "ASSEMBLER=mb-as" "ARCHIVER=mb-ar" "C
TRACE::2025-12-12.07:30:32::SCWMssOS::OMPILER_FLAGS=  -O2 -c -mcpu=v11.0 -mlittle-endian -mno-xl-reorder -mno-xl-soft-mul -mxl-barrel-shift -mxl-pattern-compare" "EX
TRACE::2025-12-12.07:30:32::SCWMssOS::TRA_COMPILER_FLAGS=-g -ffunction-sections -fdata-sections -Wall -Wextra -fno-tree-loop-distribute-patterns"

TRACE::2025-12-12.07:30:32::SCWMssOS::make -C microblaze_0/libsrc/tmrctr_v4_9/src -s include  "SHELL=CMD" "COMPILER=mb-gcc" "ASSEMBLER=mb-as" "ARCHIVER=mb-ar" "COMPI
TRACE::2025-12-12.07:30:32::SCWMssOS::LER_FLAGS=  -O2 -c -mcpu=v11.0 -mlittle-endian -mno-xl-reorder -mno-xl-soft-mul -mxl-barrel-shift -mxl-pattern-compare" "EXTRA_
TRACE::2025-12-12.07:30:32::SCWMssOS::COMPILER_FLAGS=-g -ffunction-sections -fdata-sections -Wall -Wextra -fno-tree-loop-distribute-patterns"

TRACE::2025-12-12.07:30:32::SCWMssOS::"Running Make include in microblaze_0/libsrc/uartlite_v3_7/src"

TRACE::2025-12-12.07:30:32::SCWMssOS::make -C microblaze_0/libsrc/uartlite_v3_7/src -s include  "SHELL=CMD" "COMPILER=mb-gcc" "ASSEMBLER=mb-as" "ARCHIVER=mb-ar" "COM
TRACE::2025-12-12.07:30:32::SCWMssOS::PILER_FLAGS=  -O2 -c -mcpu=v11.0 -mlittle-endian -mno-xl-reorder -mno-xl-soft-mul -mxl-barrel-shift -mxl-pattern-compare" "EXTR
TRACE::2025-12-12.07:30:32::SCWMssOS::A_COMPILER_FLAGS=-g -ffunction-sections -fdata-sections -Wall -Wextra -fno-tree-loop-distribute-patterns"

TRACE::2025-12-12.07:30:33::SCWMssOS::"Running Make libs in microblaze_0/libsrc/bram_v4_8/src"

TRACE::2025-12-12.07:30:33::SCWMssOS::"Running Make libs in microblaze_0/libsrc/cpu_v2_16/src"

TRACE::2025-12-12.07:30:33::SCWMssOS::make -C microblaze_0/libsrc/bram_v4_8/src -s libs  "SHELL=CMD" "COMPILER=mb-gcc" "ASSEMBLER=mb-as" "ARCHIVER=mb-ar" "COMPILER_F
TRACE::2025-12-12.07:30:33::SCWMssOS::LAGS=  -O2 -c -mcpu=v11.0 -mlittle-endian -mno-xl-reorder -mno-xl-soft-mul -mxl-barrel-shift -mxl-pattern-compare" "EXTRA_COMPI
TRACE::2025-12-12.07:30:33::SCWMssOS::LER_FLAGS=-g -ffunction-sections -fdata-sections -Wall -Wextra -fno-tree-loop-distribute-patterns"

TRACE::2025-12-12.07:30:33::SCWMssOS::make -C microblaze_0/libsrc/cpu_v2_16/src -s libs  "SHELL=CMD" "COMPILER=mb-gcc" "ASSEMBLER=mb-as" "ARCHIVER=mb-ar" "COMPILER_F
TRACE::2025-12-12.07:30:33::SCWMssOS::LAGS=  -O2 -c -mcpu=v11.0 -mlittle-endian -mno-xl-reorder -mno-xl-soft-mul -mxl-barrel-shift -mxl-pattern-compare" "EXTRA_COMPI
TRACE::2025-12-12.07:30:33::SCWMssOS::LER_FLAGS=-g -ffunction-sections -fdata-sections -Wall -Wextra -fno-tree-loop-distribute-patterns"

TRACE::2025-12-12.07:30:33::SCWMssOS::"Running Make libs in microblaze_0/libsrc/gpio_v4_9/src"

TRACE::2025-12-12.07:30:33::SCWMssOS::make -C microblaze_0/libsrc/gpio_v4_9/src -s libs  "SHELL=CMD" "COMPILER=mb-gcc" "ASSEMBLER=mb-as" "ARCHIVER=mb-ar" "COMPILER_F
TRACE::2025-12-12.07:30:33::SCWMssOS::LAGS=  -O2 -c -mcpu=v11.0 -mlittle-endian -mno-xl-reorder -mno-xl-soft-mul -mxl-barrel-shift -mxl-pattern-compare" "EXTRA_COMPI
TRACE::2025-12-12.07:30:33::SCWMssOS::LER_FLAGS=-g -ffunction-sections -fdata-sections -Wall -Wextra -fno-tree-loop-distribute-patterns"

TRACE::2025-12-12.07:30:33::SCWMssOS::"Running Make libs in microblaze_0/libsrc/intc_v3_15/src"

TRACE::2025-12-12.07:30:33::SCWMssOS::make -C microblaze_0/libsrc/intc_v3_15/src -s libs  "SHELL=CMD" "COMPILER=mb-gcc" "ASSEMBLER=mb-as" "ARCHIVER=mb-ar" "COMPILER_
TRACE::2025-12-12.07:30:33::SCWMssOS::FLAGS=  -O2 -c -mcpu=v11.0 -mlittle-endian -mno-xl-reorder -mno-xl-soft-mul -mxl-barrel-shift -mxl-pattern-compare" "EXTRA_COMP
TRACE::2025-12-12.07:30:33::SCWMssOS::ILER_FLAGS=-g -ffunction-sections -fdata-sections -Wall -Wextra -fno-tree-loop-distribute-patterns"

TRACE::2025-12-12.07:30:33::SCWMssOS::"Running Make libs in microblaze_0/libsrc/spi_v4_9/src"

TRACE::2025-12-12.07:30:33::SCWMssOS::make -C microblaze_0/libsrc/spi_v4_9/src -s libs  "SHELL=CMD" "COMPILER=mb-gcc" "ASSEMBLER=mb-as" "ARCHIVER=mb-ar" "COMPILER_FL
TRACE::2025-12-12.07:30:33::SCWMssOS::AGS=  -O2 -c -mcpu=v11.0 -mlittle-endian -mno-xl-reorder -mno-xl-soft-mul -mxl-barrel-shift -mxl-pattern-compare" "EXTRA_COMPIL
TRACE::2025-12-12.07:30:33::SCWMssOS::ER_FLAGS=-g -ffunction-sections -fdata-sections -Wall -Wextra -fno-tree-loop-distribute-patterns"

TRACE::2025-12-12.07:30:33::SCWMssOS::"Running Make libs in microblaze_0/libsrc/standalone_v8_0/src"

TRACE::2025-12-12.07:30:33::SCWMssOS::make -C microblaze_0/libsrc/standalone_v8_0/src -s libs  "SHELL=CMD" "COMPILER=mb-gcc" "ASSEMBLER=mb-as" "ARCHIVER=mb-ar" "COMP
TRACE::2025-12-12.07:30:33::SCWMssOS::ILER_FLAGS=  -O2 -c -mcpu=v11.0 -mlittle-endian -mno-xl-reorder -mno-xl-soft-mul -mxl-barrel-shift -mxl-pattern-compare" "EXTRA
TRACE::2025-12-12.07:30:33::SCWMssOS::_COMPILER_FLAGS=-g -ffunction-sections -fdata-sections -Wall -Wextra -fno-tree-loop-distribute-patterns"

TRACE::2025-12-12.07:30:34::SCWMssOS::"Running Make libs in microblaze_0/libsrc/tmrctr_v4_9/src"

TRACE::2025-12-12.07:30:34::SCWMssOS::make -C microblaze_0/libsrc/tmrctr_v4_9/src -s libs  "SHELL=CMD" "COMPILER=mb-gcc" "ASSEMBLER=mb-as" "ARCHIVER=mb-ar" "COMPILER
TRACE::2025-12-12.07:30:34::SCWMssOS::_FLAGS=  -O2 -c -mcpu=v11.0 -mlittle-endian -mno-xl-reorder -mno-xl-soft-mul -mxl-barrel-shift -mxl-pattern-compare" "EXTRA_COM
TRACE::2025-12-12.07:30:34::SCWMssOS::PILER_FLAGS=-g -ffunction-sections -fdata-sections -Wall -Wextra -fno-tree-loop-distribute-patterns"

TRACE::2025-12-12.07:30:34::SCWMssOS::"Running Make libs in microblaze_0/libsrc/uartlite_v3_7/src"

TRACE::2025-12-12.07:30:34::SCWMssOS::make -C microblaze_0/libsrc/uartlite_v3_7/src -s libs  "SHELL=CMD" "COMPILER=mb-gcc" "ASSEMBLER=mb-as" "ARCHIVER=mb-ar" "COMPIL
TRACE::2025-12-12.07:30:34::SCWMssOS::ER_FLAGS=  -O2 -c -mcpu=v11.0 -mlittle-endian -mno-xl-reorder -mno-xl-soft-mul -mxl-barrel-shift -mxl-pattern-compare" "EXTRA_C
TRACE::2025-12-12.07:30:34::SCWMssOS::OMPILER_FLAGS=-g -ffunction-sections -fdata-sections -Wall -Wextra -fno-tree-loop-distribute-patterns"

TRACE::2025-12-12.07:30:37::SCWMssOS::"DEBUG NON_LTO_OBJECTS is ../../../lib/microblaze_interrupt_handler.o"

TRACE::2025-12-12.07:30:37::SCWMssOS::'Finished building libraries parallelly.'

TRACE::2025-12-12.07:30:37::SCWMssOS::make --no-print-directory archive

TRACE::2025-12-12.07:30:37::SCWMssOS::mb-ar -r  microblaze_0/lib/libxil.a microblaze_0/lib/_exit.o microblaze_0/lib/errno.o microblaze_0/lib/fcntl.o microblaze_0/lib
TRACE::2025-12-12.07:30:37::SCWMssOS::/hw_exception_handler.o microblaze_0/lib/inbyte.o microblaze_0/lib/microblaze_disable_dcache.o microblaze_0/lib/microblaze_disa
TRACE::2025-12-12.07:30:37::SCWMssOS::ble_exceptions.o microblaze_0/lib/microblaze_disable_icache.o microblaze_0/lib/microblaze_disable_interrupts.o microblaze_0/lib
TRACE::2025-12-12.07:30:37::SCWMssOS::/microblaze_enable_dcache.o microblaze_0/lib/microblaze_enable_exceptions.o microblaze_0/lib/microblaze_enable_icache.o microbl
TRACE::2025-12-12.07:30:37::SCWMssOS::aze_0/lib/microblaze_enable_interrupts.o microblaze_0/lib/microblaze_exception_handler.o microblaze_0/lib/microblaze_flush_cach
TRACE::2025-12-12.07:30:37::SCWMssOS::e_ext.o microblaze_0/lib/microblaze_flush_cache_ext_range.o microblaze_0/lib/microblaze_flush_dcache.o microblaze_0/lib/microbl
TRACE::2025-12-12.07:30:37::SCWMssOS::aze_flush_dcache_range.o microblaze_0/lib/microblaze_init_dcache_range.o microblaze_0/lib/microblaze_init_icache_range.o microb
TRACE::2025-12-12.07:30:37::SCWMssOS::laze_0/lib/microblaze_interrupt_handler.o microblaze_0/lib/microblaze_interrupts_g.o microblaze_0/lib/microblaze_invalidate_cac
TRACE::2025-12-12.07:30:37::SCWMssOS::he_ext.o microblaze_0/lib/microblaze_invalidate_cache_ext_range.o microblaze_0/lib/microblaze_invalidate_dcache.o microblaze_0/
TRACE::2025-12-12.07:30:37::SCWMssOS::lib/microblaze_invalidate_dcache_range.o microblaze_0/lib/microblaze_invalidate_icache.o microblaze_0/lib/microblaze_invalidate
TRACE::2025-12-12.07:30:37::SCWMssOS::_icache_range.o microblaze_0/lib/microblaze_scrub.o microblaze_0/lib/microblaze_selftest.o microblaze_0/lib/microblaze_sleep.o 
TRACE::2025-12-12.07:30:37::SCWMssOS::microblaze_0/lib/microblaze_update_dcache.o microblaze_0/lib/microblaze_update_icache.o microblaze_0/lib/outbyte.o microblaze_0
TRACE::2025-12-12.07:30:37::SCWMssOS::/lib/print.o microblaze_0/lib/pvr.o microblaze_0/lib/xbram.o microblaze_0/lib/xbram_g.o microblaze_0/lib/xbram_intr.o microblaz
TRACE::2025-12-12.07:30:37::SCWMssOS::e_0/lib/xbram_selftest.o microblaze_0/lib/xbram_sinit.o microblaze_0/lib/xgpio.o microblaze_0/lib/xgpio_extra.o microblaze_0/li
TRACE::2025-12-12.07:30:37::SCWMssOS::b/xgpio_g.o microblaze_0/lib/xgpio_intr.o microblaze_0/lib/xgpio_selftest.o microblaze_0/lib/xgpio_sinit.o microblaze_0/lib/xil
TRACE::2025-12-12.07:30:37::SCWMssOS::_assert.o microblaze_0/lib/xil_cache.o microblaze_0/lib/xil_clocking.o microblaze_0/lib/xil_exception.o microblaze_0/lib/xil_me
TRACE::2025-12-12.07:30:37::SCWMssOS::m.o microblaze_0/lib/xil_misc_psreset_api.o microblaze_0/lib/xil_printf.o microblaze_0/lib/xil_sleepcommon.o microblaze_0/lib/x
TRACE::2025-12-12.07:30:37::SCWMssOS::il_testcache.o microblaze_0/lib/xil_testio.o microblaze_0/lib/xil_testmem.o microblaze_0/lib/xil_util.o microblaze_0/lib/xintc.
TRACE::2025-12-12.07:30:37::SCWMssOS::o microblaze_0/lib/xintc_g.o microblaze_0/lib/xintc_intr.o microblaze_0/lib/xintc_l.o microblaze_0/lib/xintc_options.o microbla
TRACE::2025-12-12.07:30:37::SCWMssOS::ze_0/lib/xintc_selftest.o microblaze_0/lib/xinterrupt_wrap.o microblaze_0/lib/xio.o microblaze_0/lib/xplatform_info.o microblaz
TRACE::2025-12-12.07:30:37::SCWMssOS::e_0/lib/xspi.o microblaze_0/lib/xspi_g.o microblaze_0/lib/xspi_options.o microblaze_0/lib/xspi_selftest.o microblaze_0/lib/xspi
TRACE::2025-12-12.07:30:37::SCWMssOS::_sinit.o microblaze_0/lib/xspi_stats.o microblaze_0/lib/xtmrctr.o microblaze_0/lib/xtmrctr_g.o microblaze_0/lib/xtmrctr_intr.o 
TRACE::2025-12-12.07:30:37::SCWMssOS::microblaze_0/lib/xtmrctr_l.o microblaze_0/lib/xtmrctr_options.o microblaze_0/lib/xtmrctr_selftest.o microblaze_0/lib/xtmrctr_si
TRACE::2025-12-12.07:30:37::SCWMssOS::nit.o microblaze_0/lib/xtmrctr_stats.o microblaze_0/lib/xuartlite.o microblaze_0/lib/xuartlite_g.o microblaze_0/lib/xuartlite_i
TRACE::2025-12-12.07:30:37::SCWMssOS::ntr.o microblaze_0/lib/xuartlite_l.o microblaze_0/lib/xuartlite_selftest.o microblaze_0/lib/xuartlite_sinit.o microblaze_0/lib/
TRACE::2025-12-12.07:30:37::SCWMssOS::xuartlite_stats.o

TRACE::2025-12-12.07:30:38::SCWMssOS::'Finished building libraries'

TRACE::2025-12-12.07:30:38::SCWMssOS:: Checking if to create the Supporting Applications
TRACE::2025-12-12.07:30:38::SCWMssOS:: No Linux domain exists, trying to generate FSBL 
LOG::2025-12-12.07:30:38::SCWSystem::Completed Processing the domain standalone_microblaze_0
LOG::2025-12-12.07:30:38::SCWSystem::Completed Processing the sysconfig tracker_top
LOG::2025-12-12.07:30:38::SCWPlatform::Completed generating the artifacts for system configuration tracker_top
TRACE::2025-12-12.07:30:38::SCWPlatform::Started preparing the platform 
TRACE::2025-12-12.07:30:38::SCWSystem::Writing the bif file for system config tracker_top
TRACE::2025-12-12.07:30:38::SCWSystem::dir created 
TRACE::2025-12-12.07:30:38::SCWSystem::Writing the bif 
TRACE::2025-12-12.07:30:38::SCWPlatform::Started writing the spfm file 
TRACE::2025-12-12.07:30:38::SCWPlatform::Started writing the xpfm file 
TRACE::2025-12-12.07:30:38::SCWPlatform::Completed generating the platform
TRACE::2025-12-12.07:30:38::SCWMssOS::Saving the mss changes D:/viv/SpartanTracker/lab7_2/sdk/tracker_top/microblaze_0/standalone_microblaze_0/bsp/system.mss
TRACE::2025-12-12.07:30:38::SCWMssOS::Adding the swdes entry, mss present, able to open swdb D:/viv/SpartanTracker/lab7_2/sdk/tracker_top/microblaze_0/standalone_microblaze_0/bsp/system.mss with des name system
TRACE::2025-12-12.07:30:38::SCWMssOS::Writing the mss file completed D:/viv/SpartanTracker/lab7_2/sdk/tracker_top/microblaze_0/standalone_microblaze_0/bsp/system.mss
TRACE::2025-12-12.07:30:38::SCWMssOS::Commit changes completed.
TRACE::2025-12-12.07:30:38::SCWPlatform::Trying to open the hw design at D:/viv/SpartanTracker/lab7_2/sdk/tracker_top/hw/tracker_top.xsa
TRACE::2025-12-12.07:30:38::SCWPlatform::DSA given D:/viv/SpartanTracker/lab7_2/sdk/tracker_top/hw/tracker_top.xsa
TRACE::2025-12-12.07:30:38::SCWPlatform::DSA absoulate path D:/viv/SpartanTracker/lab7_2/sdk/tracker_top/hw/tracker_top.xsa
TRACE::2025-12-12.07:30:38::SCWPlatform::DSA directory D:/viv/SpartanTracker/lab7_2/sdk/tracker_top/hw
TRACE::2025-12-12.07:30:38::SCWPlatform:: Platform Path D:/viv/SpartanTracker/lab7_2/sdk/tracker_top/hw/tracker_top.xsa
TRACE::2025-12-12.07:30:38::SCWPlatform:: Unique name xilinx:::0.0
TRACE::2025-12-12.07:30:38::SCWPlatform::Trying to set the existing hwdb with name tracker_top_4
TRACE::2025-12-12.07:30:38::SCWPlatform::Opened existing hwdb tracker_top_4
TRACE::2025-12-12.07:30:38::SCWPlatform::Found the Hw Db part of the input DSA
TRACE::2025-12-12.07:30:38::SCWMssOS::Checking the sw design at  D:/viv/SpartanTracker/lab7_2/sdk/tracker_top/microblaze_0/standalone_microblaze_0/bsp/system.mss
TRACE::2025-12-12.07:30:38::SCWMssOS::DEBUG:  swdes dump  D:/viv/SpartanTracker/lab7_2/sdk/tracker_top/microblaze_0/standalone_microblaze_0/bsp/system.mss|system||

TRACE::2025-12-12.07:30:38::SCWMssOS::Sw design exists and opened at  D:/viv/SpartanTracker/lab7_2/sdk/tracker_top/microblaze_0/standalone_microblaze_0/bsp/system.mss
TRACE::2025-12-12.07:30:38::SCWWriter::formatted JSON is {
	"platformName":	"tracker_top",
	"sprVersion":	"2.0",
	"mode":	"gui",
	"dsaType":	"Fixed",
	"platformDesc":	"tracker_top",
	"platHandOff":	"D:/viv/SpartanTracker/lab7_2/tracker_top.xsa",
	"platIntHandOff":	"<platformDir>/hw/tracker_top.xsa",
	"deviceType":	"FPGA",
	"platIsPrebuiltAutogen":	"false",
	"platIsNoBootBsp":	"false",
	"hasFsblMakeHasChanges":	"false",
	"hasPmufwMakeHasChanges":	"false",
	"platPreBuiltFlag":	false,
	"platformSamplesDir":	"",
	"platActiveSys":	"tracker_top",
	"systems":	[{
			"systemName":	"tracker_top",
			"systemDesc":	"tracker_top",
			"sysIsBootAutoGen":	"true",
			"systemDispName":	"tracker_top",
			"sysActiveDom":	"standalone_microblaze_0",
			"sysDefaultDom":	"standalone_microblaze_0",
			"domains":	[{
					"domainName":	"standalone_microblaze_0",
					"domainDispName":	"standalone_microblaze_0",
					"domainDesc":	"standalone_microblaze_0",
					"processors":	"microblaze_0",
					"os":	"standalone",
					"sdxOs":	"standalone",
					"debugEnable":	"False",
					"domRuntimes":	["cpp"],
					"swRepo":	"",
					"mssOsVer":	"8.0",
					"mssFile":	"",
					"md5Digest":	"948367085d8c8b0e65ac10674ef4e094",
					"compatibleApp":	"",
					"domType":	"mssDomain",
					"arch":	"32-bit",
					"appSettings":	{
						"appCompilerFlags":	"",
						"appLinkerFlags":	""
					},
					"addedLibs":	[],
					"libOptions":	{
						"libsContainingOptions":	[]
					},
					"prebuiltLibs":	{
						"prebuiltIncPath":	[],
						"prebuiltLibPath":	[]
					},
					"isolation":	{
					}
				}]
		}]
}
KEYINFO::2025-12-12.07:30:38::SCWPlatform::updated the xpfm file.
TRACE::2025-12-12.07:30:38::SCWPlatform::Trying to open the hw design at D:/viv/SpartanTracker/lab7_2/sdk/tracker_top/hw/tracker_top.xsa
TRACE::2025-12-12.07:30:38::SCWPlatform::DSA given D:/viv/SpartanTracker/lab7_2/sdk/tracker_top/hw/tracker_top.xsa
TRACE::2025-12-12.07:30:38::SCWPlatform::DSA absoulate path D:/viv/SpartanTracker/lab7_2/sdk/tracker_top/hw/tracker_top.xsa
TRACE::2025-12-12.07:30:38::SCWPlatform::DSA directory D:/viv/SpartanTracker/lab7_2/sdk/tracker_top/hw
TRACE::2025-12-12.07:30:38::SCWPlatform:: Platform Path D:/viv/SpartanTracker/lab7_2/sdk/tracker_top/hw/tracker_top.xsa
TRACE::2025-12-12.07:30:38::SCWPlatform:: Unique name xilinx:::0.0
TRACE::2025-12-12.07:30:38::SCWPlatform::Trying to set the existing hwdb with name tracker_top_4
TRACE::2025-12-12.07:30:38::SCWPlatform::Opened existing hwdb tracker_top_4
TRACE::2025-12-12.07:30:38::SCWPlatform::Found the Hw Db part of the input DSA
TRACE::2025-12-12.07:30:38::SCWMssOS::Checking the sw design at  D:/viv/SpartanTracker/lab7_2/sdk/tracker_top/microblaze_0/standalone_microblaze_0/bsp/system.mss
TRACE::2025-12-12.07:30:38::SCWMssOS::DEBUG:  swdes dump  D:/viv/SpartanTracker/lab7_2/sdk/tracker_top/microblaze_0/standalone_microblaze_0/bsp/system.mss|system||

TRACE::2025-12-12.07:30:38::SCWMssOS::Sw design exists and opened at  D:/viv/SpartanTracker/lab7_2/sdk/tracker_top/microblaze_0/standalone_microblaze_0/bsp/system.mss
TRACE::2025-12-12.07:40:21::SCWPlatform::Clearing the existing platform
TRACE::2025-12-12.07:40:21::SCWSystem::Clearing the existing sysconfig
TRACE::2025-12-12.07:40:21::SCWMssOS::Removing the swdes entry for  D:/viv/SpartanTracker/lab7_2/sdk/tracker_top/microblaze_0/standalone_microblaze_0/bsp/system.mss
TRACE::2025-12-12.07:40:21::SCWSystem::Clearing the domains completed.
TRACE::2025-12-12.07:40:21::SCWPlatform::Clearing the opened hw db.
TRACE::2025-12-12.07:40:21::SCWPlatform::DSA given D:/viv/SpartanTracker/lab7_2/sdk/tracker_top/hw/tracker_top.xsa
TRACE::2025-12-12.07:40:21::SCWPlatform::DSA absoulate path D:/viv/SpartanTracker/lab7_2/sdk/tracker_top/hw/tracker_top.xsa
TRACE::2025-12-12.07:40:21::SCWPlatform:: Platform location is D:/viv/SpartanTracker/lab7_2/sdk/tracker_top/hw
TRACE::2025-12-12.07:40:21::SCWPlatform:: Platform Path D:/viv/SpartanTracker/lab7_2/sdk/tracker_top/hw/tracker_top.xsa
TRACE::2025-12-12.07:40:21::SCWPlatform:: Unique name xilinx:::0.0
TRACE::2025-12-12.07:40:21::SCWPlatform::Removing the HwDB with name D:/viv/SpartanTracker/lab7_2/sdk/tracker_top/hw/tracker_top.xsa
TRACE::2025-12-12.07:40:21::SCWPlatform::Trying to open the hw design at D:/viv/SpartanTracker/lab7_2/sdk/tracker_top/hw/tracker_top.xsa
TRACE::2025-12-12.07:40:21::SCWPlatform::DSA given D:/viv/SpartanTracker/lab7_2/sdk/tracker_top/hw/tracker_top.xsa
TRACE::2025-12-12.07:40:21::SCWPlatform::DSA absoulate path D:/viv/SpartanTracker/lab7_2/sdk/tracker_top/hw/tracker_top.xsa
TRACE::2025-12-12.07:40:21::SCWPlatform::DSA directory D:/viv/SpartanTracker/lab7_2/sdk/tracker_top/hw
TRACE::2025-12-12.07:40:21::SCWPlatform:: Platform Path D:/viv/SpartanTracker/lab7_2/sdk/tracker_top/hw/tracker_top.xsa
TRACE::2025-12-12.07:40:21::SCWPlatform:: Unique name xilinx:::0.0
TRACE::2025-12-12.07:40:21::SCWPlatform::Do not have an existing db opened. 
TRACE::2025-12-12.07:40:22::SCWPlatform::Opened new HwDB with name tracker_top_6
TRACE::2025-12-12.07:40:22::SCWReader::Active system found as  tracker_top
TRACE::2025-12-12.07:40:22::SCWReader::Handling sysconfig tracker_top
TRACE::2025-12-12.07:40:22::SCWDomain::checking for install qemu data   : 
TRACE::2025-12-12.07:40:22::SCWPlatform::Trying to open the hw design at D:/viv/SpartanTracker/lab7_2/sdk/tracker_top/hw/tracker_top.xsa
TRACE::2025-12-12.07:40:22::SCWPlatform::DSA given D:/viv/SpartanTracker/lab7_2/sdk/tracker_top/hw/tracker_top.xsa
TRACE::2025-12-12.07:40:22::SCWPlatform::DSA absoulate path D:/viv/SpartanTracker/lab7_2/sdk/tracker_top/hw/tracker_top.xsa
TRACE::2025-12-12.07:40:22::SCWPlatform::DSA directory D:/viv/SpartanTracker/lab7_2/sdk/tracker_top/hw
TRACE::2025-12-12.07:40:22::SCWPlatform:: Platform Path D:/viv/SpartanTracker/lab7_2/sdk/tracker_top/hw/tracker_top.xsa
TRACE::2025-12-12.07:40:22::SCWPlatform:: Unique name xilinx:::0.0
TRACE::2025-12-12.07:40:22::SCWPlatform::Trying to set the existing hwdb with name tracker_top_6
TRACE::2025-12-12.07:40:22::SCWPlatform::Opened existing hwdb tracker_top_6
TRACE::2025-12-12.07:40:22::SCWPlatform::Found the Hw Db part of the input DSA
TRACE::2025-12-12.07:40:22::SCWPlatform::Trying to open the hw design at D:/viv/SpartanTracker/lab7_2/sdk/tracker_top/hw/tracker_top.xsa
TRACE::2025-12-12.07:40:22::SCWPlatform::DSA given D:/viv/SpartanTracker/lab7_2/sdk/tracker_top/hw/tracker_top.xsa
TRACE::2025-12-12.07:40:22::SCWPlatform::DSA absoulate path D:/viv/SpartanTracker/lab7_2/sdk/tracker_top/hw/tracker_top.xsa
TRACE::2025-12-12.07:40:22::SCWPlatform::DSA directory D:/viv/SpartanTracker/lab7_2/sdk/tracker_top/hw
TRACE::2025-12-12.07:40:22::SCWPlatform:: Platform Path D:/viv/SpartanTracker/lab7_2/sdk/tracker_top/hw/tracker_top.xsa
TRACE::2025-12-12.07:40:22::SCWPlatform:: Unique name xilinx:::0.0
TRACE::2025-12-12.07:40:22::SCWPlatform::Trying to set the existing hwdb with name tracker_top_6
TRACE::2025-12-12.07:40:22::SCWPlatform::Opened existing hwdb tracker_top_6
TRACE::2025-12-12.07:40:22::SCWPlatform::Found the Hw Db part of the input DSA
TRACE::2025-12-12.07:40:22::SCWPlatform::Trying to open the hw design at D:/viv/SpartanTracker/lab7_2/sdk/tracker_top/hw/tracker_top.xsa
TRACE::2025-12-12.07:40:22::SCWPlatform::DSA given D:/viv/SpartanTracker/lab7_2/sdk/tracker_top/hw/tracker_top.xsa
TRACE::2025-12-12.07:40:22::SCWPlatform::DSA absoulate path D:/viv/SpartanTracker/lab7_2/sdk/tracker_top/hw/tracker_top.xsa
TRACE::2025-12-12.07:40:22::SCWPlatform::DSA directory D:/viv/SpartanTracker/lab7_2/sdk/tracker_top/hw
TRACE::2025-12-12.07:40:22::SCWPlatform:: Platform Path D:/viv/SpartanTracker/lab7_2/sdk/tracker_top/hw/tracker_top.xsa
TRACE::2025-12-12.07:40:22::SCWPlatform:: Unique name xilinx:::0.0
TRACE::2025-12-12.07:40:22::SCWPlatform::Trying to set the existing hwdb with name tracker_top_6
TRACE::2025-12-12.07:40:22::SCWPlatform::Opened existing hwdb tracker_top_6
TRACE::2025-12-12.07:40:22::SCWPlatform::Found the Hw Db part of the input DSA
TRACE::2025-12-12.07:40:22::SCWPlatform::Trying to open the hw design at D:/viv/SpartanTracker/lab7_2/sdk/tracker_top/hw/tracker_top.xsa
TRACE::2025-12-12.07:40:22::SCWPlatform::DSA given D:/viv/SpartanTracker/lab7_2/sdk/tracker_top/hw/tracker_top.xsa
TRACE::2025-12-12.07:40:22::SCWPlatform::DSA absoulate path D:/viv/SpartanTracker/lab7_2/sdk/tracker_top/hw/tracker_top.xsa
TRACE::2025-12-12.07:40:22::SCWPlatform::DSA directory D:/viv/SpartanTracker/lab7_2/sdk/tracker_top/hw
TRACE::2025-12-12.07:40:22::SCWPlatform:: Platform Path D:/viv/SpartanTracker/lab7_2/sdk/tracker_top/hw/tracker_top.xsa
TRACE::2025-12-12.07:40:22::SCWPlatform:: Unique name xilinx:::0.0
TRACE::2025-12-12.07:40:22::SCWPlatform::Trying to set the existing hwdb with name tracker_top_6
TRACE::2025-12-12.07:40:22::SCWPlatform::Opened existing hwdb tracker_top_6
TRACE::2025-12-12.07:40:22::SCWPlatform::Found the Hw Db part of the input DSA
TRACE::2025-12-12.07:40:22::SCWMssOS::Checking the sw design at  D:/viv/SpartanTracker/lab7_2/sdk/tracker_top/microblaze_0/standalone_microblaze_0/bsp/system.mss
TRACE::2025-12-12.07:40:22::SCWMssOS::DEBUG:  swdes dump  
TRACE::2025-12-12.07:40:22::SCWMssOS::No sw design opened at  D:/viv/SpartanTracker/lab7_2/sdk/tracker_top/microblaze_0/standalone_microblaze_0/bsp/system.mss
TRACE::2025-12-12.07:40:22::SCWMssOS::mss exists loading the mss file  D:/viv/SpartanTracker/lab7_2/sdk/tracker_top/microblaze_0/standalone_microblaze_0/bsp/system.mss
TRACE::2025-12-12.07:40:22::SCWMssOS::Opened the sw design from mss  D:/viv/SpartanTracker/lab7_2/sdk/tracker_top/microblaze_0/standalone_microblaze_0/bsp/system.mss
TRACE::2025-12-12.07:40:22::SCWMssOS::Adding the swdes entry D:/viv/SpartanTracker/lab7_2/sdk/tracker_top/microblaze_0/standalone_microblaze_0/bsp/system.mss with des name system
TRACE::2025-12-12.07:40:22::SCWMssOS::updating the scw layer about changes
TRACE::2025-12-12.07:40:22::SCWMssOS::Opened the sw design.  D:/viv/SpartanTracker/lab7_2/sdk/tracker_top/microblaze_0/standalone_microblaze_0/bsp/system.mss
TRACE::2025-12-12.07:40:22::SCWMssOS::Saving the mss changes D:/viv/SpartanTracker/lab7_2/sdk/tracker_top/microblaze_0/standalone_microblaze_0/bsp/system.mss
TRACE::2025-12-12.07:40:22::SCWMssOS::Found a swdesign opened with the mssfile.
TRACE::2025-12-12.07:40:22::SCWMssOS::Completed writemss as part of save.
TRACE::2025-12-12.07:40:22::SCWMssOS::Commit changes completed.
TRACE::2025-12-12.07:40:22::SCWReader::Adding prebuilt librarypaths as   
TRACE::2025-12-12.07:40:22::SCWReader::Adding prebuilt incpaths  as   
TRACE::2025-12-12.07:40:22::SCWPlatform::Trying to open the hw design at D:/viv/SpartanTracker/lab7_2/sdk/tracker_top/hw/tracker_top.xsa
TRACE::2025-12-12.07:40:22::SCWPlatform::DSA given D:/viv/SpartanTracker/lab7_2/sdk/tracker_top/hw/tracker_top.xsa
TRACE::2025-12-12.07:40:22::SCWPlatform::DSA absoulate path D:/viv/SpartanTracker/lab7_2/sdk/tracker_top/hw/tracker_top.xsa
TRACE::2025-12-12.07:40:22::SCWPlatform::DSA directory D:/viv/SpartanTracker/lab7_2/sdk/tracker_top/hw
TRACE::2025-12-12.07:40:22::SCWPlatform:: Platform Path D:/viv/SpartanTracker/lab7_2/sdk/tracker_top/hw/tracker_top.xsa
TRACE::2025-12-12.07:40:22::SCWPlatform:: Unique name xilinx:::0.0
TRACE::2025-12-12.07:40:22::SCWPlatform::Trying to set the existing hwdb with name tracker_top_6
TRACE::2025-12-12.07:40:22::SCWPlatform::Opened existing hwdb tracker_top_6
TRACE::2025-12-12.07:40:22::SCWPlatform::Found the Hw Db part of the input DSA
TRACE::2025-12-12.07:40:22::SCWMssOS::Checking the sw design at  D:/viv/SpartanTracker/lab7_2/sdk/tracker_top/microblaze_0/standalone_microblaze_0/bsp/system.mss
TRACE::2025-12-12.07:40:22::SCWMssOS::DEBUG:  swdes dump  D:/viv/SpartanTracker/lab7_2/sdk/tracker_top/microblaze_0/standalone_microblaze_0/bsp/system.mss|system||

TRACE::2025-12-12.07:40:22::SCWMssOS::Sw design exists and opened at  D:/viv/SpartanTracker/lab7_2/sdk/tracker_top/microblaze_0/standalone_microblaze_0/bsp/system.mss
TRACE::2025-12-12.07:40:22::SCWReader::No isolation master present  
TRACE::2025-12-12.07:40:25::SCWPlatform::DSA given D:/viv/SpartanTracker/lab7_2/sdk/tracker_top/tempdsa/tracker_top.xsa
TRACE::2025-12-12.07:40:25::SCWPlatform::DSA absoulate path D:/viv/SpartanTracker/lab7_2/sdk/tracker_top/tempdsa/tracker_top.xsa
TRACE::2025-12-12.07:40:25::SCWPlatform:: Platform location is D:/viv/SpartanTracker/lab7_2/sdk/tracker_top/tempdsa
TRACE::2025-12-12.07:40:25::SCWPlatform:: Platform Path D:/viv/SpartanTracker/lab7_2/sdk/tracker_top/tempdsa/tracker_top.xsa
TRACE::2025-12-12.07:40:25::SCWPlatform:: Unique name xilinx:::0.0
TRACE::2025-12-12.07:40:25::SCWPlatform::Found the Hw Db part of the input DSA
TRACE::2025-12-12.07:40:25::SCWMssOS::Doing hw sync for the mss in domain: standalone_microblaze_0
TRACE::2025-12-12.07:40:25::SCWPlatform::Trying to open the hw design at D:/viv/SpartanTracker/lab7_2/sdk/tracker_top/hw/tracker_top.xsa
TRACE::2025-12-12.07:40:25::SCWPlatform::DSA given D:/viv/SpartanTracker/lab7_2/sdk/tracker_top/hw/tracker_top.xsa
TRACE::2025-12-12.07:40:25::SCWPlatform::DSA absoulate path D:/viv/SpartanTracker/lab7_2/sdk/tracker_top/hw/tracker_top.xsa
TRACE::2025-12-12.07:40:25::SCWPlatform::DSA directory D:/viv/SpartanTracker/lab7_2/sdk/tracker_top/hw
TRACE::2025-12-12.07:40:25::SCWPlatform:: Platform Path D:/viv/SpartanTracker/lab7_2/sdk/tracker_top/hw/tracker_top.xsa
TRACE::2025-12-12.07:40:25::SCWPlatform:: Unique name xilinx:::0.0
TRACE::2025-12-12.07:40:25::SCWPlatform::Trying to set the existing hwdb with name tracker_top_6
TRACE::2025-12-12.07:40:25::SCWPlatform::Opened existing hwdb tracker_top_6
TRACE::2025-12-12.07:40:25::SCWPlatform::Found the Hw Db part of the input DSA
TRACE::2025-12-12.07:40:25::SCWPlatform::Trying to open the hw design at D:/viv/SpartanTracker/lab7_2/sdk/tracker_top/hw/tracker_top.xsa
TRACE::2025-12-12.07:40:25::SCWPlatform::DSA given D:/viv/SpartanTracker/lab7_2/sdk/tracker_top/hw/tracker_top.xsa
TRACE::2025-12-12.07:40:25::SCWPlatform::DSA absoulate path D:/viv/SpartanTracker/lab7_2/sdk/tracker_top/hw/tracker_top.xsa
TRACE::2025-12-12.07:40:25::SCWPlatform::DSA directory D:/viv/SpartanTracker/lab7_2/sdk/tracker_top/hw
TRACE::2025-12-12.07:40:25::SCWPlatform:: Platform Path D:/viv/SpartanTracker/lab7_2/sdk/tracker_top/hw/tracker_top.xsa
TRACE::2025-12-12.07:40:25::SCWPlatform:: Unique name xilinx:::0.0
TRACE::2025-12-12.07:40:25::SCWPlatform::Trying to set the existing hwdb with name tracker_top_6
TRACE::2025-12-12.07:40:25::SCWPlatform::Opened existing hwdb tracker_top_6
TRACE::2025-12-12.07:40:25::SCWPlatform::Found the Hw Db part of the input DSA
TRACE::2025-12-12.07:40:25::SCWMssOS::Checking the sw design at  D:/viv/SpartanTracker/lab7_2/sdk/tracker_top/microblaze_0/standalone_microblaze_0/bsp/system.mss
TRACE::2025-12-12.07:40:25::SCWMssOS::DEBUG:  swdes dump  D:/viv/SpartanTracker/lab7_2/sdk/tracker_top/microblaze_0/standalone_microblaze_0/bsp/system.mss|system||

TRACE::2025-12-12.07:40:25::SCWMssOS::Sw design exists and opened at  D:/viv/SpartanTracker/lab7_2/sdk/tracker_top/microblaze_0/standalone_microblaze_0/bsp/system.mss
TRACE::2025-12-12.07:40:25::SCWPlatform::Trying to open the hw design at D:/viv/SpartanTracker/lab7_2/sdk/tracker_top/tempdsa/tracker_top.xsa
TRACE::2025-12-12.07:40:25::SCWPlatform::DSA given D:/viv/SpartanTracker/lab7_2/sdk/tracker_top/tempdsa/tracker_top.xsa
TRACE::2025-12-12.07:40:25::SCWPlatform::DSA absoulate path D:/viv/SpartanTracker/lab7_2/sdk/tracker_top/tempdsa/tracker_top.xsa
TRACE::2025-12-12.07:40:25::SCWPlatform::DSA directory D:/viv/SpartanTracker/lab7_2/sdk/tracker_top/tempdsa
TRACE::2025-12-12.07:40:25::SCWPlatform:: Platform Path D:/viv/SpartanTracker/lab7_2/sdk/tracker_top/tempdsa/tracker_top.xsa
TRACE::2025-12-12.07:40:25::SCWPlatform:: Unique name xilinx:::0.0
TRACE::2025-12-12.07:40:25::SCWPlatform::update - Opened existing hwdb tracker_top_7
TRACE::2025-12-12.07:40:25::SCWPlatform::Found the Hw Db part of the input DSA
TRACE::2025-12-12.07:40:25::SCWMssOS::Saving the mss changes D:/viv/SpartanTracker/lab7_2/sdk/tracker_top/microblaze_0/standalone_microblaze_0/bsp/system.mss
TRACE::2025-12-12.07:40:25::SCWMssOS::Found a swdesign opened with the mssfile.
TRACE::2025-12-12.07:40:25::SCWMssOS::Completed writemss as part of save.
TRACE::2025-12-12.07:40:25::SCWMssOS::Commit changes completed.
TRACE::2025-12-12.07:40:25::SCWMssOS::Completed hw sync for the mss in domain: standalone_microblaze_0
TRACE::2025-12-12.07:40:25::SCWMssOS::Removing the swdes entry for  D:/viv/SpartanTracker/lab7_2/sdk/tracker_top/microblaze_0/standalone_microblaze_0/bsp/system.mss
TRACE::2025-12-12.07:40:25::SCWPlatform::Trying to open the hw design at D:/viv/SpartanTracker/lab7_2/sdk/tracker_top/hw/tracker_top.xsa
TRACE::2025-12-12.07:40:25::SCWPlatform::DSA given D:/viv/SpartanTracker/lab7_2/sdk/tracker_top/hw/tracker_top.xsa
TRACE::2025-12-12.07:40:25::SCWPlatform::DSA absoulate path D:/viv/SpartanTracker/lab7_2/sdk/tracker_top/hw/tracker_top.xsa
TRACE::2025-12-12.07:40:25::SCWPlatform::DSA directory D:/viv/SpartanTracker/lab7_2/sdk/tracker_top/hw
TRACE::2025-12-12.07:40:25::SCWPlatform:: Platform Path D:/viv/SpartanTracker/lab7_2/sdk/tracker_top/hw/tracker_top.xsa
TRACE::2025-12-12.07:40:25::SCWPlatform:: Unique name xilinx:::0.0
TRACE::2025-12-12.07:40:25::SCWPlatform::Do not have an existing db opened. 
TRACE::2025-12-12.07:40:25::SCWPlatform::Opened new HwDB with name tracker_top_8
TRACE::2025-12-12.07:40:25::SCWMssOS::Saving the mss changes D:/viv/SpartanTracker/lab7_2/sdk/tracker_top/microblaze_0/standalone_microblaze_0/bsp/system.mss
TRACE::2025-12-12.07:40:25::SCWMssOS::Adding the swdes entry, mss present, able to open swdb D:/viv/SpartanTracker/lab7_2/sdk/tracker_top/microblaze_0/standalone_microblaze_0/bsp/system.mss with des name system
TRACE::2025-12-12.07:40:25::SCWMssOS::Writing the mss file completed D:/viv/SpartanTracker/lab7_2/sdk/tracker_top/microblaze_0/standalone_microblaze_0/bsp/system.mss
TRACE::2025-12-12.07:40:25::SCWMssOS::Commit changes completed.
TRACE::2025-12-12.07:40:25::SCWPlatform::Trying to open the hw design at D:/viv/SpartanTracker/lab7_2/sdk/tracker_top/hw/tracker_top.xsa
TRACE::2025-12-12.07:40:25::SCWPlatform::DSA given D:/viv/SpartanTracker/lab7_2/sdk/tracker_top/hw/tracker_top.xsa
TRACE::2025-12-12.07:40:25::SCWPlatform::DSA absoulate path D:/viv/SpartanTracker/lab7_2/sdk/tracker_top/hw/tracker_top.xsa
TRACE::2025-12-12.07:40:25::SCWPlatform::DSA directory D:/viv/SpartanTracker/lab7_2/sdk/tracker_top/hw
TRACE::2025-12-12.07:40:25::SCWPlatform:: Platform Path D:/viv/SpartanTracker/lab7_2/sdk/tracker_top/hw/tracker_top.xsa
TRACE::2025-12-12.07:40:25::SCWPlatform:: Unique name xilinx:::0.0
TRACE::2025-12-12.07:40:25::SCWPlatform::Trying to set the existing hwdb with name tracker_top_8
TRACE::2025-12-12.07:40:25::SCWPlatform::Opened existing hwdb tracker_top_8
TRACE::2025-12-12.07:40:25::SCWPlatform::Found the Hw Db part of the input DSA
TRACE::2025-12-12.07:40:25::SCWMssOS::Checking the sw design at  D:/viv/SpartanTracker/lab7_2/sdk/tracker_top/microblaze_0/standalone_microblaze_0/bsp/system.mss
TRACE::2025-12-12.07:40:25::SCWMssOS::DEBUG:  swdes dump  D:/viv/SpartanTracker/lab7_2/sdk/tracker_top/microblaze_0/standalone_microblaze_0/bsp/system.mss|system||

TRACE::2025-12-12.07:40:25::SCWMssOS::Sw design exists and opened at  D:/viv/SpartanTracker/lab7_2/sdk/tracker_top/microblaze_0/standalone_microblaze_0/bsp/system.mss
TRACE::2025-12-12.07:40:25::SCWWriter::formatted JSON is {
	"platformName":	"tracker_top",
	"sprVersion":	"2.0",
	"mode":	"gui",
	"dsaType":	"Fixed",
	"platformDesc":	"tracker_top",
	"platHandOff":	"D:/viv/SpartanTracker/lab7_2/tracker_top.xsa",
	"platIntHandOff":	"<platformDir>/hw/tracker_top.xsa",
	"deviceType":	"FPGA",
	"platIsPrebuiltAutogen":	"false",
	"platIsNoBootBsp":	"false",
	"hasFsblMakeHasChanges":	"false",
	"hasPmufwMakeHasChanges":	"false",
	"platPreBuiltFlag":	false,
	"platformSamplesDir":	"",
	"platActiveSys":	"tracker_top",
	"systems":	[{
			"systemName":	"tracker_top",
			"systemDesc":	"tracker_top",
			"sysIsBootAutoGen":	"true",
			"systemDispName":	"tracker_top",
			"sysActiveDom":	"standalone_microblaze_0",
			"sysDefaultDom":	"standalone_microblaze_0",
			"domains":	[{
					"domainName":	"standalone_microblaze_0",
					"domainDispName":	"standalone_microblaze_0",
					"domainDesc":	"standalone_microblaze_0",
					"processors":	"microblaze_0",
					"os":	"standalone",
					"sdxOs":	"standalone",
					"debugEnable":	"False",
					"domRuntimes":	["cpp"],
					"swRepo":	"",
					"mssOsVer":	"8.0",
					"mssFile":	"",
					"md5Digest":	"948367085d8c8b0e65ac10674ef4e0941",
					"compatibleApp":	"",
					"domType":	"mssDomain",
					"arch":	"32-bit",
					"appSettings":	{
						"appCompilerFlags":	"",
						"appLinkerFlags":	""
					},
					"addedLibs":	[],
					"libOptions":	{
						"libsContainingOptions":	[]
					},
					"prebuiltLibs":	{
						"prebuiltIncPath":	[],
						"prebuiltLibPath":	[]
					},
					"isolation":	{
					}
				}]
		}]
}
TRACE::2025-12-12.07:40:33::SCWMssOS::cleaning the bsp 
TRACE::2025-12-12.07:40:33::SCWMssOS::System Command Ran  D: & cd  D:/viv/SpartanTracker/lab7_2/sdk/tracker_top/microblaze_0/standalone_microblaze_0/bsp & make clean 
TRACE::2025-12-12.07:40:33::SCWMssOS::make -C microblaze_0/libsrc/bram_v4_8/src -s clean 

TRACE::2025-12-12.07:40:33::SCWMssOS::make -C microblaze_0/libsrc/cpu_v2_16/src -s clean 

TRACE::2025-12-12.07:40:33::SCWMssOS::make -C microblaze_0/libsrc/gpio_v4_9/src -s clean 

TRACE::2025-12-12.07:40:33::SCWMssOS::make -C microblaze_0/libsrc/intc_v3_15/src -s clean 

TRACE::2025-12-12.07:40:33::SCWMssOS::make -C microblaze_0/libsrc/spi_v4_9/src -s clean 

TRACE::2025-12-12.07:40:33::SCWMssOS::make -C microblaze_0/libsrc/standalone_v8_0/src -s clean 

TRACE::2025-12-12.07:40:33::SCWMssOS::make -C microblaze_0/libsrc/tmrctr_v4_9/src -s clean 

TRACE::2025-12-12.07:40:33::SCWMssOS::make -C microblaze_0/libsrc/uartlite_v3_7/src -s clean 

TRACE::2025-12-12.07:40:33::SCWMssOS::rm -f microblaze_0/lib/libxil.a

LOG::2025-12-12.07:40:37::SCWPlatform::Started generating the artifacts platform tracker_top
TRACE::2025-12-12.07:40:37::SCWPlatform::Sanity checking of platform is completed
LOG::2025-12-12.07:40:37::SCWPlatform::Started generating the artifacts for system configuration tracker_top
LOG::2025-12-12.07:40:37::SCWSystem::Checking the domain standalone_microblaze_0
LOG::2025-12-12.07:40:37::SCWSystem::Not a boot domain 
LOG::2025-12-12.07:40:37::SCWSystem::Started Processing the domain standalone_microblaze_0
TRACE::2025-12-12.07:40:37::SCWDomain::Generating domain artifcats
TRACE::2025-12-12.07:40:37::SCWMssOS::Generating standalone artifcats
TRACE::2025-12-12.07:40:37::SCWMssOS:: Copying the user libraries. 
TRACE::2025-12-12.07:40:37::SCWPlatform::Trying to open the hw design at D:/viv/SpartanTracker/lab7_2/sdk/tracker_top/hw/tracker_top.xsa
TRACE::2025-12-12.07:40:37::SCWPlatform::DSA given D:/viv/SpartanTracker/lab7_2/sdk/tracker_top/hw/tracker_top.xsa
TRACE::2025-12-12.07:40:37::SCWPlatform::DSA absoulate path D:/viv/SpartanTracker/lab7_2/sdk/tracker_top/hw/tracker_top.xsa
TRACE::2025-12-12.07:40:37::SCWPlatform::DSA directory D:/viv/SpartanTracker/lab7_2/sdk/tracker_top/hw
TRACE::2025-12-12.07:40:37::SCWPlatform:: Platform Path D:/viv/SpartanTracker/lab7_2/sdk/tracker_top/hw/tracker_top.xsa
TRACE::2025-12-12.07:40:37::SCWPlatform:: Unique name xilinx:::0.0
TRACE::2025-12-12.07:40:37::SCWPlatform::Trying to set the existing hwdb with name tracker_top_8
TRACE::2025-12-12.07:40:37::SCWPlatform::Opened existing hwdb tracker_top_8
TRACE::2025-12-12.07:40:37::SCWPlatform::Found the Hw Db part of the input DSA
TRACE::2025-12-12.07:40:37::SCWMssOS::Checking the sw design at  D:/viv/SpartanTracker/lab7_2/sdk/tracker_top/microblaze_0/standalone_microblaze_0/bsp/system.mss
TRACE::2025-12-12.07:40:37::SCWMssOS::DEBUG:  swdes dump  D:/viv/SpartanTracker/lab7_2/sdk/tracker_top/microblaze_0/standalone_microblaze_0/bsp/system.mss|system||

TRACE::2025-12-12.07:40:37::SCWMssOS::Sw design exists and opened at  D:/viv/SpartanTracker/lab7_2/sdk/tracker_top/microblaze_0/standalone_microblaze_0/bsp/system.mss
TRACE::2025-12-12.07:40:37::SCWMssOS::Completed writing the mss file at D:/viv/SpartanTracker/lab7_2/sdk/tracker_top/microblaze_0/standalone_microblaze_0/bsp
TRACE::2025-12-12.07:40:37::SCWMssOS::Mss edits present, copying mssfile into export location D:/viv/SpartanTracker/lab7_2/sdk/tracker_top/microblaze_0/standalone_microblaze_0/bsp/system.mss
TRACE::2025-12-12.07:40:37::SCWMssOS::bsp generated is stale removing and regenerating. 
TRACE::2025-12-12.07:40:38::SCWMssOS::doing bsp build ... 
TRACE::2025-12-12.07:40:38::SCWMssOS::System Command Ran  D: & cd  D:/viv/SpartanTracker/lab7_2/sdk/tracker_top/microblaze_0/standalone_microblaze_0/bsp & make 
TRACE::2025-12-12.07:40:38::SCWMssOS::make --no-print-directory seq_libs

TRACE::2025-12-12.07:40:38::SCWMssOS::'Finished building libraries sequentially.'

TRACE::2025-12-12.07:40:38::SCWMssOS::make -j 6 --no-print-directory par_libs

TRACE::2025-12-12.07:40:38::SCWMssOS::"Running Make include in microblaze_0/libsrc/bram_v4_8/src"

TRACE::2025-12-12.07:40:38::SCWMssOS::make -C microblaze_0/libsrc/bram_v4_8/src -s include  "SHELL=CMD" "COMPILER=mb-gcc" "ASSEMBLER=mb-as" "ARCHIVER=mb-ar" "COMPILE
TRACE::2025-12-12.07:40:38::SCWMssOS::R_FLAGS=  -O2 -c -mcpu=v11.0 -mlittle-endian -mno-xl-reorder -mno-xl-soft-mul -mxl-barrel-shift -mxl-pattern-compare" "EXTRA_CO
TRACE::2025-12-12.07:40:38::SCWMssOS::MPILER_FLAGS=-g -ffunction-sections -fdata-sections -Wall -Wextra -fno-tree-loop-distribute-patterns"

TRACE::2025-12-12.07:40:38::SCWMssOS::"Running Make include in microblaze_0/libsrc/cpu_v2_16/src"

TRACE::2025-12-12.07:40:38::SCWMssOS::make -C microblaze_0/libsrc/cpu_v2_16/src -s include  "SHELL=CMD" "COMPILER=mb-gcc" "ASSEMBLER=mb-as" "ARCHIVER=mb-ar" "COMPILE
TRACE::2025-12-12.07:40:38::SCWMssOS::R_FLAGS=  -O2 -c -mcpu=v11.0 -mlittle-endian -mno-xl-reorder -mno-xl-soft-mul -mxl-barrel-shift -mxl-pattern-compare" "EXTRA_CO
TRACE::2025-12-12.07:40:38::SCWMssOS::MPILER_FLAGS=-g -ffunction-sections -fdata-sections -Wall -Wextra -fno-tree-loop-distribute-patterns"

TRACE::2025-12-12.07:40:38::SCWMssOS::"Running Make include in microblaze_0/libsrc/gpio_v4_9/src"

TRACE::2025-12-12.07:40:39::SCWMssOS::make -C microblaze_0/libsrc/gpio_v4_9/src -s include  "SHELL=CMD" "COMPILER=mb-gcc" "ASSEMBLER=mb-as" "ARCHIVER=mb-ar" "COMPILE
TRACE::2025-12-12.07:40:39::SCWMssOS::R_FLAGS=  -O2 -c -mcpu=v11.0 -mlittle-endian -mno-xl-reorder -mno-xl-soft-mul -mxl-barrel-shift -mxl-pattern-compare" "EXTRA_CO
TRACE::2025-12-12.07:40:39::SCWMssOS::MPILER_FLAGS=-g -ffunction-sections -fdata-sections -Wall -Wextra -fno-tree-loop-distribute-patterns"

TRACE::2025-12-12.07:40:39::SCWMssOS::"Running Make include in microblaze_0/libsrc/intc_v3_15/src"

TRACE::2025-12-12.07:40:39::SCWMssOS::"Running Make include in microblaze_0/libsrc/spi_v4_9/src"

TRACE::2025-12-12.07:40:39::SCWMssOS::"Running Make include in microblaze_0/libsrc/standalone_v8_0/src"

TRACE::2025-12-12.07:40:39::SCWMssOS::make -C microblaze_0/libsrc/intc_v3_15/src -s include  "SHELL=CMD" "COMPILER=mb-gcc" "ASSEMBLER=mb-as" "ARCHIVER=mb-ar" "COMPIL
TRACE::2025-12-12.07:40:39::SCWMssOS::ER_FLAGS=  -O2 -c -mcpu=v11.0 -mlittle-endian -mno-xl-reorder -mno-xl-soft-mul -mxl-barrel-shift -mxl-pattern-compare" "EXTRA_C
TRACE::2025-12-12.07:40:39::SCWMssOS::OMPILER_FLAGS=-g -ffunction-sections -fdata-sections -Wall -Wextra -fno-tree-loop-distribute-patterns"

TRACE::2025-12-12.07:40:39::SCWMssOS::make -C microblaze_0/libsrc/spi_v4_9/src -s include  "SHELL=CMD" "COMPILER=mb-gcc" "ASSEMBLER=mb-as" "ARCHIVER=mb-ar" "COMPILER
TRACE::2025-12-12.07:40:39::SCWMssOS::_FLAGS=  -O2 -c -mcpu=v11.0 -mlittle-endian -mno-xl-reorder -mno-xl-soft-mul -mxl-barrel-shift -mxl-pattern-compare" "EXTRA_COM
TRACE::2025-12-12.07:40:39::SCWMssOS::PILER_FLAGS=-g -ffunction-sections -fdata-sections -Wall -Wextra -fno-tree-loop-distribute-patterns"

TRACE::2025-12-12.07:40:39::SCWMssOS::make -C microblaze_0/libsrc/standalone_v8_0/src -s include  "SHELL=CMD" "COMPILER=mb-gcc" "ASSEMBLER=mb-as" "ARCHIVER=mb-ar" "C
TRACE::2025-12-12.07:40:39::SCWMssOS::OMPILER_FLAGS=  -O2 -c -mcpu=v11.0 -mlittle-endian -mno-xl-reorder -mno-xl-soft-mul -mxl-barrel-shift -mxl-pattern-compare" "EX
TRACE::2025-12-12.07:40:39::SCWMssOS::TRA_COMPILER_FLAGS=-g -ffunction-sections -fdata-sections -Wall -Wextra -fno-tree-loop-distribute-patterns"

TRACE::2025-12-12.07:40:39::SCWMssOS::"Running Make include in microblaze_0/libsrc/tmrctr_v4_9/src"

TRACE::2025-12-12.07:40:39::SCWMssOS::"Running Make include in microblaze_0/libsrc/uartlite_v3_7/src"

TRACE::2025-12-12.07:40:39::SCWMssOS::make -C microblaze_0/libsrc/tmrctr_v4_9/src -s include  "SHELL=CMD" "COMPILER=mb-gcc" "ASSEMBLER=mb-as" "ARCHIVER=mb-ar" "COMPI
TRACE::2025-12-12.07:40:39::SCWMssOS::LER_FLAGS=  -O2 -c -mcpu=v11.0 -mlittle-endian -mno-xl-reorder -mno-xl-soft-mul -mxl-barrel-shift -mxl-pattern-compare" "EXTRA_
TRACE::2025-12-12.07:40:39::SCWMssOS::COMPILER_FLAGS=-g -ffunction-sections -fdata-sections -Wall -Wextra -fno-tree-loop-distribute-patterns"

TRACE::2025-12-12.07:40:39::SCWMssOS::make -C microblaze_0/libsrc/uartlite_v3_7/src -s include  "SHELL=CMD" "COMPILER=mb-gcc" "ASSEMBLER=mb-as" "ARCHIVER=mb-ar" "COM
TRACE::2025-12-12.07:40:39::SCWMssOS::PILER_FLAGS=  -O2 -c -mcpu=v11.0 -mlittle-endian -mno-xl-reorder -mno-xl-soft-mul -mxl-barrel-shift -mxl-pattern-compare" "EXTR
TRACE::2025-12-12.07:40:39::SCWMssOS::A_COMPILER_FLAGS=-g -ffunction-sections -fdata-sections -Wall -Wextra -fno-tree-loop-distribute-patterns"

TRACE::2025-12-12.07:40:40::SCWMssOS::"Running Make libs in microblaze_0/libsrc/bram_v4_8/src"

TRACE::2025-12-12.07:40:40::SCWMssOS::make -C microblaze_0/libsrc/bram_v4_8/src -s libs  "SHELL=CMD" "COMPILER=mb-gcc" "ASSEMBLER=mb-as" "ARCHIVER=mb-ar" "COMPILER_F
TRACE::2025-12-12.07:40:40::SCWMssOS::LAGS=  -O2 -c -mcpu=v11.0 -mlittle-endian -mno-xl-reorder -mno-xl-soft-mul -mxl-barrel-shift -mxl-pattern-compare" "EXTRA_COMPI
TRACE::2025-12-12.07:40:40::SCWMssOS::LER_FLAGS=-g -ffunction-sections -fdata-sections -Wall -Wextra -fno-tree-loop-distribute-patterns"

TRACE::2025-12-12.07:40:40::SCWMssOS::"Running Make libs in microblaze_0/libsrc/cpu_v2_16/src"

TRACE::2025-12-12.07:40:40::SCWMssOS::make -C microblaze_0/libsrc/cpu_v2_16/src -s libs  "SHELL=CMD" "COMPILER=mb-gcc" "ASSEMBLER=mb-as" "ARCHIVER=mb-ar" "COMPILER_F
TRACE::2025-12-12.07:40:40::SCWMssOS::LAGS=  -O2 -c -mcpu=v11.0 -mlittle-endian -mno-xl-reorder -mno-xl-soft-mul -mxl-barrel-shift -mxl-pattern-compare" "EXTRA_COMPI
TRACE::2025-12-12.07:40:40::SCWMssOS::LER_FLAGS=-g -ffunction-sections -fdata-sections -Wall -Wextra -fno-tree-loop-distribute-patterns"

TRACE::2025-12-12.07:40:40::SCWMssOS::"Running Make libs in microblaze_0/libsrc/gpio_v4_9/src"

TRACE::2025-12-12.07:40:40::SCWMssOS::make -C microblaze_0/libsrc/gpio_v4_9/src -s libs  "SHELL=CMD" "COMPILER=mb-gcc" "ASSEMBLER=mb-as" "ARCHIVER=mb-ar" "COMPILER_F
TRACE::2025-12-12.07:40:40::SCWMssOS::LAGS=  -O2 -c -mcpu=v11.0 -mlittle-endian -mno-xl-reorder -mno-xl-soft-mul -mxl-barrel-shift -mxl-pattern-compare" "EXTRA_COMPI
TRACE::2025-12-12.07:40:40::SCWMssOS::LER_FLAGS=-g -ffunction-sections -fdata-sections -Wall -Wextra -fno-tree-loop-distribute-patterns"

TRACE::2025-12-12.07:40:40::SCWMssOS::"Running Make libs in microblaze_0/libsrc/intc_v3_15/src"

TRACE::2025-12-12.07:40:40::SCWMssOS::make -C microblaze_0/libsrc/intc_v3_15/src -s libs  "SHELL=CMD" "COMPILER=mb-gcc" "ASSEMBLER=mb-as" "ARCHIVER=mb-ar" "COMPILER_
TRACE::2025-12-12.07:40:40::SCWMssOS::FLAGS=  -O2 -c -mcpu=v11.0 -mlittle-endian -mno-xl-reorder -mno-xl-soft-mul -mxl-barrel-shift -mxl-pattern-compare" "EXTRA_COMP
TRACE::2025-12-12.07:40:40::SCWMssOS::ILER_FLAGS=-g -ffunction-sections -fdata-sections -Wall -Wextra -fno-tree-loop-distribute-patterns"

TRACE::2025-12-12.07:40:40::SCWMssOS::"Running Make libs in microblaze_0/libsrc/spi_v4_9/src"

TRACE::2025-12-12.07:40:40::SCWMssOS::make -C microblaze_0/libsrc/spi_v4_9/src -s libs  "SHELL=CMD" "COMPILER=mb-gcc" "ASSEMBLER=mb-as" "ARCHIVER=mb-ar" "COMPILER_FL
TRACE::2025-12-12.07:40:40::SCWMssOS::AGS=  -O2 -c -mcpu=v11.0 -mlittle-endian -mno-xl-reorder -mno-xl-soft-mul -mxl-barrel-shift -mxl-pattern-compare" "EXTRA_COMPIL
TRACE::2025-12-12.07:40:40::SCWMssOS::ER_FLAGS=-g -ffunction-sections -fdata-sections -Wall -Wextra -fno-tree-loop-distribute-patterns"

TRACE::2025-12-12.07:40:41::SCWMssOS::"Running Make libs in microblaze_0/libsrc/standalone_v8_0/src"

TRACE::2025-12-12.07:40:41::SCWMssOS::make -C microblaze_0/libsrc/standalone_v8_0/src -s libs  "SHELL=CMD" "COMPILER=mb-gcc" "ASSEMBLER=mb-as" "ARCHIVER=mb-ar" "COMP
TRACE::2025-12-12.07:40:41::SCWMssOS::ILER_FLAGS=  -O2 -c -mcpu=v11.0 -mlittle-endian -mno-xl-reorder -mno-xl-soft-mul -mxl-barrel-shift -mxl-pattern-compare" "EXTRA
TRACE::2025-12-12.07:40:41::SCWMssOS::_COMPILER_FLAGS=-g -ffunction-sections -fdata-sections -Wall -Wextra -fno-tree-loop-distribute-patterns"

TRACE::2025-12-12.07:40:41::SCWMssOS::"Running Make libs in microblaze_0/libsrc/tmrctr_v4_9/src"

TRACE::2025-12-12.07:40:41::SCWMssOS::make -C microblaze_0/libsrc/tmrctr_v4_9/src -s libs  "SHELL=CMD" "COMPILER=mb-gcc" "ASSEMBLER=mb-as" "ARCHIVER=mb-ar" "COMPILER
TRACE::2025-12-12.07:40:41::SCWMssOS::_FLAGS=  -O2 -c -mcpu=v11.0 -mlittle-endian -mno-xl-reorder -mno-xl-soft-mul -mxl-barrel-shift -mxl-pattern-compare" "EXTRA_COM
TRACE::2025-12-12.07:40:41::SCWMssOS::PILER_FLAGS=-g -ffunction-sections -fdata-sections -Wall -Wextra -fno-tree-loop-distribute-patterns"

TRACE::2025-12-12.07:40:41::SCWMssOS::"Running Make libs in microblaze_0/libsrc/uartlite_v3_7/src"

TRACE::2025-12-12.07:40:41::SCWMssOS::make -C microblaze_0/libsrc/uartlite_v3_7/src -s libs  "SHELL=CMD" "COMPILER=mb-gcc" "ASSEMBLER=mb-as" "ARCHIVER=mb-ar" "COMPIL
TRACE::2025-12-12.07:40:41::SCWMssOS::ER_FLAGS=  -O2 -c -mcpu=v11.0 -mlittle-endian -mno-xl-reorder -mno-xl-soft-mul -mxl-barrel-shift -mxl-pattern-compare" "EXTRA_C
TRACE::2025-12-12.07:40:41::SCWMssOS::OMPILER_FLAGS=-g -ffunction-sections -fdata-sections -Wall -Wextra -fno-tree-loop-distribute-patterns"

TRACE::2025-12-12.07:40:45::SCWMssOS::"DEBUG NON_LTO_OBJECTS is ../../../lib/microblaze_interrupt_handler.o"

TRACE::2025-12-12.07:40:45::SCWMssOS::'Finished building libraries parallelly.'

TRACE::2025-12-12.07:40:45::SCWMssOS::make --no-print-directory archive

TRACE::2025-12-12.07:40:45::SCWMssOS::mb-ar -r  microblaze_0/lib/libxil.a microblaze_0/lib/_exit.o microblaze_0/lib/errno.o microblaze_0/lib/fcntl.o microblaze_0/lib
TRACE::2025-12-12.07:40:45::SCWMssOS::/hw_exception_handler.o microblaze_0/lib/inbyte.o microblaze_0/lib/microblaze_disable_dcache.o microblaze_0/lib/microblaze_disa
TRACE::2025-12-12.07:40:45::SCWMssOS::ble_exceptions.o microblaze_0/lib/microblaze_disable_icache.o microblaze_0/lib/microblaze_disable_interrupts.o microblaze_0/lib
TRACE::2025-12-12.07:40:45::SCWMssOS::/microblaze_enable_dcache.o microblaze_0/lib/microblaze_enable_exceptions.o microblaze_0/lib/microblaze_enable_icache.o microbl
TRACE::2025-12-12.07:40:45::SCWMssOS::aze_0/lib/microblaze_enable_interrupts.o microblaze_0/lib/microblaze_exception_handler.o microblaze_0/lib/microblaze_flush_cach
TRACE::2025-12-12.07:40:45::SCWMssOS::e_ext.o microblaze_0/lib/microblaze_flush_cache_ext_range.o microblaze_0/lib/microblaze_flush_dcache.o microblaze_0/lib/microbl
TRACE::2025-12-12.07:40:45::SCWMssOS::aze_flush_dcache_range.o microblaze_0/lib/microblaze_init_dcache_range.o microblaze_0/lib/microblaze_init_icache_range.o microb
TRACE::2025-12-12.07:40:45::SCWMssOS::laze_0/lib/microblaze_interrupt_handler.o microblaze_0/lib/microblaze_interrupts_g.o microblaze_0/lib/microblaze_invalidate_cac
TRACE::2025-12-12.07:40:45::SCWMssOS::he_ext.o microblaze_0/lib/microblaze_invalidate_cache_ext_range.o microblaze_0/lib/microblaze_invalidate_dcache.o microblaze_0/
TRACE::2025-12-12.07:40:45::SCWMssOS::lib/microblaze_invalidate_dcache_range.o microblaze_0/lib/microblaze_invalidate_icache.o microblaze_0/lib/microblaze_invalidate
TRACE::2025-12-12.07:40:45::SCWMssOS::_icache_range.o microblaze_0/lib/microblaze_scrub.o microblaze_0/lib/microblaze_selftest.o microblaze_0/lib/microblaze_sleep.o 
TRACE::2025-12-12.07:40:45::SCWMssOS::microblaze_0/lib/microblaze_update_dcache.o microblaze_0/lib/microblaze_update_icache.o microblaze_0/lib/outbyte.o microblaze_0
TRACE::2025-12-12.07:40:45::SCWMssOS::/lib/print.o microblaze_0/lib/pvr.o microblaze_0/lib/xbram.o microblaze_0/lib/xbram_g.o microblaze_0/lib/xbram_intr.o microblaz
TRACE::2025-12-12.07:40:45::SCWMssOS::e_0/lib/xbram_selftest.o microblaze_0/lib/xbram_sinit.o microblaze_0/lib/xgpio.o microblaze_0/lib/xgpio_extra.o microblaze_0/li
TRACE::2025-12-12.07:40:45::SCWMssOS::b/xgpio_g.o microblaze_0/lib/xgpio_intr.o microblaze_0/lib/xgpio_selftest.o microblaze_0/lib/xgpio_sinit.o microblaze_0/lib/xil
TRACE::2025-12-12.07:40:45::SCWMssOS::_assert.o microblaze_0/lib/xil_cache.o microblaze_0/lib/xil_clocking.o microblaze_0/lib/xil_exception.o microblaze_0/lib/xil_me
TRACE::2025-12-12.07:40:45::SCWMssOS::m.o microblaze_0/lib/xil_misc_psreset_api.o microblaze_0/lib/xil_printf.o microblaze_0/lib/xil_sleepcommon.o microblaze_0/lib/x
TRACE::2025-12-12.07:40:45::SCWMssOS::il_testcache.o microblaze_0/lib/xil_testio.o microblaze_0/lib/xil_testmem.o microblaze_0/lib/xil_util.o microblaze_0/lib/xintc.
TRACE::2025-12-12.07:40:45::SCWMssOS::o microblaze_0/lib/xintc_g.o microblaze_0/lib/xintc_intr.o microblaze_0/lib/xintc_l.o microblaze_0/lib/xintc_options.o microbla
TRACE::2025-12-12.07:40:45::SCWMssOS::ze_0/lib/xintc_selftest.o microblaze_0/lib/xinterrupt_wrap.o microblaze_0/lib/xio.o microblaze_0/lib/xplatform_info.o microblaz
TRACE::2025-12-12.07:40:45::SCWMssOS::e_0/lib/xspi.o microblaze_0/lib/xspi_g.o microblaze_0/lib/xspi_options.o microblaze_0/lib/xspi_selftest.o microblaze_0/lib/xspi
TRACE::2025-12-12.07:40:45::SCWMssOS::_sinit.o microblaze_0/lib/xspi_stats.o microblaze_0/lib/xtmrctr.o microblaze_0/lib/xtmrctr_g.o microblaze_0/lib/xtmrctr_intr.o 
TRACE::2025-12-12.07:40:45::SCWMssOS::microblaze_0/lib/xtmrctr_l.o microblaze_0/lib/xtmrctr_options.o microblaze_0/lib/xtmrctr_selftest.o microblaze_0/lib/xtmrctr_si
TRACE::2025-12-12.07:40:45::SCWMssOS::nit.o microblaze_0/lib/xtmrctr_stats.o microblaze_0/lib/xuartlite.o microblaze_0/lib/xuartlite_g.o microblaze_0/lib/xuartlite_i
TRACE::2025-12-12.07:40:45::SCWMssOS::ntr.o microblaze_0/lib/xuartlite_l.o microblaze_0/lib/xuartlite_selftest.o microblaze_0/lib/xuartlite_sinit.o microblaze_0/lib/
TRACE::2025-12-12.07:40:45::SCWMssOS::xuartlite_stats.o

TRACE::2025-12-12.07:40:45::SCWMssOS::'Finished building libraries'

TRACE::2025-12-12.07:40:45::SCWMssOS:: Checking if to create the Supporting Applications
TRACE::2025-12-12.07:40:45::SCWMssOS:: No Linux domain exists, trying to generate FSBL 
LOG::2025-12-12.07:40:45::SCWSystem::Completed Processing the domain standalone_microblaze_0
LOG::2025-12-12.07:40:45::SCWSystem::Completed Processing the sysconfig tracker_top
LOG::2025-12-12.07:40:45::SCWPlatform::Completed generating the artifacts for system configuration tracker_top
TRACE::2025-12-12.07:40:45::SCWPlatform::Started preparing the platform 
TRACE::2025-12-12.07:40:45::SCWSystem::Writing the bif file for system config tracker_top
TRACE::2025-12-12.07:40:45::SCWSystem::dir created 
TRACE::2025-12-12.07:40:45::SCWSystem::Writing the bif 
TRACE::2025-12-12.07:40:45::SCWPlatform::Started writing the spfm file 
TRACE::2025-12-12.07:40:45::SCWPlatform::Started writing the xpfm file 
TRACE::2025-12-12.07:40:45::SCWPlatform::Completed generating the platform
TRACE::2025-12-12.07:40:45::SCWMssOS::Saving the mss changes D:/viv/SpartanTracker/lab7_2/sdk/tracker_top/microblaze_0/standalone_microblaze_0/bsp/system.mss
TRACE::2025-12-12.07:40:45::SCWMssOS::Adding the swdes entry, mss present, able to open swdb D:/viv/SpartanTracker/lab7_2/sdk/tracker_top/microblaze_0/standalone_microblaze_0/bsp/system.mss with des name system
TRACE::2025-12-12.07:40:45::SCWMssOS::Writing the mss file completed D:/viv/SpartanTracker/lab7_2/sdk/tracker_top/microblaze_0/standalone_microblaze_0/bsp/system.mss
TRACE::2025-12-12.07:40:45::SCWMssOS::Commit changes completed.
TRACE::2025-12-12.07:40:45::SCWPlatform::Trying to open the hw design at D:/viv/SpartanTracker/lab7_2/sdk/tracker_top/hw/tracker_top.xsa
TRACE::2025-12-12.07:40:45::SCWPlatform::DSA given D:/viv/SpartanTracker/lab7_2/sdk/tracker_top/hw/tracker_top.xsa
TRACE::2025-12-12.07:40:45::SCWPlatform::DSA absoulate path D:/viv/SpartanTracker/lab7_2/sdk/tracker_top/hw/tracker_top.xsa
TRACE::2025-12-12.07:40:45::SCWPlatform::DSA directory D:/viv/SpartanTracker/lab7_2/sdk/tracker_top/hw
TRACE::2025-12-12.07:40:45::SCWPlatform:: Platform Path D:/viv/SpartanTracker/lab7_2/sdk/tracker_top/hw/tracker_top.xsa
TRACE::2025-12-12.07:40:45::SCWPlatform:: Unique name xilinx:::0.0
TRACE::2025-12-12.07:40:45::SCWPlatform::Trying to set the existing hwdb with name tracker_top_8
TRACE::2025-12-12.07:40:45::SCWPlatform::Opened existing hwdb tracker_top_8
TRACE::2025-12-12.07:40:45::SCWPlatform::Found the Hw Db part of the input DSA
TRACE::2025-12-12.07:40:45::SCWMssOS::Checking the sw design at  D:/viv/SpartanTracker/lab7_2/sdk/tracker_top/microblaze_0/standalone_microblaze_0/bsp/system.mss
TRACE::2025-12-12.07:40:45::SCWMssOS::DEBUG:  swdes dump  D:/viv/SpartanTracker/lab7_2/sdk/tracker_top/microblaze_0/standalone_microblaze_0/bsp/system.mss|system||

TRACE::2025-12-12.07:40:45::SCWMssOS::Sw design exists and opened at  D:/viv/SpartanTracker/lab7_2/sdk/tracker_top/microblaze_0/standalone_microblaze_0/bsp/system.mss
TRACE::2025-12-12.07:40:45::SCWWriter::formatted JSON is {
	"platformName":	"tracker_top",
	"sprVersion":	"2.0",
	"mode":	"gui",
	"dsaType":	"Fixed",
	"platformDesc":	"tracker_top",
	"platHandOff":	"D:/viv/SpartanTracker/lab7_2/tracker_top.xsa",
	"platIntHandOff":	"<platformDir>/hw/tracker_top.xsa",
	"deviceType":	"FPGA",
	"platIsPrebuiltAutogen":	"false",
	"platIsNoBootBsp":	"false",
	"hasFsblMakeHasChanges":	"false",
	"hasPmufwMakeHasChanges":	"false",
	"platPreBuiltFlag":	false,
	"platformSamplesDir":	"",
	"platActiveSys":	"tracker_top",
	"systems":	[{
			"systemName":	"tracker_top",
			"systemDesc":	"tracker_top",
			"sysIsBootAutoGen":	"true",
			"systemDispName":	"tracker_top",
			"sysActiveDom":	"standalone_microblaze_0",
			"sysDefaultDom":	"standalone_microblaze_0",
			"domains":	[{
					"domainName":	"standalone_microblaze_0",
					"domainDispName":	"standalone_microblaze_0",
					"domainDesc":	"standalone_microblaze_0",
					"processors":	"microblaze_0",
					"os":	"standalone",
					"sdxOs":	"standalone",
					"debugEnable":	"False",
					"domRuntimes":	["cpp"],
					"swRepo":	"",
					"mssOsVer":	"8.0",
					"mssFile":	"",
					"md5Digest":	"948367085d8c8b0e65ac10674ef4e094",
					"compatibleApp":	"",
					"domType":	"mssDomain",
					"arch":	"32-bit",
					"appSettings":	{
						"appCompilerFlags":	"",
						"appLinkerFlags":	""
					},
					"addedLibs":	[],
					"libOptions":	{
						"libsContainingOptions":	[]
					},
					"prebuiltLibs":	{
						"prebuiltIncPath":	[],
						"prebuiltLibPath":	[]
					},
					"isolation":	{
					}
				}]
		}]
}
KEYINFO::2025-12-12.07:40:45::SCWPlatform::updated the xpfm file.
TRACE::2025-12-12.07:40:46::SCWPlatform::Trying to open the hw design at D:/viv/SpartanTracker/lab7_2/sdk/tracker_top/hw/tracker_top.xsa
TRACE::2025-12-12.07:40:46::SCWPlatform::DSA given D:/viv/SpartanTracker/lab7_2/sdk/tracker_top/hw/tracker_top.xsa
TRACE::2025-12-12.07:40:46::SCWPlatform::DSA absoulate path D:/viv/SpartanTracker/lab7_2/sdk/tracker_top/hw/tracker_top.xsa
TRACE::2025-12-12.07:40:46::SCWPlatform::DSA directory D:/viv/SpartanTracker/lab7_2/sdk/tracker_top/hw
TRACE::2025-12-12.07:40:46::SCWPlatform:: Platform Path D:/viv/SpartanTracker/lab7_2/sdk/tracker_top/hw/tracker_top.xsa
TRACE::2025-12-12.07:40:46::SCWPlatform:: Unique name xilinx:::0.0
TRACE::2025-12-12.07:40:46::SCWPlatform::Trying to set the existing hwdb with name tracker_top_8
TRACE::2025-12-12.07:40:46::SCWPlatform::Opened existing hwdb tracker_top_8
TRACE::2025-12-12.07:40:46::SCWPlatform::Found the Hw Db part of the input DSA
TRACE::2025-12-12.07:40:46::SCWMssOS::Checking the sw design at  D:/viv/SpartanTracker/lab7_2/sdk/tracker_top/microblaze_0/standalone_microblaze_0/bsp/system.mss
TRACE::2025-12-12.07:40:46::SCWMssOS::DEBUG:  swdes dump  D:/viv/SpartanTracker/lab7_2/sdk/tracker_top/microblaze_0/standalone_microblaze_0/bsp/system.mss|system||

TRACE::2025-12-12.07:40:46::SCWMssOS::Sw design exists and opened at  D:/viv/SpartanTracker/lab7_2/sdk/tracker_top/microblaze_0/standalone_microblaze_0/bsp/system.mss
TRACE::2025-12-12.07:48:53::SCWPlatform::Clearing the existing platform
TRACE::2025-12-12.07:48:53::SCWSystem::Clearing the existing sysconfig
TRACE::2025-12-12.07:48:53::SCWMssOS::Removing the swdes entry for  D:/viv/SpartanTracker/lab7_2/sdk/tracker_top/microblaze_0/standalone_microblaze_0/bsp/system.mss
TRACE::2025-12-12.07:48:53::SCWSystem::Clearing the domains completed.
TRACE::2025-12-12.07:48:53::SCWPlatform::Clearing the opened hw db.
TRACE::2025-12-12.07:48:53::SCWPlatform::DSA given D:/viv/SpartanTracker/lab7_2/sdk/tracker_top/hw/tracker_top.xsa
TRACE::2025-12-12.07:48:53::SCWPlatform::DSA absoulate path D:/viv/SpartanTracker/lab7_2/sdk/tracker_top/hw/tracker_top.xsa
TRACE::2025-12-12.07:48:53::SCWPlatform:: Platform location is D:/viv/SpartanTracker/lab7_2/sdk/tracker_top/hw
TRACE::2025-12-12.07:48:53::SCWPlatform:: Platform Path D:/viv/SpartanTracker/lab7_2/sdk/tracker_top/hw/tracker_top.xsa
TRACE::2025-12-12.07:48:53::SCWPlatform:: Unique name xilinx:::0.0
TRACE::2025-12-12.07:48:53::SCWPlatform::Removing the HwDB with name D:/viv/SpartanTracker/lab7_2/sdk/tracker_top/hw/tracker_top.xsa
TRACE::2025-12-12.07:48:53::SCWPlatform::Trying to open the hw design at D:/viv/SpartanTracker/lab7_2/sdk/tracker_top/hw/tracker_top.xsa
TRACE::2025-12-12.07:48:53::SCWPlatform::DSA given D:/viv/SpartanTracker/lab7_2/sdk/tracker_top/hw/tracker_top.xsa
TRACE::2025-12-12.07:48:53::SCWPlatform::DSA absoulate path D:/viv/SpartanTracker/lab7_2/sdk/tracker_top/hw/tracker_top.xsa
TRACE::2025-12-12.07:48:53::SCWPlatform::DSA directory D:/viv/SpartanTracker/lab7_2/sdk/tracker_top/hw
TRACE::2025-12-12.07:48:53::SCWPlatform:: Platform Path D:/viv/SpartanTracker/lab7_2/sdk/tracker_top/hw/tracker_top.xsa
TRACE::2025-12-12.07:48:53::SCWPlatform:: Unique name xilinx:::0.0
TRACE::2025-12-12.07:48:53::SCWPlatform::Do not have an existing db opened. 
TRACE::2025-12-12.07:48:53::SCWPlatform::Opened new HwDB with name tracker_top_10
TRACE::2025-12-12.07:48:53::SCWReader::Active system found as  tracker_top
TRACE::2025-12-12.07:48:53::SCWReader::Handling sysconfig tracker_top
TRACE::2025-12-12.07:48:53::SCWDomain::checking for install qemu data   : 
TRACE::2025-12-12.07:48:53::SCWPlatform::Trying to open the hw design at D:/viv/SpartanTracker/lab7_2/sdk/tracker_top/hw/tracker_top.xsa
TRACE::2025-12-12.07:48:53::SCWPlatform::DSA given D:/viv/SpartanTracker/lab7_2/sdk/tracker_top/hw/tracker_top.xsa
TRACE::2025-12-12.07:48:53::SCWPlatform::DSA absoulate path D:/viv/SpartanTracker/lab7_2/sdk/tracker_top/hw/tracker_top.xsa
TRACE::2025-12-12.07:48:53::SCWPlatform::DSA directory D:/viv/SpartanTracker/lab7_2/sdk/tracker_top/hw
TRACE::2025-12-12.07:48:53::SCWPlatform:: Platform Path D:/viv/SpartanTracker/lab7_2/sdk/tracker_top/hw/tracker_top.xsa
TRACE::2025-12-12.07:48:53::SCWPlatform:: Unique name xilinx:::0.0
TRACE::2025-12-12.07:48:53::SCWPlatform::Trying to set the existing hwdb with name tracker_top_10
TRACE::2025-12-12.07:48:53::SCWPlatform::Opened existing hwdb tracker_top_10
TRACE::2025-12-12.07:48:53::SCWPlatform::Found the Hw Db part of the input DSA
TRACE::2025-12-12.07:48:53::SCWPlatform::Trying to open the hw design at D:/viv/SpartanTracker/lab7_2/sdk/tracker_top/hw/tracker_top.xsa
TRACE::2025-12-12.07:48:53::SCWPlatform::DSA given D:/viv/SpartanTracker/lab7_2/sdk/tracker_top/hw/tracker_top.xsa
TRACE::2025-12-12.07:48:53::SCWPlatform::DSA absoulate path D:/viv/SpartanTracker/lab7_2/sdk/tracker_top/hw/tracker_top.xsa
TRACE::2025-12-12.07:48:53::SCWPlatform::DSA directory D:/viv/SpartanTracker/lab7_2/sdk/tracker_top/hw
TRACE::2025-12-12.07:48:53::SCWPlatform:: Platform Path D:/viv/SpartanTracker/lab7_2/sdk/tracker_top/hw/tracker_top.xsa
TRACE::2025-12-12.07:48:53::SCWPlatform:: Unique name xilinx:::0.0
TRACE::2025-12-12.07:48:53::SCWPlatform::Trying to set the existing hwdb with name tracker_top_10
TRACE::2025-12-12.07:48:53::SCWPlatform::Opened existing hwdb tracker_top_10
TRACE::2025-12-12.07:48:53::SCWPlatform::Found the Hw Db part of the input DSA
TRACE::2025-12-12.07:48:53::SCWPlatform::Trying to open the hw design at D:/viv/SpartanTracker/lab7_2/sdk/tracker_top/hw/tracker_top.xsa
TRACE::2025-12-12.07:48:53::SCWPlatform::DSA given D:/viv/SpartanTracker/lab7_2/sdk/tracker_top/hw/tracker_top.xsa
TRACE::2025-12-12.07:48:53::SCWPlatform::DSA absoulate path D:/viv/SpartanTracker/lab7_2/sdk/tracker_top/hw/tracker_top.xsa
TRACE::2025-12-12.07:48:53::SCWPlatform::DSA directory D:/viv/SpartanTracker/lab7_2/sdk/tracker_top/hw
TRACE::2025-12-12.07:48:53::SCWPlatform:: Platform Path D:/viv/SpartanTracker/lab7_2/sdk/tracker_top/hw/tracker_top.xsa
TRACE::2025-12-12.07:48:53::SCWPlatform:: Unique name xilinx:::0.0
TRACE::2025-12-12.07:48:53::SCWPlatform::Trying to set the existing hwdb with name tracker_top_10
TRACE::2025-12-12.07:48:53::SCWPlatform::Opened existing hwdb tracker_top_10
TRACE::2025-12-12.07:48:53::SCWPlatform::Found the Hw Db part of the input DSA
TRACE::2025-12-12.07:48:53::SCWPlatform::Trying to open the hw design at D:/viv/SpartanTracker/lab7_2/sdk/tracker_top/hw/tracker_top.xsa
TRACE::2025-12-12.07:48:53::SCWPlatform::DSA given D:/viv/SpartanTracker/lab7_2/sdk/tracker_top/hw/tracker_top.xsa
TRACE::2025-12-12.07:48:53::SCWPlatform::DSA absoulate path D:/viv/SpartanTracker/lab7_2/sdk/tracker_top/hw/tracker_top.xsa
TRACE::2025-12-12.07:48:53::SCWPlatform::DSA directory D:/viv/SpartanTracker/lab7_2/sdk/tracker_top/hw
TRACE::2025-12-12.07:48:53::SCWPlatform:: Platform Path D:/viv/SpartanTracker/lab7_2/sdk/tracker_top/hw/tracker_top.xsa
TRACE::2025-12-12.07:48:53::SCWPlatform:: Unique name xilinx:::0.0
TRACE::2025-12-12.07:48:53::SCWPlatform::Trying to set the existing hwdb with name tracker_top_10
TRACE::2025-12-12.07:48:53::SCWPlatform::Opened existing hwdb tracker_top_10
TRACE::2025-12-12.07:48:53::SCWPlatform::Found the Hw Db part of the input DSA
TRACE::2025-12-12.07:48:53::SCWMssOS::Checking the sw design at  D:/viv/SpartanTracker/lab7_2/sdk/tracker_top/microblaze_0/standalone_microblaze_0/bsp/system.mss
TRACE::2025-12-12.07:48:53::SCWMssOS::DEBUG:  swdes dump  
TRACE::2025-12-12.07:48:53::SCWMssOS::No sw design opened at  D:/viv/SpartanTracker/lab7_2/sdk/tracker_top/microblaze_0/standalone_microblaze_0/bsp/system.mss
TRACE::2025-12-12.07:48:53::SCWMssOS::mss exists loading the mss file  D:/viv/SpartanTracker/lab7_2/sdk/tracker_top/microblaze_0/standalone_microblaze_0/bsp/system.mss
TRACE::2025-12-12.07:48:53::SCWMssOS::Opened the sw design from mss  D:/viv/SpartanTracker/lab7_2/sdk/tracker_top/microblaze_0/standalone_microblaze_0/bsp/system.mss
TRACE::2025-12-12.07:48:53::SCWMssOS::Adding the swdes entry D:/viv/SpartanTracker/lab7_2/sdk/tracker_top/microblaze_0/standalone_microblaze_0/bsp/system.mss with des name system
TRACE::2025-12-12.07:48:53::SCWMssOS::updating the scw layer about changes
TRACE::2025-12-12.07:48:53::SCWMssOS::Opened the sw design.  D:/viv/SpartanTracker/lab7_2/sdk/tracker_top/microblaze_0/standalone_microblaze_0/bsp/system.mss
TRACE::2025-12-12.07:48:53::SCWMssOS::Saving the mss changes D:/viv/SpartanTracker/lab7_2/sdk/tracker_top/microblaze_0/standalone_microblaze_0/bsp/system.mss
TRACE::2025-12-12.07:48:53::SCWMssOS::Found a swdesign opened with the mssfile.
TRACE::2025-12-12.07:48:53::SCWMssOS::Completed writemss as part of save.
TRACE::2025-12-12.07:48:53::SCWMssOS::Commit changes completed.
TRACE::2025-12-12.07:48:53::SCWReader::Adding prebuilt librarypaths as   
TRACE::2025-12-12.07:48:53::SCWReader::Adding prebuilt incpaths  as   
TRACE::2025-12-12.07:48:53::SCWPlatform::Trying to open the hw design at D:/viv/SpartanTracker/lab7_2/sdk/tracker_top/hw/tracker_top.xsa
TRACE::2025-12-12.07:48:53::SCWPlatform::DSA given D:/viv/SpartanTracker/lab7_2/sdk/tracker_top/hw/tracker_top.xsa
TRACE::2025-12-12.07:48:53::SCWPlatform::DSA absoulate path D:/viv/SpartanTracker/lab7_2/sdk/tracker_top/hw/tracker_top.xsa
TRACE::2025-12-12.07:48:53::SCWPlatform::DSA directory D:/viv/SpartanTracker/lab7_2/sdk/tracker_top/hw
TRACE::2025-12-12.07:48:53::SCWPlatform:: Platform Path D:/viv/SpartanTracker/lab7_2/sdk/tracker_top/hw/tracker_top.xsa
TRACE::2025-12-12.07:48:53::SCWPlatform:: Unique name xilinx:::0.0
TRACE::2025-12-12.07:48:53::SCWPlatform::Trying to set the existing hwdb with name tracker_top_10
TRACE::2025-12-12.07:48:53::SCWPlatform::Opened existing hwdb tracker_top_10
TRACE::2025-12-12.07:48:53::SCWPlatform::Found the Hw Db part of the input DSA
TRACE::2025-12-12.07:48:53::SCWMssOS::Checking the sw design at  D:/viv/SpartanTracker/lab7_2/sdk/tracker_top/microblaze_0/standalone_microblaze_0/bsp/system.mss
TRACE::2025-12-12.07:48:53::SCWMssOS::DEBUG:  swdes dump  D:/viv/SpartanTracker/lab7_2/sdk/tracker_top/microblaze_0/standalone_microblaze_0/bsp/system.mss|system||

TRACE::2025-12-12.07:48:53::SCWMssOS::Sw design exists and opened at  D:/viv/SpartanTracker/lab7_2/sdk/tracker_top/microblaze_0/standalone_microblaze_0/bsp/system.mss
TRACE::2025-12-12.07:48:53::SCWReader::No isolation master present  
TRACE::2025-12-12.07:48:55::SCWPlatform::DSA given D:/viv/SpartanTracker/lab7_2/sdk/tracker_top/tempdsa/tracker_top.xsa
TRACE::2025-12-12.07:48:55::SCWPlatform::DSA absoulate path D:/viv/SpartanTracker/lab7_2/sdk/tracker_top/tempdsa/tracker_top.xsa
TRACE::2025-12-12.07:48:55::SCWPlatform:: Platform location is D:/viv/SpartanTracker/lab7_2/sdk/tracker_top/tempdsa
TRACE::2025-12-12.07:48:55::SCWPlatform:: Platform Path D:/viv/SpartanTracker/lab7_2/sdk/tracker_top/tempdsa/tracker_top.xsa
TRACE::2025-12-12.07:48:55::SCWPlatform:: Unique name xilinx:::0.0
TRACE::2025-12-12.07:48:56::SCWPlatform::Found the Hw Db part of the input DSA
TRACE::2025-12-12.07:48:56::SCWMssOS::Doing hw sync for the mss in domain: standalone_microblaze_0
TRACE::2025-12-12.07:48:56::SCWPlatform::Trying to open the hw design at D:/viv/SpartanTracker/lab7_2/sdk/tracker_top/hw/tracker_top.xsa
TRACE::2025-12-12.07:48:56::SCWPlatform::DSA given D:/viv/SpartanTracker/lab7_2/sdk/tracker_top/hw/tracker_top.xsa
TRACE::2025-12-12.07:48:56::SCWPlatform::DSA absoulate path D:/viv/SpartanTracker/lab7_2/sdk/tracker_top/hw/tracker_top.xsa
TRACE::2025-12-12.07:48:56::SCWPlatform::DSA directory D:/viv/SpartanTracker/lab7_2/sdk/tracker_top/hw
TRACE::2025-12-12.07:48:56::SCWPlatform:: Platform Path D:/viv/SpartanTracker/lab7_2/sdk/tracker_top/hw/tracker_top.xsa
TRACE::2025-12-12.07:48:56::SCWPlatform:: Unique name xilinx:::0.0
TRACE::2025-12-12.07:48:56::SCWPlatform::Trying to set the existing hwdb with name tracker_top_10
TRACE::2025-12-12.07:48:56::SCWPlatform::Opened existing hwdb tracker_top_10
TRACE::2025-12-12.07:48:56::SCWPlatform::Found the Hw Db part of the input DSA
TRACE::2025-12-12.07:48:56::SCWPlatform::Trying to open the hw design at D:/viv/SpartanTracker/lab7_2/sdk/tracker_top/hw/tracker_top.xsa
TRACE::2025-12-12.07:48:56::SCWPlatform::DSA given D:/viv/SpartanTracker/lab7_2/sdk/tracker_top/hw/tracker_top.xsa
TRACE::2025-12-12.07:48:56::SCWPlatform::DSA absoulate path D:/viv/SpartanTracker/lab7_2/sdk/tracker_top/hw/tracker_top.xsa
TRACE::2025-12-12.07:48:56::SCWPlatform::DSA directory D:/viv/SpartanTracker/lab7_2/sdk/tracker_top/hw
TRACE::2025-12-12.07:48:56::SCWPlatform:: Platform Path D:/viv/SpartanTracker/lab7_2/sdk/tracker_top/hw/tracker_top.xsa
TRACE::2025-12-12.07:48:56::SCWPlatform:: Unique name xilinx:::0.0
TRACE::2025-12-12.07:48:56::SCWPlatform::Trying to set the existing hwdb with name tracker_top_10
TRACE::2025-12-12.07:48:56::SCWPlatform::Opened existing hwdb tracker_top_10
TRACE::2025-12-12.07:48:56::SCWPlatform::Found the Hw Db part of the input DSA
TRACE::2025-12-12.07:48:56::SCWMssOS::Checking the sw design at  D:/viv/SpartanTracker/lab7_2/sdk/tracker_top/microblaze_0/standalone_microblaze_0/bsp/system.mss
TRACE::2025-12-12.07:48:56::SCWMssOS::DEBUG:  swdes dump  D:/viv/SpartanTracker/lab7_2/sdk/tracker_top/microblaze_0/standalone_microblaze_0/bsp/system.mss|system||

TRACE::2025-12-12.07:48:56::SCWMssOS::Sw design exists and opened at  D:/viv/SpartanTracker/lab7_2/sdk/tracker_top/microblaze_0/standalone_microblaze_0/bsp/system.mss
TRACE::2025-12-12.07:48:56::SCWPlatform::Trying to open the hw design at D:/viv/SpartanTracker/lab7_2/sdk/tracker_top/tempdsa/tracker_top.xsa
TRACE::2025-12-12.07:48:56::SCWPlatform::DSA given D:/viv/SpartanTracker/lab7_2/sdk/tracker_top/tempdsa/tracker_top.xsa
TRACE::2025-12-12.07:48:56::SCWPlatform::DSA absoulate path D:/viv/SpartanTracker/lab7_2/sdk/tracker_top/tempdsa/tracker_top.xsa
TRACE::2025-12-12.07:48:56::SCWPlatform::DSA directory D:/viv/SpartanTracker/lab7_2/sdk/tracker_top/tempdsa
TRACE::2025-12-12.07:48:56::SCWPlatform:: Platform Path D:/viv/SpartanTracker/lab7_2/sdk/tracker_top/tempdsa/tracker_top.xsa
TRACE::2025-12-12.07:48:56::SCWPlatform:: Unique name xilinx:::0.0
TRACE::2025-12-12.07:48:56::SCWPlatform::update - Opened existing hwdb tracker_top_11
TRACE::2025-12-12.07:48:56::SCWPlatform::Found the Hw Db part of the input DSA
TRACE::2025-12-12.07:48:56::SCWMssOS::Saving the mss changes D:/viv/SpartanTracker/lab7_2/sdk/tracker_top/microblaze_0/standalone_microblaze_0/bsp/system.mss
TRACE::2025-12-12.07:48:56::SCWMssOS::Found a swdesign opened with the mssfile.
TRACE::2025-12-12.07:48:56::SCWMssOS::Completed writemss as part of save.
TRACE::2025-12-12.07:48:56::SCWMssOS::Commit changes completed.
TRACE::2025-12-12.07:48:56::SCWMssOS::Completed hw sync for the mss in domain: standalone_microblaze_0
TRACE::2025-12-12.07:48:56::SCWMssOS::Removing the swdes entry for  D:/viv/SpartanTracker/lab7_2/sdk/tracker_top/microblaze_0/standalone_microblaze_0/bsp/system.mss
TRACE::2025-12-12.07:48:56::SCWPlatform::Trying to open the hw design at D:/viv/SpartanTracker/lab7_2/sdk/tracker_top/hw/tracker_top.xsa
TRACE::2025-12-12.07:48:56::SCWPlatform::DSA given D:/viv/SpartanTracker/lab7_2/sdk/tracker_top/hw/tracker_top.xsa
TRACE::2025-12-12.07:48:56::SCWPlatform::DSA absoulate path D:/viv/SpartanTracker/lab7_2/sdk/tracker_top/hw/tracker_top.xsa
TRACE::2025-12-12.07:48:56::SCWPlatform::DSA directory D:/viv/SpartanTracker/lab7_2/sdk/tracker_top/hw
TRACE::2025-12-12.07:48:56::SCWPlatform:: Platform Path D:/viv/SpartanTracker/lab7_2/sdk/tracker_top/hw/tracker_top.xsa
TRACE::2025-12-12.07:48:56::SCWPlatform:: Unique name xilinx:::0.0
TRACE::2025-12-12.07:48:56::SCWPlatform::Do not have an existing db opened. 
TRACE::2025-12-12.07:48:56::SCWPlatform::Opened new HwDB with name tracker_top_12
TRACE::2025-12-12.07:48:56::SCWMssOS::Saving the mss changes D:/viv/SpartanTracker/lab7_2/sdk/tracker_top/microblaze_0/standalone_microblaze_0/bsp/system.mss
TRACE::2025-12-12.07:48:56::SCWMssOS::Adding the swdes entry, mss present, able to open swdb D:/viv/SpartanTracker/lab7_2/sdk/tracker_top/microblaze_0/standalone_microblaze_0/bsp/system.mss with des name system
TRACE::2025-12-12.07:48:56::SCWMssOS::Writing the mss file completed D:/viv/SpartanTracker/lab7_2/sdk/tracker_top/microblaze_0/standalone_microblaze_0/bsp/system.mss
TRACE::2025-12-12.07:48:56::SCWMssOS::Commit changes completed.
TRACE::2025-12-12.07:48:56::SCWPlatform::Trying to open the hw design at D:/viv/SpartanTracker/lab7_2/sdk/tracker_top/hw/tracker_top.xsa
TRACE::2025-12-12.07:48:56::SCWPlatform::DSA given D:/viv/SpartanTracker/lab7_2/sdk/tracker_top/hw/tracker_top.xsa
TRACE::2025-12-12.07:48:56::SCWPlatform::DSA absoulate path D:/viv/SpartanTracker/lab7_2/sdk/tracker_top/hw/tracker_top.xsa
TRACE::2025-12-12.07:48:56::SCWPlatform::DSA directory D:/viv/SpartanTracker/lab7_2/sdk/tracker_top/hw
TRACE::2025-12-12.07:48:56::SCWPlatform:: Platform Path D:/viv/SpartanTracker/lab7_2/sdk/tracker_top/hw/tracker_top.xsa
TRACE::2025-12-12.07:48:56::SCWPlatform:: Unique name xilinx:::0.0
TRACE::2025-12-12.07:48:56::SCWPlatform::Trying to set the existing hwdb with name tracker_top_12
TRACE::2025-12-12.07:48:56::SCWPlatform::Opened existing hwdb tracker_top_12
TRACE::2025-12-12.07:48:56::SCWPlatform::Found the Hw Db part of the input DSA
TRACE::2025-12-12.07:48:56::SCWMssOS::Checking the sw design at  D:/viv/SpartanTracker/lab7_2/sdk/tracker_top/microblaze_0/standalone_microblaze_0/bsp/system.mss
TRACE::2025-12-12.07:48:56::SCWMssOS::DEBUG:  swdes dump  D:/viv/SpartanTracker/lab7_2/sdk/tracker_top/microblaze_0/standalone_microblaze_0/bsp/system.mss|system||

TRACE::2025-12-12.07:48:56::SCWMssOS::Sw design exists and opened at  D:/viv/SpartanTracker/lab7_2/sdk/tracker_top/microblaze_0/standalone_microblaze_0/bsp/system.mss
TRACE::2025-12-12.07:48:56::SCWWriter::formatted JSON is {
	"platformName":	"tracker_top",
	"sprVersion":	"2.0",
	"mode":	"gui",
	"dsaType":	"Fixed",
	"platformDesc":	"tracker_top",
	"platHandOff":	"D:/viv/SpartanTracker/lab7_2/tracker_top.xsa",
	"platIntHandOff":	"<platformDir>/hw/tracker_top.xsa",
	"deviceType":	"FPGA",
	"platIsPrebuiltAutogen":	"false",
	"platIsNoBootBsp":	"false",
	"hasFsblMakeHasChanges":	"false",
	"hasPmufwMakeHasChanges":	"false",
	"platPreBuiltFlag":	false,
	"platformSamplesDir":	"",
	"platActiveSys":	"tracker_top",
	"systems":	[{
			"systemName":	"tracker_top",
			"systemDesc":	"tracker_top",
			"sysIsBootAutoGen":	"true",
			"systemDispName":	"tracker_top",
			"sysActiveDom":	"standalone_microblaze_0",
			"sysDefaultDom":	"standalone_microblaze_0",
			"domains":	[{
					"domainName":	"standalone_microblaze_0",
					"domainDispName":	"standalone_microblaze_0",
					"domainDesc":	"standalone_microblaze_0",
					"processors":	"microblaze_0",
					"os":	"standalone",
					"sdxOs":	"standalone",
					"debugEnable":	"False",
					"domRuntimes":	["cpp"],
					"swRepo":	"",
					"mssOsVer":	"8.0",
					"mssFile":	"",
					"md5Digest":	"948367085d8c8b0e65ac10674ef4e0941",
					"compatibleApp":	"",
					"domType":	"mssDomain",
					"arch":	"32-bit",
					"appSettings":	{
						"appCompilerFlags":	"",
						"appLinkerFlags":	""
					},
					"addedLibs":	[],
					"libOptions":	{
						"libsContainingOptions":	[]
					},
					"prebuiltLibs":	{
						"prebuiltIncPath":	[],
						"prebuiltLibPath":	[]
					},
					"isolation":	{
					}
				}]
		}]
}
TRACE::2025-12-12.07:49:04::SCWMssOS::cleaning the bsp 
TRACE::2025-12-12.07:49:04::SCWMssOS::System Command Ran  D: & cd  D:/viv/SpartanTracker/lab7_2/sdk/tracker_top/microblaze_0/standalone_microblaze_0/bsp & make clean 
TRACE::2025-12-12.07:49:04::SCWMssOS::make -C microblaze_0/libsrc/bram_v4_8/src -s clean 

TRACE::2025-12-12.07:49:04::SCWMssOS::make -C microblaze_0/libsrc/cpu_v2_16/src -s clean 

TRACE::2025-12-12.07:49:04::SCWMssOS::make -C microblaze_0/libsrc/gpio_v4_9/src -s clean 

TRACE::2025-12-12.07:49:04::SCWMssOS::make -C microblaze_0/libsrc/intc_v3_15/src -s clean 

TRACE::2025-12-12.07:49:04::SCWMssOS::make -C microblaze_0/libsrc/spi_v4_9/src -s clean 

TRACE::2025-12-12.07:49:04::SCWMssOS::make -C microblaze_0/libsrc/standalone_v8_0/src -s clean 

TRACE::2025-12-12.07:49:04::SCWMssOS::make -C microblaze_0/libsrc/tmrctr_v4_9/src -s clean 

TRACE::2025-12-12.07:49:04::SCWMssOS::make -C microblaze_0/libsrc/uartlite_v3_7/src -s clean 

TRACE::2025-12-12.07:49:04::SCWMssOS::rm -f microblaze_0/lib/libxil.a

LOG::2025-12-12.07:49:07::SCWPlatform::Started generating the artifacts platform tracker_top
TRACE::2025-12-12.07:49:07::SCWPlatform::Sanity checking of platform is completed
LOG::2025-12-12.07:49:07::SCWPlatform::Started generating the artifacts for system configuration tracker_top
LOG::2025-12-12.07:49:07::SCWSystem::Checking the domain standalone_microblaze_0
LOG::2025-12-12.07:49:07::SCWSystem::Not a boot domain 
LOG::2025-12-12.07:49:07::SCWSystem::Started Processing the domain standalone_microblaze_0
TRACE::2025-12-12.07:49:07::SCWDomain::Generating domain artifcats
TRACE::2025-12-12.07:49:07::SCWMssOS::Generating standalone artifcats
TRACE::2025-12-12.07:49:07::SCWMssOS:: Copying the user libraries. 
TRACE::2025-12-12.07:49:07::SCWPlatform::Trying to open the hw design at D:/viv/SpartanTracker/lab7_2/sdk/tracker_top/hw/tracker_top.xsa
TRACE::2025-12-12.07:49:07::SCWPlatform::DSA given D:/viv/SpartanTracker/lab7_2/sdk/tracker_top/hw/tracker_top.xsa
TRACE::2025-12-12.07:49:07::SCWPlatform::DSA absoulate path D:/viv/SpartanTracker/lab7_2/sdk/tracker_top/hw/tracker_top.xsa
TRACE::2025-12-12.07:49:07::SCWPlatform::DSA directory D:/viv/SpartanTracker/lab7_2/sdk/tracker_top/hw
TRACE::2025-12-12.07:49:07::SCWPlatform:: Platform Path D:/viv/SpartanTracker/lab7_2/sdk/tracker_top/hw/tracker_top.xsa
TRACE::2025-12-12.07:49:07::SCWPlatform:: Unique name xilinx:::0.0
TRACE::2025-12-12.07:49:07::SCWPlatform::Trying to set the existing hwdb with name tracker_top_12
TRACE::2025-12-12.07:49:07::SCWPlatform::Opened existing hwdb tracker_top_12
TRACE::2025-12-12.07:49:07::SCWPlatform::Found the Hw Db part of the input DSA
TRACE::2025-12-12.07:49:07::SCWMssOS::Checking the sw design at  D:/viv/SpartanTracker/lab7_2/sdk/tracker_top/microblaze_0/standalone_microblaze_0/bsp/system.mss
TRACE::2025-12-12.07:49:07::SCWMssOS::DEBUG:  swdes dump  D:/viv/SpartanTracker/lab7_2/sdk/tracker_top/microblaze_0/standalone_microblaze_0/bsp/system.mss|system||

TRACE::2025-12-12.07:49:07::SCWMssOS::Sw design exists and opened at  D:/viv/SpartanTracker/lab7_2/sdk/tracker_top/microblaze_0/standalone_microblaze_0/bsp/system.mss
TRACE::2025-12-12.07:49:07::SCWMssOS::Completed writing the mss file at D:/viv/SpartanTracker/lab7_2/sdk/tracker_top/microblaze_0/standalone_microblaze_0/bsp
TRACE::2025-12-12.07:49:07::SCWMssOS::Mss edits present, copying mssfile into export location D:/viv/SpartanTracker/lab7_2/sdk/tracker_top/microblaze_0/standalone_microblaze_0/bsp/system.mss
TRACE::2025-12-12.07:49:07::SCWMssOS::bsp generated is stale removing and regenerating. 
TRACE::2025-12-12.07:49:08::SCWMssOS::doing bsp build ... 
TRACE::2025-12-12.07:49:08::SCWMssOS::System Command Ran  D: & cd  D:/viv/SpartanTracker/lab7_2/sdk/tracker_top/microblaze_0/standalone_microblaze_0/bsp & make 
TRACE::2025-12-12.07:49:08::SCWMssOS::make --no-print-directory seq_libs

TRACE::2025-12-12.07:49:08::SCWMssOS::'Finished building libraries sequentially.'

TRACE::2025-12-12.07:49:08::SCWMssOS::make -j 6 --no-print-directory par_libs

TRACE::2025-12-12.07:49:08::SCWMssOS::"Running Make include in microblaze_0/libsrc/bram_v4_8/src"

TRACE::2025-12-12.07:49:08::SCWMssOS::make -C microblaze_0/libsrc/bram_v4_8/src -s include  "SHELL=CMD" "COMPILER=mb-gcc" "ASSEMBLER=mb-as" "ARCHIVER=mb-ar" "COMPILE
TRACE::2025-12-12.07:49:08::SCWMssOS::R_FLAGS=  -O2 -c -mcpu=v11.0 -mlittle-endian -mno-xl-reorder -mno-xl-soft-mul -mxl-barrel-shift -mxl-pattern-compare" "EXTRA_CO
TRACE::2025-12-12.07:49:08::SCWMssOS::MPILER_FLAGS=-g -ffunction-sections -fdata-sections -Wall -Wextra -fno-tree-loop-distribute-patterns"

TRACE::2025-12-12.07:49:08::SCWMssOS::"Running Make include in microblaze_0/libsrc/cpu_v2_16/src"

TRACE::2025-12-12.07:49:08::SCWMssOS::make -C microblaze_0/libsrc/cpu_v2_16/src -s include  "SHELL=CMD" "COMPILER=mb-gcc" "ASSEMBLER=mb-as" "ARCHIVER=mb-ar" "COMPILE
TRACE::2025-12-12.07:49:08::SCWMssOS::R_FLAGS=  -O2 -c -mcpu=v11.0 -mlittle-endian -mno-xl-reorder -mno-xl-soft-mul -mxl-barrel-shift -mxl-pattern-compare" "EXTRA_CO
TRACE::2025-12-12.07:49:08::SCWMssOS::MPILER_FLAGS=-g -ffunction-sections -fdata-sections -Wall -Wextra -fno-tree-loop-distribute-patterns"

TRACE::2025-12-12.07:49:08::SCWMssOS::"Running Make include in microblaze_0/libsrc/gpio_v4_9/src"

TRACE::2025-12-12.07:49:08::SCWMssOS::"Running Make include in microblaze_0/libsrc/intc_v3_15/src"

TRACE::2025-12-12.07:49:08::SCWMssOS::make -C microblaze_0/libsrc/gpio_v4_9/src -s include  "SHELL=CMD" "COMPILER=mb-gcc" "ASSEMBLER=mb-as" "ARCHIVER=mb-ar" "COMPILE
TRACE::2025-12-12.07:49:08::SCWMssOS::R_FLAGS=  -O2 -c -mcpu=v11.0 -mlittle-endian -mno-xl-reorder -mno-xl-soft-mul -mxl-barrel-shift -mxl-pattern-compare" "EXTRA_CO
TRACE::2025-12-12.07:49:08::SCWMssOS::MPILER_FLAGS=-g -ffunction-sections -fdata-sections -Wall -Wextra -fno-tree-loop-distribute-patterns"

TRACE::2025-12-12.07:49:08::SCWMssOS::make -C microblaze_0/libsrc/intc_v3_15/src -s include  "SHELL=CMD" "COMPILER=mb-gcc" "ASSEMBLER=mb-as" "ARCHIVER=mb-ar" "COMPIL
TRACE::2025-12-12.07:49:08::SCWMssOS::ER_FLAGS=  -O2 -c -mcpu=v11.0 -mlittle-endian -mno-xl-reorder -mno-xl-soft-mul -mxl-barrel-shift -mxl-pattern-compare" "EXTRA_C
TRACE::2025-12-12.07:49:08::SCWMssOS::OMPILER_FLAGS=-g -ffunction-sections -fdata-sections -Wall -Wextra -fno-tree-loop-distribute-patterns"

TRACE::2025-12-12.07:49:08::SCWMssOS::"Running Make include in microblaze_0/libsrc/spi_v4_9/src"

TRACE::2025-12-12.07:49:08::SCWMssOS::"Running Make include in microblaze_0/libsrc/standalone_v8_0/src"

TRACE::2025-12-12.07:49:08::SCWMssOS::make -C microblaze_0/libsrc/spi_v4_9/src -s include  "SHELL=CMD" "COMPILER=mb-gcc" "ASSEMBLER=mb-as" "ARCHIVER=mb-ar" "COMPILER
TRACE::2025-12-12.07:49:08::SCWMssOS::_FLAGS=  -O2 -c -mcpu=v11.0 -mlittle-endian -mno-xl-reorder -mno-xl-soft-mul -mxl-barrel-shift -mxl-pattern-compare" "EXTRA_COM
TRACE::2025-12-12.07:49:08::SCWMssOS::PILER_FLAGS=-g -ffunction-sections -fdata-sections -Wall -Wextra -fno-tree-loop-distribute-patterns"

TRACE::2025-12-12.07:49:09::SCWMssOS::make -C microblaze_0/libsrc/standalone_v8_0/src -s include  "SHELL=CMD" "COMPILER=mb-gcc" "ASSEMBLER=mb-as" "ARCHIVER=mb-ar" "C
TRACE::2025-12-12.07:49:09::SCWMssOS::OMPILER_FLAGS=  -O2 -c -mcpu=v11.0 -mlittle-endian -mno-xl-reorder -mno-xl-soft-mul -mxl-barrel-shift -mxl-pattern-compare" "EX
TRACE::2025-12-12.07:49:09::SCWMssOS::TRA_COMPILER_FLAGS=-g -ffunction-sections -fdata-sections -Wall -Wextra -fno-tree-loop-distribute-patterns"

TRACE::2025-12-12.07:49:09::SCWMssOS::"Running Make include in microblaze_0/libsrc/tmrctr_v4_9/src"

TRACE::2025-12-12.07:49:09::SCWMssOS::"Running Make include in microblaze_0/libsrc/uartlite_v3_7/src"

TRACE::2025-12-12.07:49:09::SCWMssOS::make -C microblaze_0/libsrc/tmrctr_v4_9/src -s include  "SHELL=CMD" "COMPILER=mb-gcc" "ASSEMBLER=mb-as" "ARCHIVER=mb-ar" "COMPI
TRACE::2025-12-12.07:49:09::SCWMssOS::LER_FLAGS=  -O2 -c -mcpu=v11.0 -mlittle-endian -mno-xl-reorder -mno-xl-soft-mul -mxl-barrel-shift -mxl-pattern-compare" "EXTRA_
TRACE::2025-12-12.07:49:09::SCWMssOS::COMPILER_FLAGS=-g -ffunction-sections -fdata-sections -Wall -Wextra -fno-tree-loop-distribute-patterns"

TRACE::2025-12-12.07:49:09::SCWMssOS::make -C microblaze_0/libsrc/uartlite_v3_7/src -s include  "SHELL=CMD" "COMPILER=mb-gcc" "ASSEMBLER=mb-as" "ARCHIVER=mb-ar" "COM
TRACE::2025-12-12.07:49:09::SCWMssOS::PILER_FLAGS=  -O2 -c -mcpu=v11.0 -mlittle-endian -mno-xl-reorder -mno-xl-soft-mul -mxl-barrel-shift -mxl-pattern-compare" "EXTR
TRACE::2025-12-12.07:49:09::SCWMssOS::A_COMPILER_FLAGS=-g -ffunction-sections -fdata-sections -Wall -Wextra -fno-tree-loop-distribute-patterns"

TRACE::2025-12-12.07:49:10::SCWMssOS::"Running Make libs in microblaze_0/libsrc/bram_v4_8/src"

TRACE::2025-12-12.07:49:10::SCWMssOS::make -C microblaze_0/libsrc/bram_v4_8/src -s libs  "SHELL=CMD" "COMPILER=mb-gcc" "ASSEMBLER=mb-as" "ARCHIVER=mb-ar" "COMPILER_F
TRACE::2025-12-12.07:49:10::SCWMssOS::LAGS=  -O2 -c -mcpu=v11.0 -mlittle-endian -mno-xl-reorder -mno-xl-soft-mul -mxl-barrel-shift -mxl-pattern-compare" "EXTRA_COMPI
TRACE::2025-12-12.07:49:10::SCWMssOS::LER_FLAGS=-g -ffunction-sections -fdata-sections -Wall -Wextra -fno-tree-loop-distribute-patterns"

TRACE::2025-12-12.07:49:10::SCWMssOS::"Running Make libs in microblaze_0/libsrc/cpu_v2_16/src"

TRACE::2025-12-12.07:49:10::SCWMssOS::make -C microblaze_0/libsrc/cpu_v2_16/src -s libs  "SHELL=CMD" "COMPILER=mb-gcc" "ASSEMBLER=mb-as" "ARCHIVER=mb-ar" "COMPILER_F
TRACE::2025-12-12.07:49:10::SCWMssOS::LAGS=  -O2 -c -mcpu=v11.0 -mlittle-endian -mno-xl-reorder -mno-xl-soft-mul -mxl-barrel-shift -mxl-pattern-compare" "EXTRA_COMPI
TRACE::2025-12-12.07:49:10::SCWMssOS::LER_FLAGS=-g -ffunction-sections -fdata-sections -Wall -Wextra -fno-tree-loop-distribute-patterns"

TRACE::2025-12-12.07:49:10::SCWMssOS::"Running Make libs in microblaze_0/libsrc/gpio_v4_9/src"

TRACE::2025-12-12.07:49:10::SCWMssOS::"Running Make libs in microblaze_0/libsrc/intc_v3_15/src"

TRACE::2025-12-12.07:49:10::SCWMssOS::make -C microblaze_0/libsrc/gpio_v4_9/src -s libs  "SHELL=CMD" "COMPILER=mb-gcc" "ASSEMBLER=mb-as" "ARCHIVER=mb-ar" "COMPILER_F
TRACE::2025-12-12.07:49:10::SCWMssOS::LAGS=  -O2 -c -mcpu=v11.0 -mlittle-endian -mno-xl-reorder -mno-xl-soft-mul -mxl-barrel-shift -mxl-pattern-compare" "EXTRA_COMPI
TRACE::2025-12-12.07:49:10::SCWMssOS::LER_FLAGS=-g -ffunction-sections -fdata-sections -Wall -Wextra -fno-tree-loop-distribute-patterns"

TRACE::2025-12-12.07:49:10::SCWMssOS::make -C microblaze_0/libsrc/intc_v3_15/src -s libs  "SHELL=CMD" "COMPILER=mb-gcc" "ASSEMBLER=mb-as" "ARCHIVER=mb-ar" "COMPILER_
TRACE::2025-12-12.07:49:10::SCWMssOS::FLAGS=  -O2 -c -mcpu=v11.0 -mlittle-endian -mno-xl-reorder -mno-xl-soft-mul -mxl-barrel-shift -mxl-pattern-compare" "EXTRA_COMP
TRACE::2025-12-12.07:49:10::SCWMssOS::ILER_FLAGS=-g -ffunction-sections -fdata-sections -Wall -Wextra -fno-tree-loop-distribute-patterns"

TRACE::2025-12-12.07:49:10::SCWMssOS::"Running Make libs in microblaze_0/libsrc/spi_v4_9/src"

TRACE::2025-12-12.07:49:10::SCWMssOS::make -C microblaze_0/libsrc/spi_v4_9/src -s libs  "SHELL=CMD" "COMPILER=mb-gcc" "ASSEMBLER=mb-as" "ARCHIVER=mb-ar" "COMPILER_FL
TRACE::2025-12-12.07:49:10::SCWMssOS::AGS=  -O2 -c -mcpu=v11.0 -mlittle-endian -mno-xl-reorder -mno-xl-soft-mul -mxl-barrel-shift -mxl-pattern-compare" "EXTRA_COMPIL
TRACE::2025-12-12.07:49:10::SCWMssOS::ER_FLAGS=-g -ffunction-sections -fdata-sections -Wall -Wextra -fno-tree-loop-distribute-patterns"

TRACE::2025-12-12.07:49:11::SCWMssOS::"Running Make libs in microblaze_0/libsrc/standalone_v8_0/src"

TRACE::2025-12-12.07:49:11::SCWMssOS::make -C microblaze_0/libsrc/standalone_v8_0/src -s libs  "SHELL=CMD" "COMPILER=mb-gcc" "ASSEMBLER=mb-as" "ARCHIVER=mb-ar" "COMP
TRACE::2025-12-12.07:49:11::SCWMssOS::ILER_FLAGS=  -O2 -c -mcpu=v11.0 -mlittle-endian -mno-xl-reorder -mno-xl-soft-mul -mxl-barrel-shift -mxl-pattern-compare" "EXTRA
TRACE::2025-12-12.07:49:11::SCWMssOS::_COMPILER_FLAGS=-g -ffunction-sections -fdata-sections -Wall -Wextra -fno-tree-loop-distribute-patterns"

TRACE::2025-12-12.07:49:11::SCWMssOS::"Running Make libs in microblaze_0/libsrc/tmrctr_v4_9/src"

TRACE::2025-12-12.07:49:11::SCWMssOS::make -C microblaze_0/libsrc/tmrctr_v4_9/src -s libs  "SHELL=CMD" "COMPILER=mb-gcc" "ASSEMBLER=mb-as" "ARCHIVER=mb-ar" "COMPILER
TRACE::2025-12-12.07:49:11::SCWMssOS::_FLAGS=  -O2 -c -mcpu=v11.0 -mlittle-endian -mno-xl-reorder -mno-xl-soft-mul -mxl-barrel-shift -mxl-pattern-compare" "EXTRA_COM
TRACE::2025-12-12.07:49:11::SCWMssOS::PILER_FLAGS=-g -ffunction-sections -fdata-sections -Wall -Wextra -fno-tree-loop-distribute-patterns"

TRACE::2025-12-12.07:49:12::SCWMssOS::"Running Make libs in microblaze_0/libsrc/uartlite_v3_7/src"

TRACE::2025-12-12.07:49:12::SCWMssOS::make -C microblaze_0/libsrc/uartlite_v3_7/src -s libs  "SHELL=CMD" "COMPILER=mb-gcc" "ASSEMBLER=mb-as" "ARCHIVER=mb-ar" "COMPIL
TRACE::2025-12-12.07:49:12::SCWMssOS::ER_FLAGS=  -O2 -c -mcpu=v11.0 -mlittle-endian -mno-xl-reorder -mno-xl-soft-mul -mxl-barrel-shift -mxl-pattern-compare" "EXTRA_C
TRACE::2025-12-12.07:49:12::SCWMssOS::OMPILER_FLAGS=-g -ffunction-sections -fdata-sections -Wall -Wextra -fno-tree-loop-distribute-patterns"

TRACE::2025-12-12.07:49:15::SCWMssOS::"DEBUG NON_LTO_OBJECTS is ../../../lib/microblaze_interrupt_handler.o"

TRACE::2025-12-12.07:49:15::SCWMssOS::'Finished building libraries parallelly.'

TRACE::2025-12-12.07:49:15::SCWMssOS::make --no-print-directory archive

TRACE::2025-12-12.07:49:15::SCWMssOS::mb-ar -r  microblaze_0/lib/libxil.a microblaze_0/lib/_exit.o microblaze_0/lib/errno.o microblaze_0/lib/fcntl.o microblaze_0/lib
TRACE::2025-12-12.07:49:15::SCWMssOS::/hw_exception_handler.o microblaze_0/lib/inbyte.o microblaze_0/lib/microblaze_disable_dcache.o microblaze_0/lib/microblaze_disa
TRACE::2025-12-12.07:49:15::SCWMssOS::ble_exceptions.o microblaze_0/lib/microblaze_disable_icache.o microblaze_0/lib/microblaze_disable_interrupts.o microblaze_0/lib
TRACE::2025-12-12.07:49:15::SCWMssOS::/microblaze_enable_dcache.o microblaze_0/lib/microblaze_enable_exceptions.o microblaze_0/lib/microblaze_enable_icache.o microbl
TRACE::2025-12-12.07:49:15::SCWMssOS::aze_0/lib/microblaze_enable_interrupts.o microblaze_0/lib/microblaze_exception_handler.o microblaze_0/lib/microblaze_flush_cach
TRACE::2025-12-12.07:49:15::SCWMssOS::e_ext.o microblaze_0/lib/microblaze_flush_cache_ext_range.o microblaze_0/lib/microblaze_flush_dcache.o microblaze_0/lib/microbl
TRACE::2025-12-12.07:49:15::SCWMssOS::aze_flush_dcache_range.o microblaze_0/lib/microblaze_init_dcache_range.o microblaze_0/lib/microblaze_init_icache_range.o microb
TRACE::2025-12-12.07:49:15::SCWMssOS::laze_0/lib/microblaze_interrupt_handler.o microblaze_0/lib/microblaze_interrupts_g.o microblaze_0/lib/microblaze_invalidate_cac
TRACE::2025-12-12.07:49:15::SCWMssOS::he_ext.o microblaze_0/lib/microblaze_invalidate_cache_ext_range.o microblaze_0/lib/microblaze_invalidate_dcache.o microblaze_0/
TRACE::2025-12-12.07:49:15::SCWMssOS::lib/microblaze_invalidate_dcache_range.o microblaze_0/lib/microblaze_invalidate_icache.o microblaze_0/lib/microblaze_invalidate
TRACE::2025-12-12.07:49:15::SCWMssOS::_icache_range.o microblaze_0/lib/microblaze_scrub.o microblaze_0/lib/microblaze_selftest.o microblaze_0/lib/microblaze_sleep.o 
TRACE::2025-12-12.07:49:15::SCWMssOS::microblaze_0/lib/microblaze_update_dcache.o microblaze_0/lib/microblaze_update_icache.o microblaze_0/lib/outbyte.o microblaze_0
TRACE::2025-12-12.07:49:15::SCWMssOS::/lib/print.o microblaze_0/lib/pvr.o microblaze_0/lib/xbram.o microblaze_0/lib/xbram_g.o microblaze_0/lib/xbram_intr.o microblaz
TRACE::2025-12-12.07:49:15::SCWMssOS::e_0/lib/xbram_selftest.o microblaze_0/lib/xbram_sinit.o microblaze_0/lib/xgpio.o microblaze_0/lib/xgpio_extra.o microblaze_0/li
TRACE::2025-12-12.07:49:15::SCWMssOS::b/xgpio_g.o microblaze_0/lib/xgpio_intr.o microblaze_0/lib/xgpio_selftest.o microblaze_0/lib/xgpio_sinit.o microblaze_0/lib/xil
TRACE::2025-12-12.07:49:15::SCWMssOS::_assert.o microblaze_0/lib/xil_cache.o microblaze_0/lib/xil_clocking.o microblaze_0/lib/xil_exception.o microblaze_0/lib/xil_me
TRACE::2025-12-12.07:49:15::SCWMssOS::m.o microblaze_0/lib/xil_misc_psreset_api.o microblaze_0/lib/xil_printf.o microblaze_0/lib/xil_sleepcommon.o microblaze_0/lib/x
TRACE::2025-12-12.07:49:15::SCWMssOS::il_testcache.o microblaze_0/lib/xil_testio.o microblaze_0/lib/xil_testmem.o microblaze_0/lib/xil_util.o microblaze_0/lib/xintc.
TRACE::2025-12-12.07:49:15::SCWMssOS::o microblaze_0/lib/xintc_g.o microblaze_0/lib/xintc_intr.o microblaze_0/lib/xintc_l.o microblaze_0/lib/xintc_options.o microbla
TRACE::2025-12-12.07:49:15::SCWMssOS::ze_0/lib/xintc_selftest.o microblaze_0/lib/xinterrupt_wrap.o microblaze_0/lib/xio.o microblaze_0/lib/xplatform_info.o microblaz
TRACE::2025-12-12.07:49:15::SCWMssOS::e_0/lib/xspi.o microblaze_0/lib/xspi_g.o microblaze_0/lib/xspi_options.o microblaze_0/lib/xspi_selftest.o microblaze_0/lib/xspi
TRACE::2025-12-12.07:49:15::SCWMssOS::_sinit.o microblaze_0/lib/xspi_stats.o microblaze_0/lib/xtmrctr.o microblaze_0/lib/xtmrctr_g.o microblaze_0/lib/xtmrctr_intr.o 
TRACE::2025-12-12.07:49:15::SCWMssOS::microblaze_0/lib/xtmrctr_l.o microblaze_0/lib/xtmrctr_options.o microblaze_0/lib/xtmrctr_selftest.o microblaze_0/lib/xtmrctr_si
TRACE::2025-12-12.07:49:15::SCWMssOS::nit.o microblaze_0/lib/xtmrctr_stats.o microblaze_0/lib/xuartlite.o microblaze_0/lib/xuartlite_g.o microblaze_0/lib/xuartlite_i
TRACE::2025-12-12.07:49:15::SCWMssOS::ntr.o microblaze_0/lib/xuartlite_l.o microblaze_0/lib/xuartlite_selftest.o microblaze_0/lib/xuartlite_sinit.o microblaze_0/lib/
TRACE::2025-12-12.07:49:15::SCWMssOS::xuartlite_stats.o

TRACE::2025-12-12.07:49:15::SCWMssOS::'Finished building libraries'

TRACE::2025-12-12.07:49:15::SCWMssOS:: Checking if to create the Supporting Applications
TRACE::2025-12-12.07:49:15::SCWMssOS:: No Linux domain exists, trying to generate FSBL 
LOG::2025-12-12.07:49:15::SCWSystem::Completed Processing the domain standalone_microblaze_0
LOG::2025-12-12.07:49:15::SCWSystem::Completed Processing the sysconfig tracker_top
LOG::2025-12-12.07:49:15::SCWPlatform::Completed generating the artifacts for system configuration tracker_top
TRACE::2025-12-12.07:49:15::SCWPlatform::Started preparing the platform 
TRACE::2025-12-12.07:49:15::SCWSystem::Writing the bif file for system config tracker_top
TRACE::2025-12-12.07:49:15::SCWSystem::dir created 
TRACE::2025-12-12.07:49:15::SCWSystem::Writing the bif 
TRACE::2025-12-12.07:49:15::SCWPlatform::Started writing the spfm file 
TRACE::2025-12-12.07:49:15::SCWPlatform::Started writing the xpfm file 
TRACE::2025-12-12.07:49:15::SCWPlatform::Completed generating the platform
TRACE::2025-12-12.07:49:15::SCWMssOS::Saving the mss changes D:/viv/SpartanTracker/lab7_2/sdk/tracker_top/microblaze_0/standalone_microblaze_0/bsp/system.mss
TRACE::2025-12-12.07:49:15::SCWMssOS::Adding the swdes entry, mss present, able to open swdb D:/viv/SpartanTracker/lab7_2/sdk/tracker_top/microblaze_0/standalone_microblaze_0/bsp/system.mss with des name system
TRACE::2025-12-12.07:49:15::SCWMssOS::Writing the mss file completed D:/viv/SpartanTracker/lab7_2/sdk/tracker_top/microblaze_0/standalone_microblaze_0/bsp/system.mss
TRACE::2025-12-12.07:49:15::SCWMssOS::Commit changes completed.
TRACE::2025-12-12.07:49:15::SCWPlatform::Trying to open the hw design at D:/viv/SpartanTracker/lab7_2/sdk/tracker_top/hw/tracker_top.xsa
TRACE::2025-12-12.07:49:15::SCWPlatform::DSA given D:/viv/SpartanTracker/lab7_2/sdk/tracker_top/hw/tracker_top.xsa
TRACE::2025-12-12.07:49:15::SCWPlatform::DSA absoulate path D:/viv/SpartanTracker/lab7_2/sdk/tracker_top/hw/tracker_top.xsa
TRACE::2025-12-12.07:49:15::SCWPlatform::DSA directory D:/viv/SpartanTracker/lab7_2/sdk/tracker_top/hw
TRACE::2025-12-12.07:49:15::SCWPlatform:: Platform Path D:/viv/SpartanTracker/lab7_2/sdk/tracker_top/hw/tracker_top.xsa
TRACE::2025-12-12.07:49:15::SCWPlatform:: Unique name xilinx:::0.0
TRACE::2025-12-12.07:49:15::SCWPlatform::Trying to set the existing hwdb with name tracker_top_12
TRACE::2025-12-12.07:49:15::SCWPlatform::Opened existing hwdb tracker_top_12
TRACE::2025-12-12.07:49:15::SCWPlatform::Found the Hw Db part of the input DSA
TRACE::2025-12-12.07:49:15::SCWMssOS::Checking the sw design at  D:/viv/SpartanTracker/lab7_2/sdk/tracker_top/microblaze_0/standalone_microblaze_0/bsp/system.mss
TRACE::2025-12-12.07:49:15::SCWMssOS::DEBUG:  swdes dump  D:/viv/SpartanTracker/lab7_2/sdk/tracker_top/microblaze_0/standalone_microblaze_0/bsp/system.mss|system||

TRACE::2025-12-12.07:49:15::SCWMssOS::Sw design exists and opened at  D:/viv/SpartanTracker/lab7_2/sdk/tracker_top/microblaze_0/standalone_microblaze_0/bsp/system.mss
TRACE::2025-12-12.07:49:15::SCWWriter::formatted JSON is {
	"platformName":	"tracker_top",
	"sprVersion":	"2.0",
	"mode":	"gui",
	"dsaType":	"Fixed",
	"platformDesc":	"tracker_top",
	"platHandOff":	"D:/viv/SpartanTracker/lab7_2/tracker_top.xsa",
	"platIntHandOff":	"<platformDir>/hw/tracker_top.xsa",
	"deviceType":	"FPGA",
	"platIsPrebuiltAutogen":	"false",
	"platIsNoBootBsp":	"false",
	"hasFsblMakeHasChanges":	"false",
	"hasPmufwMakeHasChanges":	"false",
	"platPreBuiltFlag":	false,
	"platformSamplesDir":	"",
	"platActiveSys":	"tracker_top",
	"systems":	[{
			"systemName":	"tracker_top",
			"systemDesc":	"tracker_top",
			"sysIsBootAutoGen":	"true",
			"systemDispName":	"tracker_top",
			"sysActiveDom":	"standalone_microblaze_0",
			"sysDefaultDom":	"standalone_microblaze_0",
			"domains":	[{
					"domainName":	"standalone_microblaze_0",
					"domainDispName":	"standalone_microblaze_0",
					"domainDesc":	"standalone_microblaze_0",
					"processors":	"microblaze_0",
					"os":	"standalone",
					"sdxOs":	"standalone",
					"debugEnable":	"False",
					"domRuntimes":	["cpp"],
					"swRepo":	"",
					"mssOsVer":	"8.0",
					"mssFile":	"",
					"md5Digest":	"948367085d8c8b0e65ac10674ef4e094",
					"compatibleApp":	"",
					"domType":	"mssDomain",
					"arch":	"32-bit",
					"appSettings":	{
						"appCompilerFlags":	"",
						"appLinkerFlags":	""
					},
					"addedLibs":	[],
					"libOptions":	{
						"libsContainingOptions":	[]
					},
					"prebuiltLibs":	{
						"prebuiltIncPath":	[],
						"prebuiltLibPath":	[]
					},
					"isolation":	{
					}
				}]
		}]
}
KEYINFO::2025-12-12.07:49:15::SCWPlatform::updated the xpfm file.
TRACE::2025-12-12.07:49:16::SCWPlatform::Trying to open the hw design at D:/viv/SpartanTracker/lab7_2/sdk/tracker_top/hw/tracker_top.xsa
TRACE::2025-12-12.07:49:16::SCWPlatform::DSA given D:/viv/SpartanTracker/lab7_2/sdk/tracker_top/hw/tracker_top.xsa
TRACE::2025-12-12.07:49:16::SCWPlatform::DSA absoulate path D:/viv/SpartanTracker/lab7_2/sdk/tracker_top/hw/tracker_top.xsa
TRACE::2025-12-12.07:49:16::SCWPlatform::DSA directory D:/viv/SpartanTracker/lab7_2/sdk/tracker_top/hw
TRACE::2025-12-12.07:49:16::SCWPlatform:: Platform Path D:/viv/SpartanTracker/lab7_2/sdk/tracker_top/hw/tracker_top.xsa
TRACE::2025-12-12.07:49:16::SCWPlatform:: Unique name xilinx:::0.0
TRACE::2025-12-12.07:49:16::SCWPlatform::Trying to set the existing hwdb with name tracker_top_12
TRACE::2025-12-12.07:49:16::SCWPlatform::Opened existing hwdb tracker_top_12
TRACE::2025-12-12.07:49:16::SCWPlatform::Found the Hw Db part of the input DSA
TRACE::2025-12-12.07:49:16::SCWMssOS::Checking the sw design at  D:/viv/SpartanTracker/lab7_2/sdk/tracker_top/microblaze_0/standalone_microblaze_0/bsp/system.mss
TRACE::2025-12-12.07:49:16::SCWMssOS::DEBUG:  swdes dump  D:/viv/SpartanTracker/lab7_2/sdk/tracker_top/microblaze_0/standalone_microblaze_0/bsp/system.mss|system||

TRACE::2025-12-12.07:49:16::SCWMssOS::Sw design exists and opened at  D:/viv/SpartanTracker/lab7_2/sdk/tracker_top/microblaze_0/standalone_microblaze_0/bsp/system.mss
TRACE::2025-12-12.07:57:10::SCWPlatform::Clearing the existing platform
TRACE::2025-12-12.07:57:10::SCWSystem::Clearing the existing sysconfig
TRACE::2025-12-12.07:57:10::SCWMssOS::Removing the swdes entry for  D:/viv/SpartanTracker/lab7_2/sdk/tracker_top/microblaze_0/standalone_microblaze_0/bsp/system.mss
TRACE::2025-12-12.07:57:10::SCWSystem::Clearing the domains completed.
TRACE::2025-12-12.07:57:10::SCWPlatform::Clearing the opened hw db.
TRACE::2025-12-12.07:57:10::SCWPlatform::DSA given D:/viv/SpartanTracker/lab7_2/sdk/tracker_top/hw/tracker_top.xsa
TRACE::2025-12-12.07:57:10::SCWPlatform::DSA absoulate path D:/viv/SpartanTracker/lab7_2/sdk/tracker_top/hw/tracker_top.xsa
TRACE::2025-12-12.07:57:10::SCWPlatform:: Platform location is D:/viv/SpartanTracker/lab7_2/sdk/tracker_top/hw
TRACE::2025-12-12.07:57:10::SCWPlatform:: Platform Path D:/viv/SpartanTracker/lab7_2/sdk/tracker_top/hw/tracker_top.xsa
TRACE::2025-12-12.07:57:10::SCWPlatform:: Unique name xilinx:::0.0
TRACE::2025-12-12.07:57:10::SCWPlatform::Removing the HwDB with name D:/viv/SpartanTracker/lab7_2/sdk/tracker_top/hw/tracker_top.xsa
TRACE::2025-12-12.07:57:10::SCWPlatform::Trying to open the hw design at D:/viv/SpartanTracker/lab7_2/sdk/tracker_top/hw/tracker_top.xsa
TRACE::2025-12-12.07:57:10::SCWPlatform::DSA given D:/viv/SpartanTracker/lab7_2/sdk/tracker_top/hw/tracker_top.xsa
TRACE::2025-12-12.07:57:10::SCWPlatform::DSA absoulate path D:/viv/SpartanTracker/lab7_2/sdk/tracker_top/hw/tracker_top.xsa
TRACE::2025-12-12.07:57:10::SCWPlatform::DSA directory D:/viv/SpartanTracker/lab7_2/sdk/tracker_top/hw
TRACE::2025-12-12.07:57:10::SCWPlatform:: Platform Path D:/viv/SpartanTracker/lab7_2/sdk/tracker_top/hw/tracker_top.xsa
TRACE::2025-12-12.07:57:10::SCWPlatform:: Unique name xilinx:::0.0
TRACE::2025-12-12.07:57:10::SCWPlatform::Do not have an existing db opened. 
TRACE::2025-12-12.07:57:10::SCWPlatform::Opened new HwDB with name tracker_top_14
TRACE::2025-12-12.07:57:10::SCWReader::Active system found as  tracker_top
TRACE::2025-12-12.07:57:10::SCWReader::Handling sysconfig tracker_top
TRACE::2025-12-12.07:57:10::SCWDomain::checking for install qemu data   : 
TRACE::2025-12-12.07:57:10::SCWPlatform::Trying to open the hw design at D:/viv/SpartanTracker/lab7_2/sdk/tracker_top/hw/tracker_top.xsa
TRACE::2025-12-12.07:57:10::SCWPlatform::DSA given D:/viv/SpartanTracker/lab7_2/sdk/tracker_top/hw/tracker_top.xsa
TRACE::2025-12-12.07:57:10::SCWPlatform::DSA absoulate path D:/viv/SpartanTracker/lab7_2/sdk/tracker_top/hw/tracker_top.xsa
TRACE::2025-12-12.07:57:10::SCWPlatform::DSA directory D:/viv/SpartanTracker/lab7_2/sdk/tracker_top/hw
TRACE::2025-12-12.07:57:10::SCWPlatform:: Platform Path D:/viv/SpartanTracker/lab7_2/sdk/tracker_top/hw/tracker_top.xsa
TRACE::2025-12-12.07:57:10::SCWPlatform:: Unique name xilinx:::0.0
TRACE::2025-12-12.07:57:10::SCWPlatform::Trying to set the existing hwdb with name tracker_top_14
TRACE::2025-12-12.07:57:10::SCWPlatform::Opened existing hwdb tracker_top_14
TRACE::2025-12-12.07:57:10::SCWPlatform::Found the Hw Db part of the input DSA
TRACE::2025-12-12.07:57:10::SCWPlatform::Trying to open the hw design at D:/viv/SpartanTracker/lab7_2/sdk/tracker_top/hw/tracker_top.xsa
TRACE::2025-12-12.07:57:10::SCWPlatform::DSA given D:/viv/SpartanTracker/lab7_2/sdk/tracker_top/hw/tracker_top.xsa
TRACE::2025-12-12.07:57:10::SCWPlatform::DSA absoulate path D:/viv/SpartanTracker/lab7_2/sdk/tracker_top/hw/tracker_top.xsa
TRACE::2025-12-12.07:57:10::SCWPlatform::DSA directory D:/viv/SpartanTracker/lab7_2/sdk/tracker_top/hw
TRACE::2025-12-12.07:57:10::SCWPlatform:: Platform Path D:/viv/SpartanTracker/lab7_2/sdk/tracker_top/hw/tracker_top.xsa
TRACE::2025-12-12.07:57:10::SCWPlatform:: Unique name xilinx:::0.0
TRACE::2025-12-12.07:57:10::SCWPlatform::Trying to set the existing hwdb with name tracker_top_14
TRACE::2025-12-12.07:57:10::SCWPlatform::Opened existing hwdb tracker_top_14
TRACE::2025-12-12.07:57:10::SCWPlatform::Found the Hw Db part of the input DSA
TRACE::2025-12-12.07:57:10::SCWPlatform::Trying to open the hw design at D:/viv/SpartanTracker/lab7_2/sdk/tracker_top/hw/tracker_top.xsa
TRACE::2025-12-12.07:57:10::SCWPlatform::DSA given D:/viv/SpartanTracker/lab7_2/sdk/tracker_top/hw/tracker_top.xsa
TRACE::2025-12-12.07:57:10::SCWPlatform::DSA absoulate path D:/viv/SpartanTracker/lab7_2/sdk/tracker_top/hw/tracker_top.xsa
TRACE::2025-12-12.07:57:10::SCWPlatform::DSA directory D:/viv/SpartanTracker/lab7_2/sdk/tracker_top/hw
TRACE::2025-12-12.07:57:10::SCWPlatform:: Platform Path D:/viv/SpartanTracker/lab7_2/sdk/tracker_top/hw/tracker_top.xsa
TRACE::2025-12-12.07:57:10::SCWPlatform:: Unique name xilinx:::0.0
TRACE::2025-12-12.07:57:10::SCWPlatform::Trying to set the existing hwdb with name tracker_top_14
TRACE::2025-12-12.07:57:10::SCWPlatform::Opened existing hwdb tracker_top_14
TRACE::2025-12-12.07:57:10::SCWPlatform::Found the Hw Db part of the input DSA
TRACE::2025-12-12.07:57:10::SCWPlatform::Trying to open the hw design at D:/viv/SpartanTracker/lab7_2/sdk/tracker_top/hw/tracker_top.xsa
TRACE::2025-12-12.07:57:10::SCWPlatform::DSA given D:/viv/SpartanTracker/lab7_2/sdk/tracker_top/hw/tracker_top.xsa
TRACE::2025-12-12.07:57:10::SCWPlatform::DSA absoulate path D:/viv/SpartanTracker/lab7_2/sdk/tracker_top/hw/tracker_top.xsa
TRACE::2025-12-12.07:57:10::SCWPlatform::DSA directory D:/viv/SpartanTracker/lab7_2/sdk/tracker_top/hw
TRACE::2025-12-12.07:57:10::SCWPlatform:: Platform Path D:/viv/SpartanTracker/lab7_2/sdk/tracker_top/hw/tracker_top.xsa
TRACE::2025-12-12.07:57:10::SCWPlatform:: Unique name xilinx:::0.0
TRACE::2025-12-12.07:57:10::SCWPlatform::Trying to set the existing hwdb with name tracker_top_14
TRACE::2025-12-12.07:57:10::SCWPlatform::Opened existing hwdb tracker_top_14
TRACE::2025-12-12.07:57:10::SCWPlatform::Found the Hw Db part of the input DSA
TRACE::2025-12-12.07:57:10::SCWMssOS::Checking the sw design at  D:/viv/SpartanTracker/lab7_2/sdk/tracker_top/microblaze_0/standalone_microblaze_0/bsp/system.mss
TRACE::2025-12-12.07:57:10::SCWMssOS::DEBUG:  swdes dump  
TRACE::2025-12-12.07:57:10::SCWMssOS::No sw design opened at  D:/viv/SpartanTracker/lab7_2/sdk/tracker_top/microblaze_0/standalone_microblaze_0/bsp/system.mss
TRACE::2025-12-12.07:57:10::SCWMssOS::mss exists loading the mss file  D:/viv/SpartanTracker/lab7_2/sdk/tracker_top/microblaze_0/standalone_microblaze_0/bsp/system.mss
TRACE::2025-12-12.07:57:10::SCWMssOS::Opened the sw design from mss  D:/viv/SpartanTracker/lab7_2/sdk/tracker_top/microblaze_0/standalone_microblaze_0/bsp/system.mss
TRACE::2025-12-12.07:57:10::SCWMssOS::Adding the swdes entry D:/viv/SpartanTracker/lab7_2/sdk/tracker_top/microblaze_0/standalone_microblaze_0/bsp/system.mss with des name system
TRACE::2025-12-12.07:57:10::SCWMssOS::updating the scw layer about changes
TRACE::2025-12-12.07:57:10::SCWMssOS::Opened the sw design.  D:/viv/SpartanTracker/lab7_2/sdk/tracker_top/microblaze_0/standalone_microblaze_0/bsp/system.mss
TRACE::2025-12-12.07:57:10::SCWMssOS::Saving the mss changes D:/viv/SpartanTracker/lab7_2/sdk/tracker_top/microblaze_0/standalone_microblaze_0/bsp/system.mss
TRACE::2025-12-12.07:57:10::SCWMssOS::Found a swdesign opened with the mssfile.
TRACE::2025-12-12.07:57:10::SCWMssOS::Completed writemss as part of save.
TRACE::2025-12-12.07:57:10::SCWMssOS::Commit changes completed.
TRACE::2025-12-12.07:57:10::SCWReader::Adding prebuilt librarypaths as   
TRACE::2025-12-12.07:57:10::SCWReader::Adding prebuilt incpaths  as   
TRACE::2025-12-12.07:57:10::SCWPlatform::Trying to open the hw design at D:/viv/SpartanTracker/lab7_2/sdk/tracker_top/hw/tracker_top.xsa
TRACE::2025-12-12.07:57:10::SCWPlatform::DSA given D:/viv/SpartanTracker/lab7_2/sdk/tracker_top/hw/tracker_top.xsa
TRACE::2025-12-12.07:57:10::SCWPlatform::DSA absoulate path D:/viv/SpartanTracker/lab7_2/sdk/tracker_top/hw/tracker_top.xsa
TRACE::2025-12-12.07:57:10::SCWPlatform::DSA directory D:/viv/SpartanTracker/lab7_2/sdk/tracker_top/hw
TRACE::2025-12-12.07:57:10::SCWPlatform:: Platform Path D:/viv/SpartanTracker/lab7_2/sdk/tracker_top/hw/tracker_top.xsa
TRACE::2025-12-12.07:57:10::SCWPlatform:: Unique name xilinx:::0.0
TRACE::2025-12-12.07:57:10::SCWPlatform::Trying to set the existing hwdb with name tracker_top_14
TRACE::2025-12-12.07:57:10::SCWPlatform::Opened existing hwdb tracker_top_14
TRACE::2025-12-12.07:57:10::SCWPlatform::Found the Hw Db part of the input DSA
TRACE::2025-12-12.07:57:10::SCWMssOS::Checking the sw design at  D:/viv/SpartanTracker/lab7_2/sdk/tracker_top/microblaze_0/standalone_microblaze_0/bsp/system.mss
TRACE::2025-12-12.07:57:10::SCWMssOS::DEBUG:  swdes dump  D:/viv/SpartanTracker/lab7_2/sdk/tracker_top/microblaze_0/standalone_microblaze_0/bsp/system.mss|system||

TRACE::2025-12-12.07:57:10::SCWMssOS::Sw design exists and opened at  D:/viv/SpartanTracker/lab7_2/sdk/tracker_top/microblaze_0/standalone_microblaze_0/bsp/system.mss
TRACE::2025-12-12.07:57:10::SCWReader::No isolation master present  
TRACE::2025-12-12.07:57:12::SCWPlatform::DSA given D:/viv/SpartanTracker/lab7_2/sdk/tracker_top/tempdsa/tracker_top.xsa
TRACE::2025-12-12.07:57:12::SCWPlatform::DSA absoulate path D:/viv/SpartanTracker/lab7_2/sdk/tracker_top/tempdsa/tracker_top.xsa
TRACE::2025-12-12.07:57:12::SCWPlatform:: Platform location is D:/viv/SpartanTracker/lab7_2/sdk/tracker_top/tempdsa
TRACE::2025-12-12.07:57:12::SCWPlatform:: Platform Path D:/viv/SpartanTracker/lab7_2/sdk/tracker_top/tempdsa/tracker_top.xsa
TRACE::2025-12-12.07:57:12::SCWPlatform:: Unique name xilinx:::0.0
TRACE::2025-12-12.07:57:12::SCWPlatform::Found the Hw Db part of the input DSA
TRACE::2025-12-12.07:57:12::SCWMssOS::Doing hw sync for the mss in domain: standalone_microblaze_0
TRACE::2025-12-12.07:57:12::SCWPlatform::Trying to open the hw design at D:/viv/SpartanTracker/lab7_2/sdk/tracker_top/hw/tracker_top.xsa
TRACE::2025-12-12.07:57:12::SCWPlatform::DSA given D:/viv/SpartanTracker/lab7_2/sdk/tracker_top/hw/tracker_top.xsa
TRACE::2025-12-12.07:57:12::SCWPlatform::DSA absoulate path D:/viv/SpartanTracker/lab7_2/sdk/tracker_top/hw/tracker_top.xsa
TRACE::2025-12-12.07:57:12::SCWPlatform::DSA directory D:/viv/SpartanTracker/lab7_2/sdk/tracker_top/hw
TRACE::2025-12-12.07:57:12::SCWPlatform:: Platform Path D:/viv/SpartanTracker/lab7_2/sdk/tracker_top/hw/tracker_top.xsa
TRACE::2025-12-12.07:57:12::SCWPlatform:: Unique name xilinx:::0.0
TRACE::2025-12-12.07:57:12::SCWPlatform::Trying to set the existing hwdb with name tracker_top_14
TRACE::2025-12-12.07:57:12::SCWPlatform::Opened existing hwdb tracker_top_14
TRACE::2025-12-12.07:57:12::SCWPlatform::Found the Hw Db part of the input DSA
TRACE::2025-12-12.07:57:12::SCWPlatform::Trying to open the hw design at D:/viv/SpartanTracker/lab7_2/sdk/tracker_top/hw/tracker_top.xsa
TRACE::2025-12-12.07:57:12::SCWPlatform::DSA given D:/viv/SpartanTracker/lab7_2/sdk/tracker_top/hw/tracker_top.xsa
TRACE::2025-12-12.07:57:12::SCWPlatform::DSA absoulate path D:/viv/SpartanTracker/lab7_2/sdk/tracker_top/hw/tracker_top.xsa
TRACE::2025-12-12.07:57:12::SCWPlatform::DSA directory D:/viv/SpartanTracker/lab7_2/sdk/tracker_top/hw
TRACE::2025-12-12.07:57:12::SCWPlatform:: Platform Path D:/viv/SpartanTracker/lab7_2/sdk/tracker_top/hw/tracker_top.xsa
TRACE::2025-12-12.07:57:12::SCWPlatform:: Unique name xilinx:::0.0
TRACE::2025-12-12.07:57:12::SCWPlatform::Trying to set the existing hwdb with name tracker_top_14
TRACE::2025-12-12.07:57:12::SCWPlatform::Opened existing hwdb tracker_top_14
TRACE::2025-12-12.07:57:12::SCWPlatform::Found the Hw Db part of the input DSA
TRACE::2025-12-12.07:57:12::SCWMssOS::Checking the sw design at  D:/viv/SpartanTracker/lab7_2/sdk/tracker_top/microblaze_0/standalone_microblaze_0/bsp/system.mss
TRACE::2025-12-12.07:57:12::SCWMssOS::DEBUG:  swdes dump  D:/viv/SpartanTracker/lab7_2/sdk/tracker_top/microblaze_0/standalone_microblaze_0/bsp/system.mss|system||

TRACE::2025-12-12.07:57:12::SCWMssOS::Sw design exists and opened at  D:/viv/SpartanTracker/lab7_2/sdk/tracker_top/microblaze_0/standalone_microblaze_0/bsp/system.mss
TRACE::2025-12-12.07:57:12::SCWPlatform::Trying to open the hw design at D:/viv/SpartanTracker/lab7_2/sdk/tracker_top/tempdsa/tracker_top.xsa
TRACE::2025-12-12.07:57:12::SCWPlatform::DSA given D:/viv/SpartanTracker/lab7_2/sdk/tracker_top/tempdsa/tracker_top.xsa
TRACE::2025-12-12.07:57:12::SCWPlatform::DSA absoulate path D:/viv/SpartanTracker/lab7_2/sdk/tracker_top/tempdsa/tracker_top.xsa
TRACE::2025-12-12.07:57:12::SCWPlatform::DSA directory D:/viv/SpartanTracker/lab7_2/sdk/tracker_top/tempdsa
TRACE::2025-12-12.07:57:12::SCWPlatform:: Platform Path D:/viv/SpartanTracker/lab7_2/sdk/tracker_top/tempdsa/tracker_top.xsa
TRACE::2025-12-12.07:57:12::SCWPlatform:: Unique name xilinx:::0.0
TRACE::2025-12-12.07:57:12::SCWPlatform::update - Opened existing hwdb tracker_top_15
TRACE::2025-12-12.07:57:12::SCWPlatform::Found the Hw Db part of the input DSA
TRACE::2025-12-12.07:57:12::SCWMssOS::Saving the mss changes D:/viv/SpartanTracker/lab7_2/sdk/tracker_top/microblaze_0/standalone_microblaze_0/bsp/system.mss
TRACE::2025-12-12.07:57:12::SCWMssOS::Found a swdesign opened with the mssfile.
TRACE::2025-12-12.07:57:12::SCWMssOS::Completed writemss as part of save.
TRACE::2025-12-12.07:57:12::SCWMssOS::Commit changes completed.
TRACE::2025-12-12.07:57:12::SCWMssOS::Completed hw sync for the mss in domain: standalone_microblaze_0
TRACE::2025-12-12.07:57:12::SCWMssOS::Removing the swdes entry for  D:/viv/SpartanTracker/lab7_2/sdk/tracker_top/microblaze_0/standalone_microblaze_0/bsp/system.mss
TRACE::2025-12-12.07:57:12::SCWPlatform::Trying to open the hw design at D:/viv/SpartanTracker/lab7_2/sdk/tracker_top/hw/tracker_top.xsa
TRACE::2025-12-12.07:57:12::SCWPlatform::DSA given D:/viv/SpartanTracker/lab7_2/sdk/tracker_top/hw/tracker_top.xsa
TRACE::2025-12-12.07:57:12::SCWPlatform::DSA absoulate path D:/viv/SpartanTracker/lab7_2/sdk/tracker_top/hw/tracker_top.xsa
TRACE::2025-12-12.07:57:12::SCWPlatform::DSA directory D:/viv/SpartanTracker/lab7_2/sdk/tracker_top/hw
TRACE::2025-12-12.07:57:12::SCWPlatform:: Platform Path D:/viv/SpartanTracker/lab7_2/sdk/tracker_top/hw/tracker_top.xsa
TRACE::2025-12-12.07:57:12::SCWPlatform:: Unique name xilinx:::0.0
TRACE::2025-12-12.07:57:12::SCWPlatform::Do not have an existing db opened. 
TRACE::2025-12-12.07:57:12::SCWPlatform::Opened new HwDB with name tracker_top_16
TRACE::2025-12-12.07:57:12::SCWMssOS::Saving the mss changes D:/viv/SpartanTracker/lab7_2/sdk/tracker_top/microblaze_0/standalone_microblaze_0/bsp/system.mss
TRACE::2025-12-12.07:57:12::SCWMssOS::Adding the swdes entry, mss present, able to open swdb D:/viv/SpartanTracker/lab7_2/sdk/tracker_top/microblaze_0/standalone_microblaze_0/bsp/system.mss with des name system
TRACE::2025-12-12.07:57:12::SCWMssOS::Writing the mss file completed D:/viv/SpartanTracker/lab7_2/sdk/tracker_top/microblaze_0/standalone_microblaze_0/bsp/system.mss
TRACE::2025-12-12.07:57:12::SCWMssOS::Commit changes completed.
TRACE::2025-12-12.07:57:12::SCWPlatform::Trying to open the hw design at D:/viv/SpartanTracker/lab7_2/sdk/tracker_top/hw/tracker_top.xsa
TRACE::2025-12-12.07:57:12::SCWPlatform::DSA given D:/viv/SpartanTracker/lab7_2/sdk/tracker_top/hw/tracker_top.xsa
TRACE::2025-12-12.07:57:12::SCWPlatform::DSA absoulate path D:/viv/SpartanTracker/lab7_2/sdk/tracker_top/hw/tracker_top.xsa
TRACE::2025-12-12.07:57:12::SCWPlatform::DSA directory D:/viv/SpartanTracker/lab7_2/sdk/tracker_top/hw
TRACE::2025-12-12.07:57:12::SCWPlatform:: Platform Path D:/viv/SpartanTracker/lab7_2/sdk/tracker_top/hw/tracker_top.xsa
TRACE::2025-12-12.07:57:12::SCWPlatform:: Unique name xilinx:::0.0
TRACE::2025-12-12.07:57:12::SCWPlatform::Trying to set the existing hwdb with name tracker_top_16
TRACE::2025-12-12.07:57:12::SCWPlatform::Opened existing hwdb tracker_top_16
TRACE::2025-12-12.07:57:12::SCWPlatform::Found the Hw Db part of the input DSA
TRACE::2025-12-12.07:57:12::SCWMssOS::Checking the sw design at  D:/viv/SpartanTracker/lab7_2/sdk/tracker_top/microblaze_0/standalone_microblaze_0/bsp/system.mss
TRACE::2025-12-12.07:57:12::SCWMssOS::DEBUG:  swdes dump  D:/viv/SpartanTracker/lab7_2/sdk/tracker_top/microblaze_0/standalone_microblaze_0/bsp/system.mss|system||

TRACE::2025-12-12.07:57:12::SCWMssOS::Sw design exists and opened at  D:/viv/SpartanTracker/lab7_2/sdk/tracker_top/microblaze_0/standalone_microblaze_0/bsp/system.mss
TRACE::2025-12-12.07:57:12::SCWWriter::formatted JSON is {
	"platformName":	"tracker_top",
	"sprVersion":	"2.0",
	"mode":	"gui",
	"dsaType":	"Fixed",
	"platformDesc":	"tracker_top",
	"platHandOff":	"D:/viv/SpartanTracker/lab7_2/tracker_top.xsa",
	"platIntHandOff":	"<platformDir>/hw/tracker_top.xsa",
	"deviceType":	"FPGA",
	"platIsPrebuiltAutogen":	"false",
	"platIsNoBootBsp":	"false",
	"hasFsblMakeHasChanges":	"false",
	"hasPmufwMakeHasChanges":	"false",
	"platPreBuiltFlag":	false,
	"platformSamplesDir":	"",
	"platActiveSys":	"tracker_top",
	"systems":	[{
			"systemName":	"tracker_top",
			"systemDesc":	"tracker_top",
			"sysIsBootAutoGen":	"true",
			"systemDispName":	"tracker_top",
			"sysActiveDom":	"standalone_microblaze_0",
			"sysDefaultDom":	"standalone_microblaze_0",
			"domains":	[{
					"domainName":	"standalone_microblaze_0",
					"domainDispName":	"standalone_microblaze_0",
					"domainDesc":	"standalone_microblaze_0",
					"processors":	"microblaze_0",
					"os":	"standalone",
					"sdxOs":	"standalone",
					"debugEnable":	"False",
					"domRuntimes":	["cpp"],
					"swRepo":	"",
					"mssOsVer":	"8.0",
					"mssFile":	"",
					"md5Digest":	"948367085d8c8b0e65ac10674ef4e0941",
					"compatibleApp":	"",
					"domType":	"mssDomain",
					"arch":	"32-bit",
					"appSettings":	{
						"appCompilerFlags":	"",
						"appLinkerFlags":	""
					},
					"addedLibs":	[],
					"libOptions":	{
						"libsContainingOptions":	[]
					},
					"prebuiltLibs":	{
						"prebuiltIncPath":	[],
						"prebuiltLibPath":	[]
					},
					"isolation":	{
					}
				}]
		}]
}
TRACE::2025-12-12.07:57:20::SCWMssOS::cleaning the bsp 
TRACE::2025-12-12.07:57:20::SCWMssOS::System Command Ran  D: & cd  D:/viv/SpartanTracker/lab7_2/sdk/tracker_top/microblaze_0/standalone_microblaze_0/bsp & make clean 
TRACE::2025-12-12.07:57:20::SCWMssOS::make -C microblaze_0/libsrc/bram_v4_8/src -s clean 

TRACE::2025-12-12.07:57:20::SCWMssOS::make -C microblaze_0/libsrc/cpu_v2_16/src -s clean 

TRACE::2025-12-12.07:57:20::SCWMssOS::make -C microblaze_0/libsrc/gpio_v4_9/src -s clean 

TRACE::2025-12-12.07:57:20::SCWMssOS::make -C microblaze_0/libsrc/intc_v3_15/src -s clean 

TRACE::2025-12-12.07:57:20::SCWMssOS::make -C microblaze_0/libsrc/spi_v4_9/src -s clean 

TRACE::2025-12-12.07:57:20::SCWMssOS::make -C microblaze_0/libsrc/standalone_v8_0/src -s clean 

TRACE::2025-12-12.07:57:20::SCWMssOS::make -C microblaze_0/libsrc/tmrctr_v4_9/src -s clean 

TRACE::2025-12-12.07:57:20::SCWMssOS::make -C microblaze_0/libsrc/uartlite_v3_7/src -s clean 

TRACE::2025-12-12.07:57:20::SCWMssOS::rm -f microblaze_0/lib/libxil.a

LOG::2025-12-12.07:57:27::SCWPlatform::Started generating the artifacts platform tracker_top
TRACE::2025-12-12.07:57:27::SCWPlatform::Sanity checking of platform is completed
LOG::2025-12-12.07:57:27::SCWPlatform::Started generating the artifacts for system configuration tracker_top
LOG::2025-12-12.07:57:27::SCWSystem::Checking the domain standalone_microblaze_0
LOG::2025-12-12.07:57:27::SCWSystem::Not a boot domain 
LOG::2025-12-12.07:57:27::SCWSystem::Started Processing the domain standalone_microblaze_0
TRACE::2025-12-12.07:57:27::SCWDomain::Generating domain artifcats
TRACE::2025-12-12.07:57:27::SCWMssOS::Generating standalone artifcats
TRACE::2025-12-12.07:57:27::SCWMssOS:: Copying the user libraries. 
TRACE::2025-12-12.07:57:27::SCWPlatform::Trying to open the hw design at D:/viv/SpartanTracker/lab7_2/sdk/tracker_top/hw/tracker_top.xsa
TRACE::2025-12-12.07:57:27::SCWPlatform::DSA given D:/viv/SpartanTracker/lab7_2/sdk/tracker_top/hw/tracker_top.xsa
TRACE::2025-12-12.07:57:27::SCWPlatform::DSA absoulate path D:/viv/SpartanTracker/lab7_2/sdk/tracker_top/hw/tracker_top.xsa
TRACE::2025-12-12.07:57:27::SCWPlatform::DSA directory D:/viv/SpartanTracker/lab7_2/sdk/tracker_top/hw
TRACE::2025-12-12.07:57:27::SCWPlatform:: Platform Path D:/viv/SpartanTracker/lab7_2/sdk/tracker_top/hw/tracker_top.xsa
TRACE::2025-12-12.07:57:27::SCWPlatform:: Unique name xilinx:::0.0
TRACE::2025-12-12.07:57:27::SCWPlatform::Trying to set the existing hwdb with name tracker_top_16
TRACE::2025-12-12.07:57:27::SCWPlatform::Opened existing hwdb tracker_top_16
TRACE::2025-12-12.07:57:27::SCWPlatform::Found the Hw Db part of the input DSA
TRACE::2025-12-12.07:57:27::SCWMssOS::Checking the sw design at  D:/viv/SpartanTracker/lab7_2/sdk/tracker_top/microblaze_0/standalone_microblaze_0/bsp/system.mss
TRACE::2025-12-12.07:57:27::SCWMssOS::DEBUG:  swdes dump  D:/viv/SpartanTracker/lab7_2/sdk/tracker_top/microblaze_0/standalone_microblaze_0/bsp/system.mss|system||

TRACE::2025-12-12.07:57:27::SCWMssOS::Sw design exists and opened at  D:/viv/SpartanTracker/lab7_2/sdk/tracker_top/microblaze_0/standalone_microblaze_0/bsp/system.mss
TRACE::2025-12-12.07:57:27::SCWMssOS::Completed writing the mss file at D:/viv/SpartanTracker/lab7_2/sdk/tracker_top/microblaze_0/standalone_microblaze_0/bsp
TRACE::2025-12-12.07:57:27::SCWMssOS::Mss edits present, copying mssfile into export location D:/viv/SpartanTracker/lab7_2/sdk/tracker_top/microblaze_0/standalone_microblaze_0/bsp/system.mss
TRACE::2025-12-12.07:57:27::SCWMssOS::bsp generated is stale removing and regenerating. 
TRACE::2025-12-12.07:57:28::SCWMssOS::doing bsp build ... 
TRACE::2025-12-12.07:57:28::SCWMssOS::System Command Ran  D: & cd  D:/viv/SpartanTracker/lab7_2/sdk/tracker_top/microblaze_0/standalone_microblaze_0/bsp & make 
TRACE::2025-12-12.07:57:28::SCWMssOS::make --no-print-directory seq_libs

TRACE::2025-12-12.07:57:28::SCWMssOS::'Finished building libraries sequentially.'

TRACE::2025-12-12.07:57:28::SCWMssOS::make -j 6 --no-print-directory par_libs

TRACE::2025-12-12.07:57:28::SCWMssOS::"Running Make include in microblaze_0/libsrc/bram_v4_8/src"

TRACE::2025-12-12.07:57:28::SCWMssOS::make -C microblaze_0/libsrc/bram_v4_8/src -s include  "SHELL=CMD" "COMPILER=mb-gcc" "ASSEMBLER=mb-as" "ARCHIVER=mb-ar" "COMPILE
TRACE::2025-12-12.07:57:28::SCWMssOS::R_FLAGS=  -O2 -c -mcpu=v11.0 -mlittle-endian -mno-xl-reorder -mno-xl-soft-mul -mxl-barrel-shift -mxl-pattern-compare" "EXTRA_CO
TRACE::2025-12-12.07:57:28::SCWMssOS::MPILER_FLAGS=-g -ffunction-sections -fdata-sections -Wall -Wextra -fno-tree-loop-distribute-patterns"

TRACE::2025-12-12.07:57:28::SCWMssOS::"Running Make include in microblaze_0/libsrc/cpu_v2_16/src"

TRACE::2025-12-12.07:57:28::SCWMssOS::make -C microblaze_0/libsrc/cpu_v2_16/src -s include  "SHELL=CMD" "COMPILER=mb-gcc" "ASSEMBLER=mb-as" "ARCHIVER=mb-ar" "COMPILE
TRACE::2025-12-12.07:57:28::SCWMssOS::R_FLAGS=  -O2 -c -mcpu=v11.0 -mlittle-endian -mno-xl-reorder -mno-xl-soft-mul -mxl-barrel-shift -mxl-pattern-compare" "EXTRA_CO
TRACE::2025-12-12.07:57:28::SCWMssOS::MPILER_FLAGS=-g -ffunction-sections -fdata-sections -Wall -Wextra -fno-tree-loop-distribute-patterns"

TRACE::2025-12-12.07:57:28::SCWMssOS::"Running Make include in microblaze_0/libsrc/gpio_v4_9/src"

TRACE::2025-12-12.07:57:28::SCWMssOS::make -C microblaze_0/libsrc/gpio_v4_9/src -s include  "SHELL=CMD" "COMPILER=mb-gcc" "ASSEMBLER=mb-as" "ARCHIVER=mb-ar" "COMPILE
TRACE::2025-12-12.07:57:28::SCWMssOS::R_FLAGS=  -O2 -c -mcpu=v11.0 -mlittle-endian -mno-xl-reorder -mno-xl-soft-mul -mxl-barrel-shift -mxl-pattern-compare" "EXTRA_CO
TRACE::2025-12-12.07:57:28::SCWMssOS::MPILER_FLAGS=-g -ffunction-sections -fdata-sections -Wall -Wextra -fno-tree-loop-distribute-patterns"

TRACE::2025-12-12.07:57:28::SCWMssOS::"Running Make include in microblaze_0/libsrc/spi_v4_9/src"

TRACE::2025-12-12.07:57:28::SCWMssOS::"Running Make include in microblaze_0/libsrc/intc_v3_15/src"

TRACE::2025-12-12.07:57:28::SCWMssOS::make -C microblaze_0/libsrc/intc_v3_15/src -s include  "SHELL=CMD" "COMPILER=mb-gcc" "ASSEMBLER=mb-as" "ARCHIVER=mb-ar" "COMPIL
TRACE::2025-12-12.07:57:28::SCWMssOS::ER_FLAGS=  -O2 -c -mcpu=v11.0 -mlittle-endian -mno-xl-reorder -mno-xl-soft-mul -mxl-barrel-shift -mxl-pattern-compare" "EXTRA_C
TRACE::2025-12-12.07:57:28::SCWMssOS::OMPILER_FLAGS=-g -ffunction-sections -fdata-sections -Wall -Wextra -fno-tree-loop-distribute-patterns"

TRACE::2025-12-12.07:57:28::SCWMssOS::"Running Make include in microblaze_0/libsrc/standalone_v8_0/src"

TRACE::2025-12-12.07:57:28::SCWMssOS::"Running Make include in microblaze_0/libsrc/tmrctr_v4_9/src"

TRACE::2025-12-12.07:57:28::SCWMssOS::make -C microblaze_0/libsrc/spi_v4_9/src -s include  "SHELL=CMD" "COMPILER=mb-gcc" "ASSEMBLER=mb-as" "ARCHIVER=mb-ar" "COMPILER
TRACE::2025-12-12.07:57:28::SCWMssOS::_FLAGS=  -O2 -c -mcpu=v11.0 -mlittle-endian -mno-xl-reorder -mno-xl-soft-mul -mxl-barrel-shift -mxl-pattern-compare" "EXTRA_COM
TRACE::2025-12-12.07:57:28::SCWMssOS::PILER_FLAGS=-g -ffunction-sections -fdata-sections -Wall -Wextra -fno-tree-loop-distribute-patterns"

TRACE::2025-12-12.07:57:28::SCWMssOS::make -C microblaze_0/libsrc/standalone_v8_0/src -s include  "SHELL=CMD" "COMPILER=mb-gcc" "ASSEMBLER=mb-as" "ARCHIVER=mb-ar" "C
TRACE::2025-12-12.07:57:28::SCWMssOS::OMPILER_FLAGS=  -O2 -c -mcpu=v11.0 -mlittle-endian -mno-xl-reorder -mno-xl-soft-mul -mxl-barrel-shift -mxl-pattern-compare" "EX
TRACE::2025-12-12.07:57:28::SCWMssOS::TRA_COMPILER_FLAGS=-g -ffunction-sections -fdata-sections -Wall -Wextra -fno-tree-loop-distribute-patterns"

TRACE::2025-12-12.07:57:28::SCWMssOS::make -C microblaze_0/libsrc/tmrctr_v4_9/src -s include  "SHELL=CMD" "COMPILER=mb-gcc" "ASSEMBLER=mb-as" "ARCHIVER=mb-ar" "COMPI
TRACE::2025-12-12.07:57:28::SCWMssOS::LER_FLAGS=  -O2 -c -mcpu=v11.0 -mlittle-endian -mno-xl-reorder -mno-xl-soft-mul -mxl-barrel-shift -mxl-pattern-compare" "EXTRA_
TRACE::2025-12-12.07:57:28::SCWMssOS::COMPILER_FLAGS=-g -ffunction-sections -fdata-sections -Wall -Wextra -fno-tree-loop-distribute-patterns"

TRACE::2025-12-12.07:57:28::SCWMssOS::"Running Make include in microblaze_0/libsrc/uartlite_v3_7/src"

TRACE::2025-12-12.07:57:28::SCWMssOS::make -C microblaze_0/libsrc/uartlite_v3_7/src -s include  "SHELL=CMD" "COMPILER=mb-gcc" "ASSEMBLER=mb-as" "ARCHIVER=mb-ar" "COM
TRACE::2025-12-12.07:57:28::SCWMssOS::PILER_FLAGS=  -O2 -c -mcpu=v11.0 -mlittle-endian -mno-xl-reorder -mno-xl-soft-mul -mxl-barrel-shift -mxl-pattern-compare" "EXTR
TRACE::2025-12-12.07:57:28::SCWMssOS::A_COMPILER_FLAGS=-g -ffunction-sections -fdata-sections -Wall -Wextra -fno-tree-loop-distribute-patterns"

TRACE::2025-12-12.07:57:29::SCWMssOS::"Running Make libs in microblaze_0/libsrc/bram_v4_8/src"

TRACE::2025-12-12.07:57:29::SCWMssOS::"Running Make libs in microblaze_0/libsrc/cpu_v2_16/src"

TRACE::2025-12-12.07:57:29::SCWMssOS::make -C microblaze_0/libsrc/bram_v4_8/src -s libs  "SHELL=CMD" "COMPILER=mb-gcc" "ASSEMBLER=mb-as" "ARCHIVER=mb-ar" "COMPILER_F
TRACE::2025-12-12.07:57:29::SCWMssOS::LAGS=  -O2 -c -mcpu=v11.0 -mlittle-endian -mno-xl-reorder -mno-xl-soft-mul -mxl-barrel-shift -mxl-pattern-compare" "EXTRA_COMPI
TRACE::2025-12-12.07:57:29::SCWMssOS::LER_FLAGS=-g -ffunction-sections -fdata-sections -Wall -Wextra -fno-tree-loop-distribute-patterns"

TRACE::2025-12-12.07:57:29::SCWMssOS::make -C microblaze_0/libsrc/cpu_v2_16/src -s libs  "SHELL=CMD" "COMPILER=mb-gcc" "ASSEMBLER=mb-as" "ARCHIVER=mb-ar" "COMPILER_F
TRACE::2025-12-12.07:57:29::SCWMssOS::LAGS=  -O2 -c -mcpu=v11.0 -mlittle-endian -mno-xl-reorder -mno-xl-soft-mul -mxl-barrel-shift -mxl-pattern-compare" "EXTRA_COMPI
TRACE::2025-12-12.07:57:29::SCWMssOS::LER_FLAGS=-g -ffunction-sections -fdata-sections -Wall -Wextra -fno-tree-loop-distribute-patterns"

TRACE::2025-12-12.07:57:29::SCWMssOS::"Running Make libs in microblaze_0/libsrc/gpio_v4_9/src"

TRACE::2025-12-12.07:57:29::SCWMssOS::"Running Make libs in microblaze_0/libsrc/intc_v3_15/src"

TRACE::2025-12-12.07:57:29::SCWMssOS::make -C microblaze_0/libsrc/gpio_v4_9/src -s libs  "SHELL=CMD" "COMPILER=mb-gcc" "ASSEMBLER=mb-as" "ARCHIVER=mb-ar" "COMPILER_F
TRACE::2025-12-12.07:57:29::SCWMssOS::LAGS=  -O2 -c -mcpu=v11.0 -mlittle-endian -mno-xl-reorder -mno-xl-soft-mul -mxl-barrel-shift -mxl-pattern-compare" "EXTRA_COMPI
TRACE::2025-12-12.07:57:29::SCWMssOS::LER_FLAGS=-g -ffunction-sections -fdata-sections -Wall -Wextra -fno-tree-loop-distribute-patterns"

TRACE::2025-12-12.07:57:29::SCWMssOS::make -C microblaze_0/libsrc/intc_v3_15/src -s libs  "SHELL=CMD" "COMPILER=mb-gcc" "ASSEMBLER=mb-as" "ARCHIVER=mb-ar" "COMPILER_
TRACE::2025-12-12.07:57:29::SCWMssOS::FLAGS=  -O2 -c -mcpu=v11.0 -mlittle-endian -mno-xl-reorder -mno-xl-soft-mul -mxl-barrel-shift -mxl-pattern-compare" "EXTRA_COMP
TRACE::2025-12-12.07:57:29::SCWMssOS::ILER_FLAGS=-g -ffunction-sections -fdata-sections -Wall -Wextra -fno-tree-loop-distribute-patterns"

TRACE::2025-12-12.07:57:29::SCWMssOS::"Running Make libs in microblaze_0/libsrc/spi_v4_9/src"

TRACE::2025-12-12.07:57:29::SCWMssOS::make -C microblaze_0/libsrc/spi_v4_9/src -s libs  "SHELL=CMD" "COMPILER=mb-gcc" "ASSEMBLER=mb-as" "ARCHIVER=mb-ar" "COMPILER_FL
TRACE::2025-12-12.07:57:29::SCWMssOS::AGS=  -O2 -c -mcpu=v11.0 -mlittle-endian -mno-xl-reorder -mno-xl-soft-mul -mxl-barrel-shift -mxl-pattern-compare" "EXTRA_COMPIL
TRACE::2025-12-12.07:57:29::SCWMssOS::ER_FLAGS=-g -ffunction-sections -fdata-sections -Wall -Wextra -fno-tree-loop-distribute-patterns"

TRACE::2025-12-12.07:57:30::SCWMssOS::"Running Make libs in microblaze_0/libsrc/standalone_v8_0/src"

TRACE::2025-12-12.07:57:30::SCWMssOS::make -C microblaze_0/libsrc/standalone_v8_0/src -s libs  "SHELL=CMD" "COMPILER=mb-gcc" "ASSEMBLER=mb-as" "ARCHIVER=mb-ar" "COMP
TRACE::2025-12-12.07:57:30::SCWMssOS::ILER_FLAGS=  -O2 -c -mcpu=v11.0 -mlittle-endian -mno-xl-reorder -mno-xl-soft-mul -mxl-barrel-shift -mxl-pattern-compare" "EXTRA
TRACE::2025-12-12.07:57:30::SCWMssOS::_COMPILER_FLAGS=-g -ffunction-sections -fdata-sections -Wall -Wextra -fno-tree-loop-distribute-patterns"

TRACE::2025-12-12.07:57:30::SCWMssOS::"Running Make libs in microblaze_0/libsrc/tmrctr_v4_9/src"

TRACE::2025-12-12.07:57:30::SCWMssOS::make -C microblaze_0/libsrc/tmrctr_v4_9/src -s libs  "SHELL=CMD" "COMPILER=mb-gcc" "ASSEMBLER=mb-as" "ARCHIVER=mb-ar" "COMPILER
TRACE::2025-12-12.07:57:30::SCWMssOS::_FLAGS=  -O2 -c -mcpu=v11.0 -mlittle-endian -mno-xl-reorder -mno-xl-soft-mul -mxl-barrel-shift -mxl-pattern-compare" "EXTRA_COM
TRACE::2025-12-12.07:57:30::SCWMssOS::PILER_FLAGS=-g -ffunction-sections -fdata-sections -Wall -Wextra -fno-tree-loop-distribute-patterns"

TRACE::2025-12-12.07:57:31::SCWMssOS::"Running Make libs in microblaze_0/libsrc/uartlite_v3_7/src"

TRACE::2025-12-12.07:57:31::SCWMssOS::make -C microblaze_0/libsrc/uartlite_v3_7/src -s libs  "SHELL=CMD" "COMPILER=mb-gcc" "ASSEMBLER=mb-as" "ARCHIVER=mb-ar" "COMPIL
TRACE::2025-12-12.07:57:31::SCWMssOS::ER_FLAGS=  -O2 -c -mcpu=v11.0 -mlittle-endian -mno-xl-reorder -mno-xl-soft-mul -mxl-barrel-shift -mxl-pattern-compare" "EXTRA_C
TRACE::2025-12-12.07:57:31::SCWMssOS::OMPILER_FLAGS=-g -ffunction-sections -fdata-sections -Wall -Wextra -fno-tree-loop-distribute-patterns"

TRACE::2025-12-12.07:57:33::SCWMssOS::"DEBUG NON_LTO_OBJECTS is ../../../lib/microblaze_interrupt_handler.o"

TRACE::2025-12-12.07:57:34::SCWMssOS::'Finished building libraries parallelly.'

TRACE::2025-12-12.07:57:34::SCWMssOS::make --no-print-directory archive

TRACE::2025-12-12.07:57:34::SCWMssOS::mb-ar -r  microblaze_0/lib/libxil.a microblaze_0/lib/_exit.o microblaze_0/lib/errno.o microblaze_0/lib/fcntl.o microblaze_0/lib
TRACE::2025-12-12.07:57:34::SCWMssOS::/hw_exception_handler.o microblaze_0/lib/inbyte.o microblaze_0/lib/microblaze_disable_dcache.o microblaze_0/lib/microblaze_disa
TRACE::2025-12-12.07:57:34::SCWMssOS::ble_exceptions.o microblaze_0/lib/microblaze_disable_icache.o microblaze_0/lib/microblaze_disable_interrupts.o microblaze_0/lib
TRACE::2025-12-12.07:57:34::SCWMssOS::/microblaze_enable_dcache.o microblaze_0/lib/microblaze_enable_exceptions.o microblaze_0/lib/microblaze_enable_icache.o microbl
TRACE::2025-12-12.07:57:34::SCWMssOS::aze_0/lib/microblaze_enable_interrupts.o microblaze_0/lib/microblaze_exception_handler.o microblaze_0/lib/microblaze_flush_cach
TRACE::2025-12-12.07:57:34::SCWMssOS::e_ext.o microblaze_0/lib/microblaze_flush_cache_ext_range.o microblaze_0/lib/microblaze_flush_dcache.o microblaze_0/lib/microbl
TRACE::2025-12-12.07:57:34::SCWMssOS::aze_flush_dcache_range.o microblaze_0/lib/microblaze_init_dcache_range.o microblaze_0/lib/microblaze_init_icache_range.o microb
TRACE::2025-12-12.07:57:34::SCWMssOS::laze_0/lib/microblaze_interrupt_handler.o microblaze_0/lib/microblaze_interrupts_g.o microblaze_0/lib/microblaze_invalidate_cac
TRACE::2025-12-12.07:57:34::SCWMssOS::he_ext.o microblaze_0/lib/microblaze_invalidate_cache_ext_range.o microblaze_0/lib/microblaze_invalidate_dcache.o microblaze_0/
TRACE::2025-12-12.07:57:34::SCWMssOS::lib/microblaze_invalidate_dcache_range.o microblaze_0/lib/microblaze_invalidate_icache.o microblaze_0/lib/microblaze_invalidate
TRACE::2025-12-12.07:57:34::SCWMssOS::_icache_range.o microblaze_0/lib/microblaze_scrub.o microblaze_0/lib/microblaze_selftest.o microblaze_0/lib/microblaze_sleep.o 
TRACE::2025-12-12.07:57:34::SCWMssOS::microblaze_0/lib/microblaze_update_dcache.o microblaze_0/lib/microblaze_update_icache.o microblaze_0/lib/outbyte.o microblaze_0
TRACE::2025-12-12.07:57:34::SCWMssOS::/lib/print.o microblaze_0/lib/pvr.o microblaze_0/lib/xbram.o microblaze_0/lib/xbram_g.o microblaze_0/lib/xbram_intr.o microblaz
TRACE::2025-12-12.07:57:34::SCWMssOS::e_0/lib/xbram_selftest.o microblaze_0/lib/xbram_sinit.o microblaze_0/lib/xgpio.o microblaze_0/lib/xgpio_extra.o microblaze_0/li
TRACE::2025-12-12.07:57:34::SCWMssOS::b/xgpio_g.o microblaze_0/lib/xgpio_intr.o microblaze_0/lib/xgpio_selftest.o microblaze_0/lib/xgpio_sinit.o microblaze_0/lib/xil
TRACE::2025-12-12.07:57:34::SCWMssOS::_assert.o microblaze_0/lib/xil_cache.o microblaze_0/lib/xil_clocking.o microblaze_0/lib/xil_exception.o microblaze_0/lib/xil_me
TRACE::2025-12-12.07:57:34::SCWMssOS::m.o microblaze_0/lib/xil_misc_psreset_api.o microblaze_0/lib/xil_printf.o microblaze_0/lib/xil_sleepcommon.o microblaze_0/lib/x
TRACE::2025-12-12.07:57:34::SCWMssOS::il_testcache.o microblaze_0/lib/xil_testio.o microblaze_0/lib/xil_testmem.o microblaze_0/lib/xil_util.o microblaze_0/lib/xintc.
TRACE::2025-12-12.07:57:34::SCWMssOS::o microblaze_0/lib/xintc_g.o microblaze_0/lib/xintc_intr.o microblaze_0/lib/xintc_l.o microblaze_0/lib/xintc_options.o microbla
TRACE::2025-12-12.07:57:34::SCWMssOS::ze_0/lib/xintc_selftest.o microblaze_0/lib/xinterrupt_wrap.o microblaze_0/lib/xio.o microblaze_0/lib/xplatform_info.o microblaz
TRACE::2025-12-12.07:57:34::SCWMssOS::e_0/lib/xspi.o microblaze_0/lib/xspi_g.o microblaze_0/lib/xspi_options.o microblaze_0/lib/xspi_selftest.o microblaze_0/lib/xspi
TRACE::2025-12-12.07:57:34::SCWMssOS::_sinit.o microblaze_0/lib/xspi_stats.o microblaze_0/lib/xtmrctr.o microblaze_0/lib/xtmrctr_g.o microblaze_0/lib/xtmrctr_intr.o 
TRACE::2025-12-12.07:57:34::SCWMssOS::microblaze_0/lib/xtmrctr_l.o microblaze_0/lib/xtmrctr_options.o microblaze_0/lib/xtmrctr_selftest.o microblaze_0/lib/xtmrctr_si
TRACE::2025-12-12.07:57:34::SCWMssOS::nit.o microblaze_0/lib/xtmrctr_stats.o microblaze_0/lib/xuartlite.o microblaze_0/lib/xuartlite_g.o microblaze_0/lib/xuartlite_i
TRACE::2025-12-12.07:57:34::SCWMssOS::ntr.o microblaze_0/lib/xuartlite_l.o microblaze_0/lib/xuartlite_selftest.o microblaze_0/lib/xuartlite_sinit.o microblaze_0/lib/
TRACE::2025-12-12.07:57:34::SCWMssOS::xuartlite_stats.o

TRACE::2025-12-12.07:57:34::SCWMssOS::'Finished building libraries'

TRACE::2025-12-12.07:57:34::SCWMssOS:: Checking if to create the Supporting Applications
TRACE::2025-12-12.07:57:34::SCWMssOS:: No Linux domain exists, trying to generate FSBL 
LOG::2025-12-12.07:57:34::SCWSystem::Completed Processing the domain standalone_microblaze_0
LOG::2025-12-12.07:57:34::SCWSystem::Completed Processing the sysconfig tracker_top
LOG::2025-12-12.07:57:34::SCWPlatform::Completed generating the artifacts for system configuration tracker_top
TRACE::2025-12-12.07:57:34::SCWPlatform::Started preparing the platform 
TRACE::2025-12-12.07:57:34::SCWSystem::Writing the bif file for system config tracker_top
TRACE::2025-12-12.07:57:34::SCWSystem::dir created 
TRACE::2025-12-12.07:57:34::SCWSystem::Writing the bif 
TRACE::2025-12-12.07:57:34::SCWPlatform::Started writing the spfm file 
TRACE::2025-12-12.07:57:34::SCWPlatform::Started writing the xpfm file 
TRACE::2025-12-12.07:57:34::SCWPlatform::Completed generating the platform
TRACE::2025-12-12.07:57:34::SCWMssOS::Saving the mss changes D:/viv/SpartanTracker/lab7_2/sdk/tracker_top/microblaze_0/standalone_microblaze_0/bsp/system.mss
TRACE::2025-12-12.07:57:34::SCWMssOS::Adding the swdes entry, mss present, able to open swdb D:/viv/SpartanTracker/lab7_2/sdk/tracker_top/microblaze_0/standalone_microblaze_0/bsp/system.mss with des name system
TRACE::2025-12-12.07:57:34::SCWMssOS::Writing the mss file completed D:/viv/SpartanTracker/lab7_2/sdk/tracker_top/microblaze_0/standalone_microblaze_0/bsp/system.mss
TRACE::2025-12-12.07:57:34::SCWMssOS::Commit changes completed.
TRACE::2025-12-12.07:57:34::SCWPlatform::Trying to open the hw design at D:/viv/SpartanTracker/lab7_2/sdk/tracker_top/hw/tracker_top.xsa
TRACE::2025-12-12.07:57:34::SCWPlatform::DSA given D:/viv/SpartanTracker/lab7_2/sdk/tracker_top/hw/tracker_top.xsa
TRACE::2025-12-12.07:57:34::SCWPlatform::DSA absoulate path D:/viv/SpartanTracker/lab7_2/sdk/tracker_top/hw/tracker_top.xsa
TRACE::2025-12-12.07:57:34::SCWPlatform::DSA directory D:/viv/SpartanTracker/lab7_2/sdk/tracker_top/hw
TRACE::2025-12-12.07:57:34::SCWPlatform:: Platform Path D:/viv/SpartanTracker/lab7_2/sdk/tracker_top/hw/tracker_top.xsa
TRACE::2025-12-12.07:57:34::SCWPlatform:: Unique name xilinx:::0.0
TRACE::2025-12-12.07:57:34::SCWPlatform::Trying to set the existing hwdb with name tracker_top_16
TRACE::2025-12-12.07:57:34::SCWPlatform::Opened existing hwdb tracker_top_16
TRACE::2025-12-12.07:57:34::SCWPlatform::Found the Hw Db part of the input DSA
TRACE::2025-12-12.07:57:34::SCWMssOS::Checking the sw design at  D:/viv/SpartanTracker/lab7_2/sdk/tracker_top/microblaze_0/standalone_microblaze_0/bsp/system.mss
TRACE::2025-12-12.07:57:34::SCWMssOS::DEBUG:  swdes dump  D:/viv/SpartanTracker/lab7_2/sdk/tracker_top/microblaze_0/standalone_microblaze_0/bsp/system.mss|system||

TRACE::2025-12-12.07:57:34::SCWMssOS::Sw design exists and opened at  D:/viv/SpartanTracker/lab7_2/sdk/tracker_top/microblaze_0/standalone_microblaze_0/bsp/system.mss
TRACE::2025-12-12.07:57:34::SCWWriter::formatted JSON is {
	"platformName":	"tracker_top",
	"sprVersion":	"2.0",
	"mode":	"gui",
	"dsaType":	"Fixed",
	"platformDesc":	"tracker_top",
	"platHandOff":	"D:/viv/SpartanTracker/lab7_2/tracker_top.xsa",
	"platIntHandOff":	"<platformDir>/hw/tracker_top.xsa",
	"deviceType":	"FPGA",
	"platIsPrebuiltAutogen":	"false",
	"platIsNoBootBsp":	"false",
	"hasFsblMakeHasChanges":	"false",
	"hasPmufwMakeHasChanges":	"false",
	"platPreBuiltFlag":	false,
	"platformSamplesDir":	"",
	"platActiveSys":	"tracker_top",
	"systems":	[{
			"systemName":	"tracker_top",
			"systemDesc":	"tracker_top",
			"sysIsBootAutoGen":	"true",
			"systemDispName":	"tracker_top",
			"sysActiveDom":	"standalone_microblaze_0",
			"sysDefaultDom":	"standalone_microblaze_0",
			"domains":	[{
					"domainName":	"standalone_microblaze_0",
					"domainDispName":	"standalone_microblaze_0",
					"domainDesc":	"standalone_microblaze_0",
					"processors":	"microblaze_0",
					"os":	"standalone",
					"sdxOs":	"standalone",
					"debugEnable":	"False",
					"domRuntimes":	["cpp"],
					"swRepo":	"",
					"mssOsVer":	"8.0",
					"mssFile":	"",
					"md5Digest":	"948367085d8c8b0e65ac10674ef4e094",
					"compatibleApp":	"",
					"domType":	"mssDomain",
					"arch":	"32-bit",
					"appSettings":	{
						"appCompilerFlags":	"",
						"appLinkerFlags":	""
					},
					"addedLibs":	[],
					"libOptions":	{
						"libsContainingOptions":	[]
					},
					"prebuiltLibs":	{
						"prebuiltIncPath":	[],
						"prebuiltLibPath":	[]
					},
					"isolation":	{
					}
				}]
		}]
}
KEYINFO::2025-12-12.07:57:34::SCWPlatform::updated the xpfm file.
TRACE::2025-12-12.07:57:35::SCWPlatform::Trying to open the hw design at D:/viv/SpartanTracker/lab7_2/sdk/tracker_top/hw/tracker_top.xsa
TRACE::2025-12-12.07:57:35::SCWPlatform::DSA given D:/viv/SpartanTracker/lab7_2/sdk/tracker_top/hw/tracker_top.xsa
TRACE::2025-12-12.07:57:35::SCWPlatform::DSA absoulate path D:/viv/SpartanTracker/lab7_2/sdk/tracker_top/hw/tracker_top.xsa
TRACE::2025-12-12.07:57:35::SCWPlatform::DSA directory D:/viv/SpartanTracker/lab7_2/sdk/tracker_top/hw
TRACE::2025-12-12.07:57:35::SCWPlatform:: Platform Path D:/viv/SpartanTracker/lab7_2/sdk/tracker_top/hw/tracker_top.xsa
TRACE::2025-12-12.07:57:35::SCWPlatform:: Unique name xilinx:::0.0
TRACE::2025-12-12.07:57:35::SCWPlatform::Trying to set the existing hwdb with name tracker_top_16
TRACE::2025-12-12.07:57:35::SCWPlatform::Opened existing hwdb tracker_top_16
TRACE::2025-12-12.07:57:35::SCWPlatform::Found the Hw Db part of the input DSA
TRACE::2025-12-12.07:57:35::SCWMssOS::Checking the sw design at  D:/viv/SpartanTracker/lab7_2/sdk/tracker_top/microblaze_0/standalone_microblaze_0/bsp/system.mss
TRACE::2025-12-12.07:57:35::SCWMssOS::DEBUG:  swdes dump  D:/viv/SpartanTracker/lab7_2/sdk/tracker_top/microblaze_0/standalone_microblaze_0/bsp/system.mss|system||

TRACE::2025-12-12.07:57:35::SCWMssOS::Sw design exists and opened at  D:/viv/SpartanTracker/lab7_2/sdk/tracker_top/microblaze_0/standalone_microblaze_0/bsp/system.mss
TRACE::2025-12-12.08:14:29::SCWPlatform::Clearing the existing platform
TRACE::2025-12-12.08:14:29::SCWSystem::Clearing the existing sysconfig
TRACE::2025-12-12.08:14:29::SCWMssOS::Removing the swdes entry for  D:/viv/SpartanTracker/lab7_2/sdk/tracker_top/microblaze_0/standalone_microblaze_0/bsp/system.mss
TRACE::2025-12-12.08:14:29::SCWSystem::Clearing the domains completed.
TRACE::2025-12-12.08:14:29::SCWPlatform::Clearing the opened hw db.
TRACE::2025-12-12.08:14:29::SCWPlatform::DSA given D:/viv/SpartanTracker/lab7_2/sdk/tracker_top/hw/tracker_top.xsa
TRACE::2025-12-12.08:14:29::SCWPlatform::DSA absoulate path D:/viv/SpartanTracker/lab7_2/sdk/tracker_top/hw/tracker_top.xsa
TRACE::2025-12-12.08:14:29::SCWPlatform:: Platform location is D:/viv/SpartanTracker/lab7_2/sdk/tracker_top/hw
TRACE::2025-12-12.08:14:29::SCWPlatform:: Platform Path D:/viv/SpartanTracker/lab7_2/sdk/tracker_top/hw/tracker_top.xsa
TRACE::2025-12-12.08:14:29::SCWPlatform:: Unique name xilinx:::0.0
TRACE::2025-12-12.08:14:29::SCWPlatform::Removing the HwDB with name D:/viv/SpartanTracker/lab7_2/sdk/tracker_top/hw/tracker_top.xsa
TRACE::2025-12-12.08:14:29::SCWPlatform::Trying to open the hw design at D:/viv/SpartanTracker/lab7_2/sdk/tracker_top/hw/tracker_top.xsa
TRACE::2025-12-12.08:14:29::SCWPlatform::DSA given D:/viv/SpartanTracker/lab7_2/sdk/tracker_top/hw/tracker_top.xsa
TRACE::2025-12-12.08:14:29::SCWPlatform::DSA absoulate path D:/viv/SpartanTracker/lab7_2/sdk/tracker_top/hw/tracker_top.xsa
TRACE::2025-12-12.08:14:29::SCWPlatform::DSA directory D:/viv/SpartanTracker/lab7_2/sdk/tracker_top/hw
TRACE::2025-12-12.08:14:29::SCWPlatform:: Platform Path D:/viv/SpartanTracker/lab7_2/sdk/tracker_top/hw/tracker_top.xsa
TRACE::2025-12-12.08:14:29::SCWPlatform:: Unique name xilinx:::0.0
TRACE::2025-12-12.08:14:29::SCWPlatform::Do not have an existing db opened. 
TRACE::2025-12-12.08:14:29::SCWPlatform::Opened new HwDB with name tracker_top_18
TRACE::2025-12-12.08:14:29::SCWReader::Active system found as  tracker_top
TRACE::2025-12-12.08:14:29::SCWReader::Handling sysconfig tracker_top
TRACE::2025-12-12.08:14:29::SCWDomain::checking for install qemu data   : 
TRACE::2025-12-12.08:14:29::SCWPlatform::Trying to open the hw design at D:/viv/SpartanTracker/lab7_2/sdk/tracker_top/hw/tracker_top.xsa
TRACE::2025-12-12.08:14:29::SCWPlatform::DSA given D:/viv/SpartanTracker/lab7_2/sdk/tracker_top/hw/tracker_top.xsa
TRACE::2025-12-12.08:14:29::SCWPlatform::DSA absoulate path D:/viv/SpartanTracker/lab7_2/sdk/tracker_top/hw/tracker_top.xsa
TRACE::2025-12-12.08:14:29::SCWPlatform::DSA directory D:/viv/SpartanTracker/lab7_2/sdk/tracker_top/hw
TRACE::2025-12-12.08:14:29::SCWPlatform:: Platform Path D:/viv/SpartanTracker/lab7_2/sdk/tracker_top/hw/tracker_top.xsa
TRACE::2025-12-12.08:14:29::SCWPlatform:: Unique name xilinx:::0.0
TRACE::2025-12-12.08:14:29::SCWPlatform::Trying to set the existing hwdb with name tracker_top_18
TRACE::2025-12-12.08:14:29::SCWPlatform::Opened existing hwdb tracker_top_18
TRACE::2025-12-12.08:14:29::SCWPlatform::Found the Hw Db part of the input DSA
TRACE::2025-12-12.08:14:29::SCWPlatform::Trying to open the hw design at D:/viv/SpartanTracker/lab7_2/sdk/tracker_top/hw/tracker_top.xsa
TRACE::2025-12-12.08:14:29::SCWPlatform::DSA given D:/viv/SpartanTracker/lab7_2/sdk/tracker_top/hw/tracker_top.xsa
TRACE::2025-12-12.08:14:29::SCWPlatform::DSA absoulate path D:/viv/SpartanTracker/lab7_2/sdk/tracker_top/hw/tracker_top.xsa
TRACE::2025-12-12.08:14:29::SCWPlatform::DSA directory D:/viv/SpartanTracker/lab7_2/sdk/tracker_top/hw
TRACE::2025-12-12.08:14:29::SCWPlatform:: Platform Path D:/viv/SpartanTracker/lab7_2/sdk/tracker_top/hw/tracker_top.xsa
TRACE::2025-12-12.08:14:29::SCWPlatform:: Unique name xilinx:::0.0
TRACE::2025-12-12.08:14:29::SCWPlatform::Trying to set the existing hwdb with name tracker_top_18
TRACE::2025-12-12.08:14:29::SCWPlatform::Opened existing hwdb tracker_top_18
TRACE::2025-12-12.08:14:29::SCWPlatform::Found the Hw Db part of the input DSA
TRACE::2025-12-12.08:14:29::SCWPlatform::Trying to open the hw design at D:/viv/SpartanTracker/lab7_2/sdk/tracker_top/hw/tracker_top.xsa
TRACE::2025-12-12.08:14:29::SCWPlatform::DSA given D:/viv/SpartanTracker/lab7_2/sdk/tracker_top/hw/tracker_top.xsa
TRACE::2025-12-12.08:14:29::SCWPlatform::DSA absoulate path D:/viv/SpartanTracker/lab7_2/sdk/tracker_top/hw/tracker_top.xsa
TRACE::2025-12-12.08:14:29::SCWPlatform::DSA directory D:/viv/SpartanTracker/lab7_2/sdk/tracker_top/hw
TRACE::2025-12-12.08:14:29::SCWPlatform:: Platform Path D:/viv/SpartanTracker/lab7_2/sdk/tracker_top/hw/tracker_top.xsa
TRACE::2025-12-12.08:14:29::SCWPlatform:: Unique name xilinx:::0.0
TRACE::2025-12-12.08:14:29::SCWPlatform::Trying to set the existing hwdb with name tracker_top_18
TRACE::2025-12-12.08:14:29::SCWPlatform::Opened existing hwdb tracker_top_18
TRACE::2025-12-12.08:14:29::SCWPlatform::Found the Hw Db part of the input DSA
TRACE::2025-12-12.08:14:29::SCWPlatform::Trying to open the hw design at D:/viv/SpartanTracker/lab7_2/sdk/tracker_top/hw/tracker_top.xsa
TRACE::2025-12-12.08:14:29::SCWPlatform::DSA given D:/viv/SpartanTracker/lab7_2/sdk/tracker_top/hw/tracker_top.xsa
TRACE::2025-12-12.08:14:29::SCWPlatform::DSA absoulate path D:/viv/SpartanTracker/lab7_2/sdk/tracker_top/hw/tracker_top.xsa
TRACE::2025-12-12.08:14:29::SCWPlatform::DSA directory D:/viv/SpartanTracker/lab7_2/sdk/tracker_top/hw
TRACE::2025-12-12.08:14:29::SCWPlatform:: Platform Path D:/viv/SpartanTracker/lab7_2/sdk/tracker_top/hw/tracker_top.xsa
TRACE::2025-12-12.08:14:29::SCWPlatform:: Unique name xilinx:::0.0
TRACE::2025-12-12.08:14:29::SCWPlatform::Trying to set the existing hwdb with name tracker_top_18
TRACE::2025-12-12.08:14:29::SCWPlatform::Opened existing hwdb tracker_top_18
TRACE::2025-12-12.08:14:29::SCWPlatform::Found the Hw Db part of the input DSA
TRACE::2025-12-12.08:14:29::SCWMssOS::Checking the sw design at  D:/viv/SpartanTracker/lab7_2/sdk/tracker_top/microblaze_0/standalone_microblaze_0/bsp/system.mss
TRACE::2025-12-12.08:14:29::SCWMssOS::DEBUG:  swdes dump  
TRACE::2025-12-12.08:14:29::SCWMssOS::No sw design opened at  D:/viv/SpartanTracker/lab7_2/sdk/tracker_top/microblaze_0/standalone_microblaze_0/bsp/system.mss
TRACE::2025-12-12.08:14:29::SCWMssOS::mss exists loading the mss file  D:/viv/SpartanTracker/lab7_2/sdk/tracker_top/microblaze_0/standalone_microblaze_0/bsp/system.mss
TRACE::2025-12-12.08:14:29::SCWMssOS::Opened the sw design from mss  D:/viv/SpartanTracker/lab7_2/sdk/tracker_top/microblaze_0/standalone_microblaze_0/bsp/system.mss
TRACE::2025-12-12.08:14:29::SCWMssOS::Adding the swdes entry D:/viv/SpartanTracker/lab7_2/sdk/tracker_top/microblaze_0/standalone_microblaze_0/bsp/system.mss with des name system
TRACE::2025-12-12.08:14:29::SCWMssOS::updating the scw layer about changes
TRACE::2025-12-12.08:14:29::SCWMssOS::Opened the sw design.  D:/viv/SpartanTracker/lab7_2/sdk/tracker_top/microblaze_0/standalone_microblaze_0/bsp/system.mss
TRACE::2025-12-12.08:14:29::SCWMssOS::Saving the mss changes D:/viv/SpartanTracker/lab7_2/sdk/tracker_top/microblaze_0/standalone_microblaze_0/bsp/system.mss
TRACE::2025-12-12.08:14:29::SCWMssOS::Found a swdesign opened with the mssfile.
TRACE::2025-12-12.08:14:29::SCWMssOS::Completed writemss as part of save.
TRACE::2025-12-12.08:14:29::SCWMssOS::Commit changes completed.
TRACE::2025-12-12.08:14:29::SCWReader::Adding prebuilt librarypaths as   
TRACE::2025-12-12.08:14:29::SCWReader::Adding prebuilt incpaths  as   
TRACE::2025-12-12.08:14:29::SCWPlatform::Trying to open the hw design at D:/viv/SpartanTracker/lab7_2/sdk/tracker_top/hw/tracker_top.xsa
TRACE::2025-12-12.08:14:29::SCWPlatform::DSA given D:/viv/SpartanTracker/lab7_2/sdk/tracker_top/hw/tracker_top.xsa
TRACE::2025-12-12.08:14:29::SCWPlatform::DSA absoulate path D:/viv/SpartanTracker/lab7_2/sdk/tracker_top/hw/tracker_top.xsa
TRACE::2025-12-12.08:14:29::SCWPlatform::DSA directory D:/viv/SpartanTracker/lab7_2/sdk/tracker_top/hw
TRACE::2025-12-12.08:14:29::SCWPlatform:: Platform Path D:/viv/SpartanTracker/lab7_2/sdk/tracker_top/hw/tracker_top.xsa
TRACE::2025-12-12.08:14:29::SCWPlatform:: Unique name xilinx:::0.0
TRACE::2025-12-12.08:14:29::SCWPlatform::Trying to set the existing hwdb with name tracker_top_18
TRACE::2025-12-12.08:14:29::SCWPlatform::Opened existing hwdb tracker_top_18
TRACE::2025-12-12.08:14:29::SCWPlatform::Found the Hw Db part of the input DSA
TRACE::2025-12-12.08:14:29::SCWMssOS::Checking the sw design at  D:/viv/SpartanTracker/lab7_2/sdk/tracker_top/microblaze_0/standalone_microblaze_0/bsp/system.mss
TRACE::2025-12-12.08:14:29::SCWMssOS::DEBUG:  swdes dump  D:/viv/SpartanTracker/lab7_2/sdk/tracker_top/microblaze_0/standalone_microblaze_0/bsp/system.mss|system||

TRACE::2025-12-12.08:14:29::SCWMssOS::Sw design exists and opened at  D:/viv/SpartanTracker/lab7_2/sdk/tracker_top/microblaze_0/standalone_microblaze_0/bsp/system.mss
TRACE::2025-12-12.08:14:29::SCWReader::No isolation master present  
TRACE::2025-12-12.08:14:32::SCWPlatform::DSA given D:/viv/SpartanTracker/lab7_2/sdk/tracker_top/tempdsa/tracker_top.xsa
TRACE::2025-12-12.08:14:32::SCWPlatform::DSA absoulate path D:/viv/SpartanTracker/lab7_2/sdk/tracker_top/tempdsa/tracker_top.xsa
TRACE::2025-12-12.08:14:32::SCWPlatform:: Platform location is D:/viv/SpartanTracker/lab7_2/sdk/tracker_top/tempdsa
TRACE::2025-12-12.08:14:32::SCWPlatform:: Platform Path D:/viv/SpartanTracker/lab7_2/sdk/tracker_top/tempdsa/tracker_top.xsa
TRACE::2025-12-12.08:14:32::SCWPlatform:: Unique name xilinx:::0.0
TRACE::2025-12-12.08:14:32::SCWPlatform::Found the Hw Db part of the input DSA
TRACE::2025-12-12.08:14:32::SCWMssOS::Doing hw sync for the mss in domain: standalone_microblaze_0
TRACE::2025-12-12.08:14:32::SCWPlatform::Trying to open the hw design at D:/viv/SpartanTracker/lab7_2/sdk/tracker_top/hw/tracker_top.xsa
TRACE::2025-12-12.08:14:32::SCWPlatform::DSA given D:/viv/SpartanTracker/lab7_2/sdk/tracker_top/hw/tracker_top.xsa
TRACE::2025-12-12.08:14:32::SCWPlatform::DSA absoulate path D:/viv/SpartanTracker/lab7_2/sdk/tracker_top/hw/tracker_top.xsa
TRACE::2025-12-12.08:14:32::SCWPlatform::DSA directory D:/viv/SpartanTracker/lab7_2/sdk/tracker_top/hw
TRACE::2025-12-12.08:14:32::SCWPlatform:: Platform Path D:/viv/SpartanTracker/lab7_2/sdk/tracker_top/hw/tracker_top.xsa
TRACE::2025-12-12.08:14:32::SCWPlatform:: Unique name xilinx:::0.0
TRACE::2025-12-12.08:14:32::SCWPlatform::Trying to set the existing hwdb with name tracker_top_18
TRACE::2025-12-12.08:14:32::SCWPlatform::Opened existing hwdb tracker_top_18
TRACE::2025-12-12.08:14:32::SCWPlatform::Found the Hw Db part of the input DSA
TRACE::2025-12-12.08:14:32::SCWPlatform::Trying to open the hw design at D:/viv/SpartanTracker/lab7_2/sdk/tracker_top/hw/tracker_top.xsa
TRACE::2025-12-12.08:14:32::SCWPlatform::DSA given D:/viv/SpartanTracker/lab7_2/sdk/tracker_top/hw/tracker_top.xsa
TRACE::2025-12-12.08:14:32::SCWPlatform::DSA absoulate path D:/viv/SpartanTracker/lab7_2/sdk/tracker_top/hw/tracker_top.xsa
TRACE::2025-12-12.08:14:32::SCWPlatform::DSA directory D:/viv/SpartanTracker/lab7_2/sdk/tracker_top/hw
TRACE::2025-12-12.08:14:32::SCWPlatform:: Platform Path D:/viv/SpartanTracker/lab7_2/sdk/tracker_top/hw/tracker_top.xsa
TRACE::2025-12-12.08:14:32::SCWPlatform:: Unique name xilinx:::0.0
TRACE::2025-12-12.08:14:32::SCWPlatform::Trying to set the existing hwdb with name tracker_top_18
TRACE::2025-12-12.08:14:32::SCWPlatform::Opened existing hwdb tracker_top_18
TRACE::2025-12-12.08:14:32::SCWPlatform::Found the Hw Db part of the input DSA
TRACE::2025-12-12.08:14:32::SCWMssOS::Checking the sw design at  D:/viv/SpartanTracker/lab7_2/sdk/tracker_top/microblaze_0/standalone_microblaze_0/bsp/system.mss
TRACE::2025-12-12.08:14:32::SCWMssOS::DEBUG:  swdes dump  D:/viv/SpartanTracker/lab7_2/sdk/tracker_top/microblaze_0/standalone_microblaze_0/bsp/system.mss|system||

TRACE::2025-12-12.08:14:32::SCWMssOS::Sw design exists and opened at  D:/viv/SpartanTracker/lab7_2/sdk/tracker_top/microblaze_0/standalone_microblaze_0/bsp/system.mss
TRACE::2025-12-12.08:14:32::SCWPlatform::Trying to open the hw design at D:/viv/SpartanTracker/lab7_2/sdk/tracker_top/tempdsa/tracker_top.xsa
TRACE::2025-12-12.08:14:32::SCWPlatform::DSA given D:/viv/SpartanTracker/lab7_2/sdk/tracker_top/tempdsa/tracker_top.xsa
TRACE::2025-12-12.08:14:32::SCWPlatform::DSA absoulate path D:/viv/SpartanTracker/lab7_2/sdk/tracker_top/tempdsa/tracker_top.xsa
TRACE::2025-12-12.08:14:32::SCWPlatform::DSA directory D:/viv/SpartanTracker/lab7_2/sdk/tracker_top/tempdsa
TRACE::2025-12-12.08:14:32::SCWPlatform:: Platform Path D:/viv/SpartanTracker/lab7_2/sdk/tracker_top/tempdsa/tracker_top.xsa
TRACE::2025-12-12.08:14:32::SCWPlatform:: Unique name xilinx:::0.0
TRACE::2025-12-12.08:14:32::SCWPlatform::update - Opened existing hwdb tracker_top_19
TRACE::2025-12-12.08:14:32::SCWPlatform::Found the Hw Db part of the input DSA
TRACE::2025-12-12.08:14:32::SCWMssOS::Saving the mss changes D:/viv/SpartanTracker/lab7_2/sdk/tracker_top/microblaze_0/standalone_microblaze_0/bsp/system.mss
TRACE::2025-12-12.08:14:32::SCWMssOS::Found a swdesign opened with the mssfile.
TRACE::2025-12-12.08:14:32::SCWMssOS::Completed writemss as part of save.
TRACE::2025-12-12.08:14:32::SCWMssOS::Commit changes completed.
TRACE::2025-12-12.08:14:32::SCWMssOS::Completed hw sync for the mss in domain: standalone_microblaze_0
TRACE::2025-12-12.08:14:32::SCWMssOS::Removing the swdes entry for  D:/viv/SpartanTracker/lab7_2/sdk/tracker_top/microblaze_0/standalone_microblaze_0/bsp/system.mss
TRACE::2025-12-12.08:14:32::SCWPlatform::Trying to open the hw design at D:/viv/SpartanTracker/lab7_2/sdk/tracker_top/hw/tracker_top.xsa
TRACE::2025-12-12.08:14:32::SCWPlatform::DSA given D:/viv/SpartanTracker/lab7_2/sdk/tracker_top/hw/tracker_top.xsa
TRACE::2025-12-12.08:14:32::SCWPlatform::DSA absoulate path D:/viv/SpartanTracker/lab7_2/sdk/tracker_top/hw/tracker_top.xsa
TRACE::2025-12-12.08:14:32::SCWPlatform::DSA directory D:/viv/SpartanTracker/lab7_2/sdk/tracker_top/hw
TRACE::2025-12-12.08:14:32::SCWPlatform:: Platform Path D:/viv/SpartanTracker/lab7_2/sdk/tracker_top/hw/tracker_top.xsa
TRACE::2025-12-12.08:14:32::SCWPlatform:: Unique name xilinx:::0.0
TRACE::2025-12-12.08:14:32::SCWPlatform::Do not have an existing db opened. 
TRACE::2025-12-12.08:14:32::SCWPlatform::Opened new HwDB with name tracker_top_20
TRACE::2025-12-12.08:14:32::SCWMssOS::Saving the mss changes D:/viv/SpartanTracker/lab7_2/sdk/tracker_top/microblaze_0/standalone_microblaze_0/bsp/system.mss
TRACE::2025-12-12.08:14:32::SCWMssOS::Adding the swdes entry, mss present, able to open swdb D:/viv/SpartanTracker/lab7_2/sdk/tracker_top/microblaze_0/standalone_microblaze_0/bsp/system.mss with des name system
TRACE::2025-12-12.08:14:32::SCWMssOS::Writing the mss file completed D:/viv/SpartanTracker/lab7_2/sdk/tracker_top/microblaze_0/standalone_microblaze_0/bsp/system.mss
TRACE::2025-12-12.08:14:32::SCWMssOS::Commit changes completed.
TRACE::2025-12-12.08:14:32::SCWPlatform::Trying to open the hw design at D:/viv/SpartanTracker/lab7_2/sdk/tracker_top/hw/tracker_top.xsa
TRACE::2025-12-12.08:14:32::SCWPlatform::DSA given D:/viv/SpartanTracker/lab7_2/sdk/tracker_top/hw/tracker_top.xsa
TRACE::2025-12-12.08:14:32::SCWPlatform::DSA absoulate path D:/viv/SpartanTracker/lab7_2/sdk/tracker_top/hw/tracker_top.xsa
TRACE::2025-12-12.08:14:32::SCWPlatform::DSA directory D:/viv/SpartanTracker/lab7_2/sdk/tracker_top/hw
TRACE::2025-12-12.08:14:32::SCWPlatform:: Platform Path D:/viv/SpartanTracker/lab7_2/sdk/tracker_top/hw/tracker_top.xsa
TRACE::2025-12-12.08:14:32::SCWPlatform:: Unique name xilinx:::0.0
TRACE::2025-12-12.08:14:32::SCWPlatform::Trying to set the existing hwdb with name tracker_top_20
TRACE::2025-12-12.08:14:32::SCWPlatform::Opened existing hwdb tracker_top_20
TRACE::2025-12-12.08:14:32::SCWPlatform::Found the Hw Db part of the input DSA
TRACE::2025-12-12.08:14:32::SCWMssOS::Checking the sw design at  D:/viv/SpartanTracker/lab7_2/sdk/tracker_top/microblaze_0/standalone_microblaze_0/bsp/system.mss
TRACE::2025-12-12.08:14:32::SCWMssOS::DEBUG:  swdes dump  D:/viv/SpartanTracker/lab7_2/sdk/tracker_top/microblaze_0/standalone_microblaze_0/bsp/system.mss|system||

TRACE::2025-12-12.08:14:32::SCWMssOS::Sw design exists and opened at  D:/viv/SpartanTracker/lab7_2/sdk/tracker_top/microblaze_0/standalone_microblaze_0/bsp/system.mss
TRACE::2025-12-12.08:14:32::SCWWriter::formatted JSON is {
	"platformName":	"tracker_top",
	"sprVersion":	"2.0",
	"mode":	"gui",
	"dsaType":	"Fixed",
	"platformDesc":	"tracker_top",
	"platHandOff":	"D:/viv/SpartanTracker/lab7_2/tracker_top.xsa",
	"platIntHandOff":	"<platformDir>/hw/tracker_top.xsa",
	"deviceType":	"FPGA",
	"platIsPrebuiltAutogen":	"false",
	"platIsNoBootBsp":	"false",
	"hasFsblMakeHasChanges":	"false",
	"hasPmufwMakeHasChanges":	"false",
	"platPreBuiltFlag":	false,
	"platformSamplesDir":	"",
	"platActiveSys":	"tracker_top",
	"systems":	[{
			"systemName":	"tracker_top",
			"systemDesc":	"tracker_top",
			"sysIsBootAutoGen":	"true",
			"systemDispName":	"tracker_top",
			"sysActiveDom":	"standalone_microblaze_0",
			"sysDefaultDom":	"standalone_microblaze_0",
			"domains":	[{
					"domainName":	"standalone_microblaze_0",
					"domainDispName":	"standalone_microblaze_0",
					"domainDesc":	"standalone_microblaze_0",
					"processors":	"microblaze_0",
					"os":	"standalone",
					"sdxOs":	"standalone",
					"debugEnable":	"False",
					"domRuntimes":	["cpp"],
					"swRepo":	"",
					"mssOsVer":	"8.0",
					"mssFile":	"",
					"md5Digest":	"948367085d8c8b0e65ac10674ef4e0941",
					"compatibleApp":	"",
					"domType":	"mssDomain",
					"arch":	"32-bit",
					"appSettings":	{
						"appCompilerFlags":	"",
						"appLinkerFlags":	""
					},
					"addedLibs":	[],
					"libOptions":	{
						"libsContainingOptions":	[]
					},
					"prebuiltLibs":	{
						"prebuiltIncPath":	[],
						"prebuiltLibPath":	[]
					},
					"isolation":	{
					}
				}]
		}]
}
TRACE::2025-12-12.08:14:40::SCWMssOS::cleaning the bsp 
TRACE::2025-12-12.08:14:40::SCWMssOS::System Command Ran  D: & cd  D:/viv/SpartanTracker/lab7_2/sdk/tracker_top/microblaze_0/standalone_microblaze_0/bsp & make clean 
TRACE::2025-12-12.08:14:40::SCWMssOS::make -C microblaze_0/libsrc/bram_v4_8/src -s clean 

TRACE::2025-12-12.08:14:40::SCWMssOS::make -C microblaze_0/libsrc/cpu_v2_16/src -s clean 

TRACE::2025-12-12.08:14:40::SCWMssOS::make -C microblaze_0/libsrc/gpio_v4_9/src -s clean 

TRACE::2025-12-12.08:14:40::SCWMssOS::make -C microblaze_0/libsrc/intc_v3_15/src -s clean 

TRACE::2025-12-12.08:14:40::SCWMssOS::make -C microblaze_0/libsrc/spi_v4_9/src -s clean 

TRACE::2025-12-12.08:14:40::SCWMssOS::make -C microblaze_0/libsrc/standalone_v8_0/src -s clean 

TRACE::2025-12-12.08:14:40::SCWMssOS::make -C microblaze_0/libsrc/tmrctr_v4_9/src -s clean 

TRACE::2025-12-12.08:14:40::SCWMssOS::make -C microblaze_0/libsrc/uartlite_v3_7/src -s clean 

TRACE::2025-12-12.08:14:40::SCWMssOS::rm -f microblaze_0/lib/libxil.a

LOG::2025-12-12.08:14:48::SCWPlatform::Started generating the artifacts platform tracker_top
TRACE::2025-12-12.08:14:48::SCWPlatform::Sanity checking of platform is completed
LOG::2025-12-12.08:14:48::SCWPlatform::Started generating the artifacts for system configuration tracker_top
LOG::2025-12-12.08:14:48::SCWSystem::Checking the domain standalone_microblaze_0
LOG::2025-12-12.08:14:48::SCWSystem::Not a boot domain 
LOG::2025-12-12.08:14:48::SCWSystem::Started Processing the domain standalone_microblaze_0
TRACE::2025-12-12.08:14:48::SCWDomain::Generating domain artifcats
TRACE::2025-12-12.08:14:48::SCWMssOS::Generating standalone artifcats
TRACE::2025-12-12.08:14:48::SCWMssOS:: Copying the user libraries. 
TRACE::2025-12-12.08:14:48::SCWPlatform::Trying to open the hw design at D:/viv/SpartanTracker/lab7_2/sdk/tracker_top/hw/tracker_top.xsa
TRACE::2025-12-12.08:14:48::SCWPlatform::DSA given D:/viv/SpartanTracker/lab7_2/sdk/tracker_top/hw/tracker_top.xsa
TRACE::2025-12-12.08:14:48::SCWPlatform::DSA absoulate path D:/viv/SpartanTracker/lab7_2/sdk/tracker_top/hw/tracker_top.xsa
TRACE::2025-12-12.08:14:48::SCWPlatform::DSA directory D:/viv/SpartanTracker/lab7_2/sdk/tracker_top/hw
TRACE::2025-12-12.08:14:48::SCWPlatform:: Platform Path D:/viv/SpartanTracker/lab7_2/sdk/tracker_top/hw/tracker_top.xsa
TRACE::2025-12-12.08:14:48::SCWPlatform:: Unique name xilinx:::0.0
TRACE::2025-12-12.08:14:48::SCWPlatform::Trying to set the existing hwdb with name tracker_top_20
TRACE::2025-12-12.08:14:48::SCWPlatform::Opened existing hwdb tracker_top_20
TRACE::2025-12-12.08:14:48::SCWPlatform::Found the Hw Db part of the input DSA
TRACE::2025-12-12.08:14:48::SCWMssOS::Checking the sw design at  D:/viv/SpartanTracker/lab7_2/sdk/tracker_top/microblaze_0/standalone_microblaze_0/bsp/system.mss
TRACE::2025-12-12.08:14:48::SCWMssOS::DEBUG:  swdes dump  D:/viv/SpartanTracker/lab7_2/sdk/tracker_top/microblaze_0/standalone_microblaze_0/bsp/system.mss|system||

TRACE::2025-12-12.08:14:48::SCWMssOS::Sw design exists and opened at  D:/viv/SpartanTracker/lab7_2/sdk/tracker_top/microblaze_0/standalone_microblaze_0/bsp/system.mss
TRACE::2025-12-12.08:14:48::SCWMssOS::Completed writing the mss file at D:/viv/SpartanTracker/lab7_2/sdk/tracker_top/microblaze_0/standalone_microblaze_0/bsp
TRACE::2025-12-12.08:14:48::SCWMssOS::Mss edits present, copying mssfile into export location D:/viv/SpartanTracker/lab7_2/sdk/tracker_top/microblaze_0/standalone_microblaze_0/bsp/system.mss
TRACE::2025-12-12.08:14:48::SCWMssOS::bsp generated is stale removing and regenerating. 
TRACE::2025-12-12.08:14:49::SCWMssOS::doing bsp build ... 
TRACE::2025-12-12.08:14:49::SCWMssOS::System Command Ran  D: & cd  D:/viv/SpartanTracker/lab7_2/sdk/tracker_top/microblaze_0/standalone_microblaze_0/bsp & make 
TRACE::2025-12-12.08:14:49::SCWMssOS::make --no-print-directory seq_libs

TRACE::2025-12-12.08:14:49::SCWMssOS::'Finished building libraries sequentially.'

TRACE::2025-12-12.08:14:49::SCWMssOS::make -j 6 --no-print-directory par_libs

TRACE::2025-12-12.08:14:49::SCWMssOS::"Running Make include in microblaze_0/libsrc/bram_v4_8/src"

TRACE::2025-12-12.08:14:49::SCWMssOS::make -C microblaze_0/libsrc/bram_v4_8/src -s include  "SHELL=CMD" "COMPILER=mb-gcc" "ASSEMBLER=mb-as" "ARCHIVER=mb-ar" "COMPILE
TRACE::2025-12-12.08:14:49::SCWMssOS::R_FLAGS=  -O2 -c -mcpu=v11.0 -mlittle-endian -mno-xl-reorder -mno-xl-soft-mul -mxl-barrel-shift -mxl-pattern-compare" "EXTRA_CO
TRACE::2025-12-12.08:14:49::SCWMssOS::MPILER_FLAGS=-g -ffunction-sections -fdata-sections -Wall -Wextra -fno-tree-loop-distribute-patterns"

TRACE::2025-12-12.08:14:49::SCWMssOS::"Running Make include in microblaze_0/libsrc/cpu_v2_16/src"

TRACE::2025-12-12.08:14:49::SCWMssOS::make -C microblaze_0/libsrc/cpu_v2_16/src -s include  "SHELL=CMD" "COMPILER=mb-gcc" "ASSEMBLER=mb-as" "ARCHIVER=mb-ar" "COMPILE
TRACE::2025-12-12.08:14:49::SCWMssOS::R_FLAGS=  -O2 -c -mcpu=v11.0 -mlittle-endian -mno-xl-reorder -mno-xl-soft-mul -mxl-barrel-shift -mxl-pattern-compare" "EXTRA_CO
TRACE::2025-12-12.08:14:49::SCWMssOS::MPILER_FLAGS=-g -ffunction-sections -fdata-sections -Wall -Wextra -fno-tree-loop-distribute-patterns"

TRACE::2025-12-12.08:14:49::SCWMssOS::"Running Make include in microblaze_0/libsrc/gpio_v4_9/src"

TRACE::2025-12-12.08:14:49::SCWMssOS::"Running Make include in microblaze_0/libsrc/intc_v3_15/src"

TRACE::2025-12-12.08:14:49::SCWMssOS::make -C microblaze_0/libsrc/intc_v3_15/src -s include  "SHELL=CMD" "COMPILER=mb-gcc" "ASSEMBLER=mb-as" "ARCHIVER=mb-ar" "COMPIL
TRACE::2025-12-12.08:14:49::SCWMssOS::ER_FLAGS=  -O2 -c -mcpu=v11.0 -mlittle-endian -mno-xl-reorder -mno-xl-soft-mul -mxl-barrel-shift -mxl-pattern-compare" "EXTRA_C
TRACE::2025-12-12.08:14:49::SCWMssOS::OMPILER_FLAGS=-g -ffunction-sections -fdata-sections -Wall -Wextra -fno-tree-loop-distribute-patterns"

TRACE::2025-12-12.08:14:49::SCWMssOS::"Running Make include in microblaze_0/libsrc/spi_v4_9/src"

TRACE::2025-12-12.08:14:49::SCWMssOS::make -C microblaze_0/libsrc/gpio_v4_9/src -s include  "SHELL=CMD" "COMPILER=mb-gcc" "ASSEMBLER=mb-as" "ARCHIVER=mb-ar" "COMPILE
TRACE::2025-12-12.08:14:49::SCWMssOS::R_FLAGS=  -O2 -c -mcpu=v11.0 -mlittle-endian -mno-xl-reorder -mno-xl-soft-mul -mxl-barrel-shift -mxl-pattern-compare" "EXTRA_CO
TRACE::2025-12-12.08:14:49::SCWMssOS::MPILER_FLAGS=-g -ffunction-sections -fdata-sections -Wall -Wextra -fno-tree-loop-distribute-patterns"

TRACE::2025-12-12.08:14:49::SCWMssOS::make -C microblaze_0/libsrc/spi_v4_9/src -s include  "SHELL=CMD" "COMPILER=mb-gcc" "ASSEMBLER=mb-as" "ARCHIVER=mb-ar" "COMPILER
TRACE::2025-12-12.08:14:49::SCWMssOS::_FLAGS=  -O2 -c -mcpu=v11.0 -mlittle-endian -mno-xl-reorder -mno-xl-soft-mul -mxl-barrel-shift -mxl-pattern-compare" "EXTRA_COM
TRACE::2025-12-12.08:14:49::SCWMssOS::PILER_FLAGS=-g -ffunction-sections -fdata-sections -Wall -Wextra -fno-tree-loop-distribute-patterns"

TRACE::2025-12-12.08:14:50::SCWMssOS::"Running Make include in microblaze_0/libsrc/standalone_v8_0/src"

TRACE::2025-12-12.08:14:50::SCWMssOS::make -C microblaze_0/libsrc/standalone_v8_0/src -s include  "SHELL=CMD" "COMPILER=mb-gcc" "ASSEMBLER=mb-as" "ARCHIVER=mb-ar" "C
TRACE::2025-12-12.08:14:50::SCWMssOS::OMPILER_FLAGS=  -O2 -c -mcpu=v11.0 -mlittle-endian -mno-xl-reorder -mno-xl-soft-mul -mxl-barrel-shift -mxl-pattern-compare" "EX
TRACE::2025-12-12.08:14:50::SCWMssOS::TRA_COMPILER_FLAGS=-g -ffunction-sections -fdata-sections -Wall -Wextra -fno-tree-loop-distribute-patterns"

TRACE::2025-12-12.08:14:50::SCWMssOS::"Running Make include in microblaze_0/libsrc/tmrctr_v4_9/src"

TRACE::2025-12-12.08:14:50::SCWMssOS::make -C microblaze_0/libsrc/tmrctr_v4_9/src -s include  "SHELL=CMD" "COMPILER=mb-gcc" "ASSEMBLER=mb-as" "ARCHIVER=mb-ar" "COMPI
TRACE::2025-12-12.08:14:50::SCWMssOS::LER_FLAGS=  -O2 -c -mcpu=v11.0 -mlittle-endian -mno-xl-reorder -mno-xl-soft-mul -mxl-barrel-shift -mxl-pattern-compare" "EXTRA_
TRACE::2025-12-12.08:14:50::SCWMssOS::COMPILER_FLAGS=-g -ffunction-sections -fdata-sections -Wall -Wextra -fno-tree-loop-distribute-patterns"

TRACE::2025-12-12.08:14:50::SCWMssOS::"Running Make include in microblaze_0/libsrc/uartlite_v3_7/src"

TRACE::2025-12-12.08:14:50::SCWMssOS::make -C microblaze_0/libsrc/uartlite_v3_7/src -s include  "SHELL=CMD" "COMPILER=mb-gcc" "ASSEMBLER=mb-as" "ARCHIVER=mb-ar" "COM
TRACE::2025-12-12.08:14:50::SCWMssOS::PILER_FLAGS=  -O2 -c -mcpu=v11.0 -mlittle-endian -mno-xl-reorder -mno-xl-soft-mul -mxl-barrel-shift -mxl-pattern-compare" "EXTR
TRACE::2025-12-12.08:14:50::SCWMssOS::A_COMPILER_FLAGS=-g -ffunction-sections -fdata-sections -Wall -Wextra -fno-tree-loop-distribute-patterns"

TRACE::2025-12-12.08:14:50::SCWMssOS::"Running Make libs in microblaze_0/libsrc/bram_v4_8/src"

TRACE::2025-12-12.08:14:50::SCWMssOS::"Running Make libs in microblaze_0/libsrc/cpu_v2_16/src"

TRACE::2025-12-12.08:14:50::SCWMssOS::make -C microblaze_0/libsrc/bram_v4_8/src -s libs  "SHELL=CMD" "COMPILER=mb-gcc" "ASSEMBLER=mb-as" "ARCHIVER=mb-ar" "COMPILER_F
TRACE::2025-12-12.08:14:50::SCWMssOS::LAGS=  -O2 -c -mcpu=v11.0 -mlittle-endian -mno-xl-reorder -mno-xl-soft-mul -mxl-barrel-shift -mxl-pattern-compare" "EXTRA_COMPI
TRACE::2025-12-12.08:14:50::SCWMssOS::LER_FLAGS=-g -ffunction-sections -fdata-sections -Wall -Wextra -fno-tree-loop-distribute-patterns"

TRACE::2025-12-12.08:14:50::SCWMssOS::"Running Make libs in microblaze_0/libsrc/gpio_v4_9/src"

TRACE::2025-12-12.08:14:50::SCWMssOS::make -C microblaze_0/libsrc/cpu_v2_16/src -s libs  "SHELL=CMD" "COMPILER=mb-gcc" "ASSEMBLER=mb-as" "ARCHIVER=mb-ar" "COMPILER_F
TRACE::2025-12-12.08:14:50::SCWMssOS::LAGS=  -O2 -c -mcpu=v11.0 -mlittle-endian -mno-xl-reorder -mno-xl-soft-mul -mxl-barrel-shift -mxl-pattern-compare" "EXTRA_COMPI
TRACE::2025-12-12.08:14:50::SCWMssOS::LER_FLAGS=-g -ffunction-sections -fdata-sections -Wall -Wextra -fno-tree-loop-distribute-patterns"

TRACE::2025-12-12.08:14:50::SCWMssOS::make -C microblaze_0/libsrc/gpio_v4_9/src -s libs  "SHELL=CMD" "COMPILER=mb-gcc" "ASSEMBLER=mb-as" "ARCHIVER=mb-ar" "COMPILER_F
TRACE::2025-12-12.08:14:50::SCWMssOS::LAGS=  -O2 -c -mcpu=v11.0 -mlittle-endian -mno-xl-reorder -mno-xl-soft-mul -mxl-barrel-shift -mxl-pattern-compare" "EXTRA_COMPI
TRACE::2025-12-12.08:14:50::SCWMssOS::LER_FLAGS=-g -ffunction-sections -fdata-sections -Wall -Wextra -fno-tree-loop-distribute-patterns"

TRACE::2025-12-12.08:14:50::SCWMssOS::"Running Make libs in microblaze_0/libsrc/intc_v3_15/src"

TRACE::2025-12-12.08:14:50::SCWMssOS::make -C microblaze_0/libsrc/intc_v3_15/src -s libs  "SHELL=CMD" "COMPILER=mb-gcc" "ASSEMBLER=mb-as" "ARCHIVER=mb-ar" "COMPILER_
TRACE::2025-12-12.08:14:50::SCWMssOS::FLAGS=  -O2 -c -mcpu=v11.0 -mlittle-endian -mno-xl-reorder -mno-xl-soft-mul -mxl-barrel-shift -mxl-pattern-compare" "EXTRA_COMP
TRACE::2025-12-12.08:14:50::SCWMssOS::ILER_FLAGS=-g -ffunction-sections -fdata-sections -Wall -Wextra -fno-tree-loop-distribute-patterns"

TRACE::2025-12-12.08:14:51::SCWMssOS::"Running Make libs in microblaze_0/libsrc/spi_v4_9/src"

TRACE::2025-12-12.08:14:51::SCWMssOS::make -C microblaze_0/libsrc/spi_v4_9/src -s libs  "SHELL=CMD" "COMPILER=mb-gcc" "ASSEMBLER=mb-as" "ARCHIVER=mb-ar" "COMPILER_FL
TRACE::2025-12-12.08:14:51::SCWMssOS::AGS=  -O2 -c -mcpu=v11.0 -mlittle-endian -mno-xl-reorder -mno-xl-soft-mul -mxl-barrel-shift -mxl-pattern-compare" "EXTRA_COMPIL
TRACE::2025-12-12.08:14:51::SCWMssOS::ER_FLAGS=-g -ffunction-sections -fdata-sections -Wall -Wextra -fno-tree-loop-distribute-patterns"

TRACE::2025-12-12.08:14:51::SCWMssOS::"Running Make libs in microblaze_0/libsrc/standalone_v8_0/src"

TRACE::2025-12-12.08:14:51::SCWMssOS::make -C microblaze_0/libsrc/standalone_v8_0/src -s libs  "SHELL=CMD" "COMPILER=mb-gcc" "ASSEMBLER=mb-as" "ARCHIVER=mb-ar" "COMP
TRACE::2025-12-12.08:14:51::SCWMssOS::ILER_FLAGS=  -O2 -c -mcpu=v11.0 -mlittle-endian -mno-xl-reorder -mno-xl-soft-mul -mxl-barrel-shift -mxl-pattern-compare" "EXTRA
TRACE::2025-12-12.08:14:51::SCWMssOS::_COMPILER_FLAGS=-g -ffunction-sections -fdata-sections -Wall -Wextra -fno-tree-loop-distribute-patterns"

TRACE::2025-12-12.08:14:51::SCWMssOS::"Running Make libs in microblaze_0/libsrc/tmrctr_v4_9/src"

TRACE::2025-12-12.08:14:51::SCWMssOS::make -C microblaze_0/libsrc/tmrctr_v4_9/src -s libs  "SHELL=CMD" "COMPILER=mb-gcc" "ASSEMBLER=mb-as" "ARCHIVER=mb-ar" "COMPILER
TRACE::2025-12-12.08:14:51::SCWMssOS::_FLAGS=  -O2 -c -mcpu=v11.0 -mlittle-endian -mno-xl-reorder -mno-xl-soft-mul -mxl-barrel-shift -mxl-pattern-compare" "EXTRA_COM
TRACE::2025-12-12.08:14:51::SCWMssOS::PILER_FLAGS=-g -ffunction-sections -fdata-sections -Wall -Wextra -fno-tree-loop-distribute-patterns"

TRACE::2025-12-12.08:14:52::SCWMssOS::"Running Make libs in microblaze_0/libsrc/uartlite_v3_7/src"

TRACE::2025-12-12.08:14:52::SCWMssOS::make -C microblaze_0/libsrc/uartlite_v3_7/src -s libs  "SHELL=CMD" "COMPILER=mb-gcc" "ASSEMBLER=mb-as" "ARCHIVER=mb-ar" "COMPIL
TRACE::2025-12-12.08:14:52::SCWMssOS::ER_FLAGS=  -O2 -c -mcpu=v11.0 -mlittle-endian -mno-xl-reorder -mno-xl-soft-mul -mxl-barrel-shift -mxl-pattern-compare" "EXTRA_C
TRACE::2025-12-12.08:14:52::SCWMssOS::OMPILER_FLAGS=-g -ffunction-sections -fdata-sections -Wall -Wextra -fno-tree-loop-distribute-patterns"

TRACE::2025-12-12.08:14:55::SCWMssOS::"DEBUG NON_LTO_OBJECTS is ../../../lib/microblaze_interrupt_handler.o"

TRACE::2025-12-12.08:14:55::SCWMssOS::'Finished building libraries parallelly.'

TRACE::2025-12-12.08:14:55::SCWMssOS::make --no-print-directory archive

TRACE::2025-12-12.08:14:55::SCWMssOS::mb-ar -r  microblaze_0/lib/libxil.a microblaze_0/lib/_exit.o microblaze_0/lib/errno.o microblaze_0/lib/fcntl.o microblaze_0/lib
TRACE::2025-12-12.08:14:55::SCWMssOS::/hw_exception_handler.o microblaze_0/lib/inbyte.o microblaze_0/lib/microblaze_disable_dcache.o microblaze_0/lib/microblaze_disa
TRACE::2025-12-12.08:14:55::SCWMssOS::ble_exceptions.o microblaze_0/lib/microblaze_disable_icache.o microblaze_0/lib/microblaze_disable_interrupts.o microblaze_0/lib
TRACE::2025-12-12.08:14:55::SCWMssOS::/microblaze_enable_dcache.o microblaze_0/lib/microblaze_enable_exceptions.o microblaze_0/lib/microblaze_enable_icache.o microbl
TRACE::2025-12-12.08:14:55::SCWMssOS::aze_0/lib/microblaze_enable_interrupts.o microblaze_0/lib/microblaze_exception_handler.o microblaze_0/lib/microblaze_flush_cach
TRACE::2025-12-12.08:14:55::SCWMssOS::e_ext.o microblaze_0/lib/microblaze_flush_cache_ext_range.o microblaze_0/lib/microblaze_flush_dcache.o microblaze_0/lib/microbl
TRACE::2025-12-12.08:14:55::SCWMssOS::aze_flush_dcache_range.o microblaze_0/lib/microblaze_init_dcache_range.o microblaze_0/lib/microblaze_init_icache_range.o microb
TRACE::2025-12-12.08:14:55::SCWMssOS::laze_0/lib/microblaze_interrupt_handler.o microblaze_0/lib/microblaze_interrupts_g.o microblaze_0/lib/microblaze_invalidate_cac
TRACE::2025-12-12.08:14:55::SCWMssOS::he_ext.o microblaze_0/lib/microblaze_invalidate_cache_ext_range.o microblaze_0/lib/microblaze_invalidate_dcache.o microblaze_0/
TRACE::2025-12-12.08:14:55::SCWMssOS::lib/microblaze_invalidate_dcache_range.o microblaze_0/lib/microblaze_invalidate_icache.o microblaze_0/lib/microblaze_invalidate
TRACE::2025-12-12.08:14:55::SCWMssOS::_icache_range.o microblaze_0/lib/microblaze_scrub.o microblaze_0/lib/microblaze_selftest.o microblaze_0/lib/microblaze_sleep.o 
TRACE::2025-12-12.08:14:55::SCWMssOS::microblaze_0/lib/microblaze_update_dcache.o microblaze_0/lib/microblaze_update_icache.o microblaze_0/lib/outbyte.o microblaze_0
TRACE::2025-12-12.08:14:55::SCWMssOS::/lib/print.o microblaze_0/lib/pvr.o microblaze_0/lib/xbram.o microblaze_0/lib/xbram_g.o microblaze_0/lib/xbram_intr.o microblaz
TRACE::2025-12-12.08:14:55::SCWMssOS::e_0/lib/xbram_selftest.o microblaze_0/lib/xbram_sinit.o microblaze_0/lib/xgpio.o microblaze_0/lib/xgpio_extra.o microblaze_0/li
TRACE::2025-12-12.08:14:55::SCWMssOS::b/xgpio_g.o microblaze_0/lib/xgpio_intr.o microblaze_0/lib/xgpio_selftest.o microblaze_0/lib/xgpio_sinit.o microblaze_0/lib/xil
TRACE::2025-12-12.08:14:55::SCWMssOS::_assert.o microblaze_0/lib/xil_cache.o microblaze_0/lib/xil_clocking.o microblaze_0/lib/xil_exception.o microblaze_0/lib/xil_me
TRACE::2025-12-12.08:14:55::SCWMssOS::m.o microblaze_0/lib/xil_misc_psreset_api.o microblaze_0/lib/xil_printf.o microblaze_0/lib/xil_sleepcommon.o microblaze_0/lib/x
TRACE::2025-12-12.08:14:55::SCWMssOS::il_testcache.o microblaze_0/lib/xil_testio.o microblaze_0/lib/xil_testmem.o microblaze_0/lib/xil_util.o microblaze_0/lib/xintc.
TRACE::2025-12-12.08:14:55::SCWMssOS::o microblaze_0/lib/xintc_g.o microblaze_0/lib/xintc_intr.o microblaze_0/lib/xintc_l.o microblaze_0/lib/xintc_options.o microbla
TRACE::2025-12-12.08:14:55::SCWMssOS::ze_0/lib/xintc_selftest.o microblaze_0/lib/xinterrupt_wrap.o microblaze_0/lib/xio.o microblaze_0/lib/xplatform_info.o microblaz
TRACE::2025-12-12.08:14:55::SCWMssOS::e_0/lib/xspi.o microblaze_0/lib/xspi_g.o microblaze_0/lib/xspi_options.o microblaze_0/lib/xspi_selftest.o microblaze_0/lib/xspi
TRACE::2025-12-12.08:14:55::SCWMssOS::_sinit.o microblaze_0/lib/xspi_stats.o microblaze_0/lib/xtmrctr.o microblaze_0/lib/xtmrctr_g.o microblaze_0/lib/xtmrctr_intr.o 
TRACE::2025-12-12.08:14:55::SCWMssOS::microblaze_0/lib/xtmrctr_l.o microblaze_0/lib/xtmrctr_options.o microblaze_0/lib/xtmrctr_selftest.o microblaze_0/lib/xtmrctr_si
TRACE::2025-12-12.08:14:55::SCWMssOS::nit.o microblaze_0/lib/xtmrctr_stats.o microblaze_0/lib/xuartlite.o microblaze_0/lib/xuartlite_g.o microblaze_0/lib/xuartlite_i
TRACE::2025-12-12.08:14:55::SCWMssOS::ntr.o microblaze_0/lib/xuartlite_l.o microblaze_0/lib/xuartlite_selftest.o microblaze_0/lib/xuartlite_sinit.o microblaze_0/lib/
TRACE::2025-12-12.08:14:55::SCWMssOS::xuartlite_stats.o

TRACE::2025-12-12.08:14:55::SCWMssOS::'Finished building libraries'

TRACE::2025-12-12.08:14:55::SCWMssOS:: Checking if to create the Supporting Applications
TRACE::2025-12-12.08:14:55::SCWMssOS:: No Linux domain exists, trying to generate FSBL 
LOG::2025-12-12.08:14:55::SCWSystem::Completed Processing the domain standalone_microblaze_0
LOG::2025-12-12.08:14:55::SCWSystem::Completed Processing the sysconfig tracker_top
LOG::2025-12-12.08:14:55::SCWPlatform::Completed generating the artifacts for system configuration tracker_top
TRACE::2025-12-12.08:14:55::SCWPlatform::Started preparing the platform 
TRACE::2025-12-12.08:14:55::SCWSystem::Writing the bif file for system config tracker_top
TRACE::2025-12-12.08:14:55::SCWSystem::dir created 
TRACE::2025-12-12.08:14:55::SCWSystem::Writing the bif 
TRACE::2025-12-12.08:14:55::SCWPlatform::Started writing the spfm file 
TRACE::2025-12-12.08:14:55::SCWPlatform::Started writing the xpfm file 
TRACE::2025-12-12.08:14:55::SCWPlatform::Completed generating the platform
TRACE::2025-12-12.08:14:55::SCWMssOS::Saving the mss changes D:/viv/SpartanTracker/lab7_2/sdk/tracker_top/microblaze_0/standalone_microblaze_0/bsp/system.mss
TRACE::2025-12-12.08:14:55::SCWMssOS::Adding the swdes entry, mss present, able to open swdb D:/viv/SpartanTracker/lab7_2/sdk/tracker_top/microblaze_0/standalone_microblaze_0/bsp/system.mss with des name system
TRACE::2025-12-12.08:14:55::SCWMssOS::Writing the mss file completed D:/viv/SpartanTracker/lab7_2/sdk/tracker_top/microblaze_0/standalone_microblaze_0/bsp/system.mss
TRACE::2025-12-12.08:14:55::SCWMssOS::Commit changes completed.
TRACE::2025-12-12.08:14:55::SCWPlatform::Trying to open the hw design at D:/viv/SpartanTracker/lab7_2/sdk/tracker_top/hw/tracker_top.xsa
TRACE::2025-12-12.08:14:55::SCWPlatform::DSA given D:/viv/SpartanTracker/lab7_2/sdk/tracker_top/hw/tracker_top.xsa
TRACE::2025-12-12.08:14:55::SCWPlatform::DSA absoulate path D:/viv/SpartanTracker/lab7_2/sdk/tracker_top/hw/tracker_top.xsa
TRACE::2025-12-12.08:14:55::SCWPlatform::DSA directory D:/viv/SpartanTracker/lab7_2/sdk/tracker_top/hw
TRACE::2025-12-12.08:14:55::SCWPlatform:: Platform Path D:/viv/SpartanTracker/lab7_2/sdk/tracker_top/hw/tracker_top.xsa
TRACE::2025-12-12.08:14:55::SCWPlatform:: Unique name xilinx:::0.0
TRACE::2025-12-12.08:14:55::SCWPlatform::Trying to set the existing hwdb with name tracker_top_20
TRACE::2025-12-12.08:14:55::SCWPlatform::Opened existing hwdb tracker_top_20
TRACE::2025-12-12.08:14:55::SCWPlatform::Found the Hw Db part of the input DSA
TRACE::2025-12-12.08:14:55::SCWMssOS::Checking the sw design at  D:/viv/SpartanTracker/lab7_2/sdk/tracker_top/microblaze_0/standalone_microblaze_0/bsp/system.mss
TRACE::2025-12-12.08:14:55::SCWMssOS::DEBUG:  swdes dump  D:/viv/SpartanTracker/lab7_2/sdk/tracker_top/microblaze_0/standalone_microblaze_0/bsp/system.mss|system||

TRACE::2025-12-12.08:14:55::SCWMssOS::Sw design exists and opened at  D:/viv/SpartanTracker/lab7_2/sdk/tracker_top/microblaze_0/standalone_microblaze_0/bsp/system.mss
TRACE::2025-12-12.08:14:55::SCWWriter::formatted JSON is {
	"platformName":	"tracker_top",
	"sprVersion":	"2.0",
	"mode":	"gui",
	"dsaType":	"Fixed",
	"platformDesc":	"tracker_top",
	"platHandOff":	"D:/viv/SpartanTracker/lab7_2/tracker_top.xsa",
	"platIntHandOff":	"<platformDir>/hw/tracker_top.xsa",
	"deviceType":	"FPGA",
	"platIsPrebuiltAutogen":	"false",
	"platIsNoBootBsp":	"false",
	"hasFsblMakeHasChanges":	"false",
	"hasPmufwMakeHasChanges":	"false",
	"platPreBuiltFlag":	false,
	"platformSamplesDir":	"",
	"platActiveSys":	"tracker_top",
	"systems":	[{
			"systemName":	"tracker_top",
			"systemDesc":	"tracker_top",
			"sysIsBootAutoGen":	"true",
			"systemDispName":	"tracker_top",
			"sysActiveDom":	"standalone_microblaze_0",
			"sysDefaultDom":	"standalone_microblaze_0",
			"domains":	[{
					"domainName":	"standalone_microblaze_0",
					"domainDispName":	"standalone_microblaze_0",
					"domainDesc":	"standalone_microblaze_0",
					"processors":	"microblaze_0",
					"os":	"standalone",
					"sdxOs":	"standalone",
					"debugEnable":	"False",
					"domRuntimes":	["cpp"],
					"swRepo":	"",
					"mssOsVer":	"8.0",
					"mssFile":	"",
					"md5Digest":	"948367085d8c8b0e65ac10674ef4e094",
					"compatibleApp":	"",
					"domType":	"mssDomain",
					"arch":	"32-bit",
					"appSettings":	{
						"appCompilerFlags":	"",
						"appLinkerFlags":	""
					},
					"addedLibs":	[],
					"libOptions":	{
						"libsContainingOptions":	[]
					},
					"prebuiltLibs":	{
						"prebuiltIncPath":	[],
						"prebuiltLibPath":	[]
					},
					"isolation":	{
					}
				}]
		}]
}
KEYINFO::2025-12-12.08:14:55::SCWPlatform::updated the xpfm file.
TRACE::2025-12-12.08:14:56::SCWPlatform::Trying to open the hw design at D:/viv/SpartanTracker/lab7_2/sdk/tracker_top/hw/tracker_top.xsa
TRACE::2025-12-12.08:14:56::SCWPlatform::DSA given D:/viv/SpartanTracker/lab7_2/sdk/tracker_top/hw/tracker_top.xsa
TRACE::2025-12-12.08:14:56::SCWPlatform::DSA absoulate path D:/viv/SpartanTracker/lab7_2/sdk/tracker_top/hw/tracker_top.xsa
TRACE::2025-12-12.08:14:56::SCWPlatform::DSA directory D:/viv/SpartanTracker/lab7_2/sdk/tracker_top/hw
TRACE::2025-12-12.08:14:56::SCWPlatform:: Platform Path D:/viv/SpartanTracker/lab7_2/sdk/tracker_top/hw/tracker_top.xsa
TRACE::2025-12-12.08:14:56::SCWPlatform:: Unique name xilinx:::0.0
TRACE::2025-12-12.08:14:56::SCWPlatform::Trying to set the existing hwdb with name tracker_top_20
TRACE::2025-12-12.08:14:56::SCWPlatform::Opened existing hwdb tracker_top_20
TRACE::2025-12-12.08:14:56::SCWPlatform::Found the Hw Db part of the input DSA
TRACE::2025-12-12.08:14:56::SCWMssOS::Checking the sw design at  D:/viv/SpartanTracker/lab7_2/sdk/tracker_top/microblaze_0/standalone_microblaze_0/bsp/system.mss
TRACE::2025-12-12.08:14:56::SCWMssOS::DEBUG:  swdes dump  D:/viv/SpartanTracker/lab7_2/sdk/tracker_top/microblaze_0/standalone_microblaze_0/bsp/system.mss|system||

TRACE::2025-12-12.08:14:56::SCWMssOS::Sw design exists and opened at  D:/viv/SpartanTracker/lab7_2/sdk/tracker_top/microblaze_0/standalone_microblaze_0/bsp/system.mss
TRACE::2025-12-12.08:28:49::SCWPlatform::Clearing the existing platform
TRACE::2025-12-12.08:28:49::SCWSystem::Clearing the existing sysconfig
TRACE::2025-12-12.08:28:49::SCWMssOS::Removing the swdes entry for  D:/viv/SpartanTracker/lab7_2/sdk/tracker_top/microblaze_0/standalone_microblaze_0/bsp/system.mss
TRACE::2025-12-12.08:28:49::SCWSystem::Clearing the domains completed.
TRACE::2025-12-12.08:28:49::SCWPlatform::Clearing the opened hw db.
TRACE::2025-12-12.08:28:49::SCWPlatform::DSA given D:/viv/SpartanTracker/lab7_2/sdk/tracker_top/hw/tracker_top.xsa
TRACE::2025-12-12.08:28:49::SCWPlatform::DSA absoulate path D:/viv/SpartanTracker/lab7_2/sdk/tracker_top/hw/tracker_top.xsa
TRACE::2025-12-12.08:28:49::SCWPlatform:: Platform location is D:/viv/SpartanTracker/lab7_2/sdk/tracker_top/hw
TRACE::2025-12-12.08:28:49::SCWPlatform:: Platform Path D:/viv/SpartanTracker/lab7_2/sdk/tracker_top/hw/tracker_top.xsa
TRACE::2025-12-12.08:28:49::SCWPlatform:: Unique name xilinx:::0.0
TRACE::2025-12-12.08:28:49::SCWPlatform::Removing the HwDB with name D:/viv/SpartanTracker/lab7_2/sdk/tracker_top/hw/tracker_top.xsa
TRACE::2025-12-12.08:28:49::SCWPlatform::Trying to open the hw design at D:/viv/SpartanTracker/lab7_2/sdk/tracker_top/hw/tracker_top.xsa
TRACE::2025-12-12.08:28:49::SCWPlatform::DSA given D:/viv/SpartanTracker/lab7_2/sdk/tracker_top/hw/tracker_top.xsa
TRACE::2025-12-12.08:28:49::SCWPlatform::DSA absoulate path D:/viv/SpartanTracker/lab7_2/sdk/tracker_top/hw/tracker_top.xsa
TRACE::2025-12-12.08:28:49::SCWPlatform::DSA directory D:/viv/SpartanTracker/lab7_2/sdk/tracker_top/hw
TRACE::2025-12-12.08:28:49::SCWPlatform:: Platform Path D:/viv/SpartanTracker/lab7_2/sdk/tracker_top/hw/tracker_top.xsa
TRACE::2025-12-12.08:28:49::SCWPlatform:: Unique name xilinx:::0.0
TRACE::2025-12-12.08:28:49::SCWPlatform::Do not have an existing db opened. 
TRACE::2025-12-12.08:28:49::SCWPlatform::Opened new HwDB with name tracker_top_22
TRACE::2025-12-12.08:28:49::SCWReader::Active system found as  tracker_top
TRACE::2025-12-12.08:28:49::SCWReader::Handling sysconfig tracker_top
TRACE::2025-12-12.08:28:49::SCWDomain::checking for install qemu data   : 
TRACE::2025-12-12.08:28:49::SCWPlatform::Trying to open the hw design at D:/viv/SpartanTracker/lab7_2/sdk/tracker_top/hw/tracker_top.xsa
TRACE::2025-12-12.08:28:49::SCWPlatform::DSA given D:/viv/SpartanTracker/lab7_2/sdk/tracker_top/hw/tracker_top.xsa
TRACE::2025-12-12.08:28:49::SCWPlatform::DSA absoulate path D:/viv/SpartanTracker/lab7_2/sdk/tracker_top/hw/tracker_top.xsa
TRACE::2025-12-12.08:28:49::SCWPlatform::DSA directory D:/viv/SpartanTracker/lab7_2/sdk/tracker_top/hw
TRACE::2025-12-12.08:28:49::SCWPlatform:: Platform Path D:/viv/SpartanTracker/lab7_2/sdk/tracker_top/hw/tracker_top.xsa
TRACE::2025-12-12.08:28:49::SCWPlatform:: Unique name xilinx:::0.0
TRACE::2025-12-12.08:28:49::SCWPlatform::Trying to set the existing hwdb with name tracker_top_22
TRACE::2025-12-12.08:28:49::SCWPlatform::Opened existing hwdb tracker_top_22
TRACE::2025-12-12.08:28:49::SCWPlatform::Found the Hw Db part of the input DSA
TRACE::2025-12-12.08:28:49::SCWPlatform::Trying to open the hw design at D:/viv/SpartanTracker/lab7_2/sdk/tracker_top/hw/tracker_top.xsa
TRACE::2025-12-12.08:28:49::SCWPlatform::DSA given D:/viv/SpartanTracker/lab7_2/sdk/tracker_top/hw/tracker_top.xsa
TRACE::2025-12-12.08:28:49::SCWPlatform::DSA absoulate path D:/viv/SpartanTracker/lab7_2/sdk/tracker_top/hw/tracker_top.xsa
TRACE::2025-12-12.08:28:49::SCWPlatform::DSA directory D:/viv/SpartanTracker/lab7_2/sdk/tracker_top/hw
TRACE::2025-12-12.08:28:49::SCWPlatform:: Platform Path D:/viv/SpartanTracker/lab7_2/sdk/tracker_top/hw/tracker_top.xsa
TRACE::2025-12-12.08:28:49::SCWPlatform:: Unique name xilinx:::0.0
TRACE::2025-12-12.08:28:49::SCWPlatform::Trying to set the existing hwdb with name tracker_top_22
TRACE::2025-12-12.08:28:49::SCWPlatform::Opened existing hwdb tracker_top_22
TRACE::2025-12-12.08:28:49::SCWPlatform::Found the Hw Db part of the input DSA
TRACE::2025-12-12.08:28:49::SCWPlatform::Trying to open the hw design at D:/viv/SpartanTracker/lab7_2/sdk/tracker_top/hw/tracker_top.xsa
TRACE::2025-12-12.08:28:49::SCWPlatform::DSA given D:/viv/SpartanTracker/lab7_2/sdk/tracker_top/hw/tracker_top.xsa
TRACE::2025-12-12.08:28:49::SCWPlatform::DSA absoulate path D:/viv/SpartanTracker/lab7_2/sdk/tracker_top/hw/tracker_top.xsa
TRACE::2025-12-12.08:28:49::SCWPlatform::DSA directory D:/viv/SpartanTracker/lab7_2/sdk/tracker_top/hw
TRACE::2025-12-12.08:28:49::SCWPlatform:: Platform Path D:/viv/SpartanTracker/lab7_2/sdk/tracker_top/hw/tracker_top.xsa
TRACE::2025-12-12.08:28:49::SCWPlatform:: Unique name xilinx:::0.0
TRACE::2025-12-12.08:28:49::SCWPlatform::Trying to set the existing hwdb with name tracker_top_22
TRACE::2025-12-12.08:28:49::SCWPlatform::Opened existing hwdb tracker_top_22
TRACE::2025-12-12.08:28:49::SCWPlatform::Found the Hw Db part of the input DSA
TRACE::2025-12-12.08:28:49::SCWPlatform::Trying to open the hw design at D:/viv/SpartanTracker/lab7_2/sdk/tracker_top/hw/tracker_top.xsa
TRACE::2025-12-12.08:28:49::SCWPlatform::DSA given D:/viv/SpartanTracker/lab7_2/sdk/tracker_top/hw/tracker_top.xsa
TRACE::2025-12-12.08:28:49::SCWPlatform::DSA absoulate path D:/viv/SpartanTracker/lab7_2/sdk/tracker_top/hw/tracker_top.xsa
TRACE::2025-12-12.08:28:49::SCWPlatform::DSA directory D:/viv/SpartanTracker/lab7_2/sdk/tracker_top/hw
TRACE::2025-12-12.08:28:49::SCWPlatform:: Platform Path D:/viv/SpartanTracker/lab7_2/sdk/tracker_top/hw/tracker_top.xsa
TRACE::2025-12-12.08:28:49::SCWPlatform:: Unique name xilinx:::0.0
TRACE::2025-12-12.08:28:49::SCWPlatform::Trying to set the existing hwdb with name tracker_top_22
TRACE::2025-12-12.08:28:49::SCWPlatform::Opened existing hwdb tracker_top_22
TRACE::2025-12-12.08:28:49::SCWPlatform::Found the Hw Db part of the input DSA
TRACE::2025-12-12.08:28:49::SCWMssOS::Checking the sw design at  D:/viv/SpartanTracker/lab7_2/sdk/tracker_top/microblaze_0/standalone_microblaze_0/bsp/system.mss
TRACE::2025-12-12.08:28:49::SCWMssOS::DEBUG:  swdes dump  
TRACE::2025-12-12.08:28:49::SCWMssOS::No sw design opened at  D:/viv/SpartanTracker/lab7_2/sdk/tracker_top/microblaze_0/standalone_microblaze_0/bsp/system.mss
TRACE::2025-12-12.08:28:49::SCWMssOS::mss exists loading the mss file  D:/viv/SpartanTracker/lab7_2/sdk/tracker_top/microblaze_0/standalone_microblaze_0/bsp/system.mss
TRACE::2025-12-12.08:28:49::SCWMssOS::Opened the sw design from mss  D:/viv/SpartanTracker/lab7_2/sdk/tracker_top/microblaze_0/standalone_microblaze_0/bsp/system.mss
TRACE::2025-12-12.08:28:49::SCWMssOS::Adding the swdes entry D:/viv/SpartanTracker/lab7_2/sdk/tracker_top/microblaze_0/standalone_microblaze_0/bsp/system.mss with des name system
TRACE::2025-12-12.08:28:49::SCWMssOS::updating the scw layer about changes
TRACE::2025-12-12.08:28:49::SCWMssOS::Opened the sw design.  D:/viv/SpartanTracker/lab7_2/sdk/tracker_top/microblaze_0/standalone_microblaze_0/bsp/system.mss
TRACE::2025-12-12.08:28:49::SCWMssOS::Saving the mss changes D:/viv/SpartanTracker/lab7_2/sdk/tracker_top/microblaze_0/standalone_microblaze_0/bsp/system.mss
TRACE::2025-12-12.08:28:49::SCWMssOS::Found a swdesign opened with the mssfile.
TRACE::2025-12-12.08:28:49::SCWMssOS::Completed writemss as part of save.
TRACE::2025-12-12.08:28:49::SCWMssOS::Commit changes completed.
TRACE::2025-12-12.08:28:49::SCWReader::Adding prebuilt librarypaths as   
TRACE::2025-12-12.08:28:49::SCWReader::Adding prebuilt incpaths  as   
TRACE::2025-12-12.08:28:49::SCWPlatform::Trying to open the hw design at D:/viv/SpartanTracker/lab7_2/sdk/tracker_top/hw/tracker_top.xsa
TRACE::2025-12-12.08:28:49::SCWPlatform::DSA given D:/viv/SpartanTracker/lab7_2/sdk/tracker_top/hw/tracker_top.xsa
TRACE::2025-12-12.08:28:49::SCWPlatform::DSA absoulate path D:/viv/SpartanTracker/lab7_2/sdk/tracker_top/hw/tracker_top.xsa
TRACE::2025-12-12.08:28:49::SCWPlatform::DSA directory D:/viv/SpartanTracker/lab7_2/sdk/tracker_top/hw
TRACE::2025-12-12.08:28:49::SCWPlatform:: Platform Path D:/viv/SpartanTracker/lab7_2/sdk/tracker_top/hw/tracker_top.xsa
TRACE::2025-12-12.08:28:49::SCWPlatform:: Unique name xilinx:::0.0
TRACE::2025-12-12.08:28:49::SCWPlatform::Trying to set the existing hwdb with name tracker_top_22
TRACE::2025-12-12.08:28:49::SCWPlatform::Opened existing hwdb tracker_top_22
TRACE::2025-12-12.08:28:49::SCWPlatform::Found the Hw Db part of the input DSA
TRACE::2025-12-12.08:28:49::SCWMssOS::Checking the sw design at  D:/viv/SpartanTracker/lab7_2/sdk/tracker_top/microblaze_0/standalone_microblaze_0/bsp/system.mss
TRACE::2025-12-12.08:28:49::SCWMssOS::DEBUG:  swdes dump  D:/viv/SpartanTracker/lab7_2/sdk/tracker_top/microblaze_0/standalone_microblaze_0/bsp/system.mss|system||

TRACE::2025-12-12.08:28:49::SCWMssOS::Sw design exists and opened at  D:/viv/SpartanTracker/lab7_2/sdk/tracker_top/microblaze_0/standalone_microblaze_0/bsp/system.mss
TRACE::2025-12-12.08:28:49::SCWReader::No isolation master present  
TRACE::2025-12-12.08:28:53::SCWPlatform::DSA given D:/viv/SpartanTracker/lab7_2/sdk/tracker_top/tempdsa/tracker_top.xsa
TRACE::2025-12-12.08:28:53::SCWPlatform::DSA absoulate path D:/viv/SpartanTracker/lab7_2/sdk/tracker_top/tempdsa/tracker_top.xsa
TRACE::2025-12-12.08:28:53::SCWPlatform:: Platform location is D:/viv/SpartanTracker/lab7_2/sdk/tracker_top/tempdsa
TRACE::2025-12-12.08:28:53::SCWPlatform:: Platform Path D:/viv/SpartanTracker/lab7_2/sdk/tracker_top/tempdsa/tracker_top.xsa
TRACE::2025-12-12.08:28:53::SCWPlatform:: Unique name xilinx:::0.0
TRACE::2025-12-12.08:28:53::SCWPlatform::Found the Hw Db part of the input DSA
TRACE::2025-12-12.08:28:53::SCWMssOS::Doing hw sync for the mss in domain: standalone_microblaze_0
TRACE::2025-12-12.08:28:53::SCWPlatform::Trying to open the hw design at D:/viv/SpartanTracker/lab7_2/sdk/tracker_top/hw/tracker_top.xsa
TRACE::2025-12-12.08:28:53::SCWPlatform::DSA given D:/viv/SpartanTracker/lab7_2/sdk/tracker_top/hw/tracker_top.xsa
TRACE::2025-12-12.08:28:53::SCWPlatform::DSA absoulate path D:/viv/SpartanTracker/lab7_2/sdk/tracker_top/hw/tracker_top.xsa
TRACE::2025-12-12.08:28:53::SCWPlatform::DSA directory D:/viv/SpartanTracker/lab7_2/sdk/tracker_top/hw
TRACE::2025-12-12.08:28:53::SCWPlatform:: Platform Path D:/viv/SpartanTracker/lab7_2/sdk/tracker_top/hw/tracker_top.xsa
TRACE::2025-12-12.08:28:53::SCWPlatform:: Unique name xilinx:::0.0
TRACE::2025-12-12.08:28:53::SCWPlatform::Trying to set the existing hwdb with name tracker_top_22
TRACE::2025-12-12.08:28:53::SCWPlatform::Opened existing hwdb tracker_top_22
TRACE::2025-12-12.08:28:53::SCWPlatform::Found the Hw Db part of the input DSA
TRACE::2025-12-12.08:28:53::SCWPlatform::Trying to open the hw design at D:/viv/SpartanTracker/lab7_2/sdk/tracker_top/hw/tracker_top.xsa
TRACE::2025-12-12.08:28:53::SCWPlatform::DSA given D:/viv/SpartanTracker/lab7_2/sdk/tracker_top/hw/tracker_top.xsa
TRACE::2025-12-12.08:28:53::SCWPlatform::DSA absoulate path D:/viv/SpartanTracker/lab7_2/sdk/tracker_top/hw/tracker_top.xsa
TRACE::2025-12-12.08:28:53::SCWPlatform::DSA directory D:/viv/SpartanTracker/lab7_2/sdk/tracker_top/hw
TRACE::2025-12-12.08:28:53::SCWPlatform:: Platform Path D:/viv/SpartanTracker/lab7_2/sdk/tracker_top/hw/tracker_top.xsa
TRACE::2025-12-12.08:28:53::SCWPlatform:: Unique name xilinx:::0.0
TRACE::2025-12-12.08:28:53::SCWPlatform::Trying to set the existing hwdb with name tracker_top_22
TRACE::2025-12-12.08:28:53::SCWPlatform::Opened existing hwdb tracker_top_22
TRACE::2025-12-12.08:28:53::SCWPlatform::Found the Hw Db part of the input DSA
TRACE::2025-12-12.08:28:53::SCWMssOS::Checking the sw design at  D:/viv/SpartanTracker/lab7_2/sdk/tracker_top/microblaze_0/standalone_microblaze_0/bsp/system.mss
TRACE::2025-12-12.08:28:53::SCWMssOS::DEBUG:  swdes dump  D:/viv/SpartanTracker/lab7_2/sdk/tracker_top/microblaze_0/standalone_microblaze_0/bsp/system.mss|system||

TRACE::2025-12-12.08:28:53::SCWMssOS::Sw design exists and opened at  D:/viv/SpartanTracker/lab7_2/sdk/tracker_top/microblaze_0/standalone_microblaze_0/bsp/system.mss
TRACE::2025-12-12.08:28:53::SCWPlatform::Trying to open the hw design at D:/viv/SpartanTracker/lab7_2/sdk/tracker_top/tempdsa/tracker_top.xsa
TRACE::2025-12-12.08:28:53::SCWPlatform::DSA given D:/viv/SpartanTracker/lab7_2/sdk/tracker_top/tempdsa/tracker_top.xsa
TRACE::2025-12-12.08:28:53::SCWPlatform::DSA absoulate path D:/viv/SpartanTracker/lab7_2/sdk/tracker_top/tempdsa/tracker_top.xsa
TRACE::2025-12-12.08:28:53::SCWPlatform::DSA directory D:/viv/SpartanTracker/lab7_2/sdk/tracker_top/tempdsa
TRACE::2025-12-12.08:28:53::SCWPlatform:: Platform Path D:/viv/SpartanTracker/lab7_2/sdk/tracker_top/tempdsa/tracker_top.xsa
TRACE::2025-12-12.08:28:53::SCWPlatform:: Unique name xilinx:::0.0
TRACE::2025-12-12.08:28:53::SCWPlatform::update - Opened existing hwdb tracker_top_23
TRACE::2025-12-12.08:28:53::SCWPlatform::Found the Hw Db part of the input DSA
TRACE::2025-12-12.08:28:53::SCWMssOS::Saving the mss changes D:/viv/SpartanTracker/lab7_2/sdk/tracker_top/microblaze_0/standalone_microblaze_0/bsp/system.mss
TRACE::2025-12-12.08:28:53::SCWMssOS::Found a swdesign opened with the mssfile.
TRACE::2025-12-12.08:28:53::SCWMssOS::Completed writemss as part of save.
TRACE::2025-12-12.08:28:53::SCWMssOS::Commit changes completed.
TRACE::2025-12-12.08:28:53::SCWMssOS::Completed hw sync for the mss in domain: standalone_microblaze_0
TRACE::2025-12-12.08:28:53::SCWMssOS::Removing the swdes entry for  D:/viv/SpartanTracker/lab7_2/sdk/tracker_top/microblaze_0/standalone_microblaze_0/bsp/system.mss
TRACE::2025-12-12.08:28:53::SCWPlatform::Trying to open the hw design at D:/viv/SpartanTracker/lab7_2/sdk/tracker_top/hw/tracker_top.xsa
TRACE::2025-12-12.08:28:53::SCWPlatform::DSA given D:/viv/SpartanTracker/lab7_2/sdk/tracker_top/hw/tracker_top.xsa
TRACE::2025-12-12.08:28:53::SCWPlatform::DSA absoulate path D:/viv/SpartanTracker/lab7_2/sdk/tracker_top/hw/tracker_top.xsa
TRACE::2025-12-12.08:28:53::SCWPlatform::DSA directory D:/viv/SpartanTracker/lab7_2/sdk/tracker_top/hw
TRACE::2025-12-12.08:28:53::SCWPlatform:: Platform Path D:/viv/SpartanTracker/lab7_2/sdk/tracker_top/hw/tracker_top.xsa
TRACE::2025-12-12.08:28:53::SCWPlatform:: Unique name xilinx:::0.0
TRACE::2025-12-12.08:28:53::SCWPlatform::Do not have an existing db opened. 
TRACE::2025-12-12.08:28:53::SCWPlatform::Opened new HwDB with name tracker_top_24
TRACE::2025-12-12.08:28:53::SCWMssOS::Saving the mss changes D:/viv/SpartanTracker/lab7_2/sdk/tracker_top/microblaze_0/standalone_microblaze_0/bsp/system.mss
TRACE::2025-12-12.08:28:53::SCWMssOS::Adding the swdes entry, mss present, able to open swdb D:/viv/SpartanTracker/lab7_2/sdk/tracker_top/microblaze_0/standalone_microblaze_0/bsp/system.mss with des name system
TRACE::2025-12-12.08:28:53::SCWMssOS::Writing the mss file completed D:/viv/SpartanTracker/lab7_2/sdk/tracker_top/microblaze_0/standalone_microblaze_0/bsp/system.mss
TRACE::2025-12-12.08:28:53::SCWMssOS::Commit changes completed.
TRACE::2025-12-12.08:28:53::SCWPlatform::Trying to open the hw design at D:/viv/SpartanTracker/lab7_2/sdk/tracker_top/hw/tracker_top.xsa
TRACE::2025-12-12.08:28:53::SCWPlatform::DSA given D:/viv/SpartanTracker/lab7_2/sdk/tracker_top/hw/tracker_top.xsa
TRACE::2025-12-12.08:28:53::SCWPlatform::DSA absoulate path D:/viv/SpartanTracker/lab7_2/sdk/tracker_top/hw/tracker_top.xsa
TRACE::2025-12-12.08:28:53::SCWPlatform::DSA directory D:/viv/SpartanTracker/lab7_2/sdk/tracker_top/hw
TRACE::2025-12-12.08:28:53::SCWPlatform:: Platform Path D:/viv/SpartanTracker/lab7_2/sdk/tracker_top/hw/tracker_top.xsa
TRACE::2025-12-12.08:28:53::SCWPlatform:: Unique name xilinx:::0.0
TRACE::2025-12-12.08:28:53::SCWPlatform::Trying to set the existing hwdb with name tracker_top_24
TRACE::2025-12-12.08:28:53::SCWPlatform::Opened existing hwdb tracker_top_24
TRACE::2025-12-12.08:28:53::SCWPlatform::Found the Hw Db part of the input DSA
TRACE::2025-12-12.08:28:53::SCWMssOS::Checking the sw design at  D:/viv/SpartanTracker/lab7_2/sdk/tracker_top/microblaze_0/standalone_microblaze_0/bsp/system.mss
TRACE::2025-12-12.08:28:53::SCWMssOS::DEBUG:  swdes dump  D:/viv/SpartanTracker/lab7_2/sdk/tracker_top/microblaze_0/standalone_microblaze_0/bsp/system.mss|system||

TRACE::2025-12-12.08:28:53::SCWMssOS::Sw design exists and opened at  D:/viv/SpartanTracker/lab7_2/sdk/tracker_top/microblaze_0/standalone_microblaze_0/bsp/system.mss
TRACE::2025-12-12.08:28:53::SCWWriter::formatted JSON is {
	"platformName":	"tracker_top",
	"sprVersion":	"2.0",
	"mode":	"gui",
	"dsaType":	"Fixed",
	"platformDesc":	"tracker_top",
	"platHandOff":	"D:/viv/SpartanTracker/lab7_2/tracker_top.xsa",
	"platIntHandOff":	"<platformDir>/hw/tracker_top.xsa",
	"deviceType":	"FPGA",
	"platIsPrebuiltAutogen":	"false",
	"platIsNoBootBsp":	"false",
	"hasFsblMakeHasChanges":	"false",
	"hasPmufwMakeHasChanges":	"false",
	"platPreBuiltFlag":	false,
	"platformSamplesDir":	"",
	"platActiveSys":	"tracker_top",
	"systems":	[{
			"systemName":	"tracker_top",
			"systemDesc":	"tracker_top",
			"sysIsBootAutoGen":	"true",
			"systemDispName":	"tracker_top",
			"sysActiveDom":	"standalone_microblaze_0",
			"sysDefaultDom":	"standalone_microblaze_0",
			"domains":	[{
					"domainName":	"standalone_microblaze_0",
					"domainDispName":	"standalone_microblaze_0",
					"domainDesc":	"standalone_microblaze_0",
					"processors":	"microblaze_0",
					"os":	"standalone",
					"sdxOs":	"standalone",
					"debugEnable":	"False",
					"domRuntimes":	["cpp"],
					"swRepo":	"",
					"mssOsVer":	"8.0",
					"mssFile":	"",
					"md5Digest":	"948367085d8c8b0e65ac10674ef4e0941",
					"compatibleApp":	"",
					"domType":	"mssDomain",
					"arch":	"32-bit",
					"appSettings":	{
						"appCompilerFlags":	"",
						"appLinkerFlags":	""
					},
					"addedLibs":	[],
					"libOptions":	{
						"libsContainingOptions":	[]
					},
					"prebuiltLibs":	{
						"prebuiltIncPath":	[],
						"prebuiltLibPath":	[]
					},
					"isolation":	{
					}
				}]
		}]
}
TRACE::2025-12-12.08:31:51::SCWPlatform::Clearing the existing platform
TRACE::2025-12-12.08:31:51::SCWSystem::Clearing the existing sysconfig
TRACE::2025-12-12.08:31:51::SCWMssOS::Removing the swdes entry for  D:/viv/SpartanTracker/lab7_2/sdk/tracker_top/microblaze_0/standalone_microblaze_0/bsp/system.mss
TRACE::2025-12-12.08:31:51::SCWSystem::Clearing the domains completed.
TRACE::2025-12-12.08:31:51::SCWPlatform::Clearing the opened hw db.
TRACE::2025-12-12.08:31:51::SCWPlatform::DSA given D:/viv/SpartanTracker/lab7_2/sdk/tracker_top/hw/tracker_top.xsa
TRACE::2025-12-12.08:31:51::SCWPlatform::DSA absoulate path D:/viv/SpartanTracker/lab7_2/sdk/tracker_top/hw/tracker_top.xsa
TRACE::2025-12-12.08:31:51::SCWPlatform:: Platform location is D:/viv/SpartanTracker/lab7_2/sdk/tracker_top/hw
TRACE::2025-12-12.08:31:51::SCWPlatform:: Platform Path D:/viv/SpartanTracker/lab7_2/sdk/tracker_top/hw/tracker_top.xsa
TRACE::2025-12-12.08:31:51::SCWPlatform:: Unique name xilinx:::0.0
TRACE::2025-12-12.08:31:51::SCWPlatform::Removing the HwDB with name D:/viv/SpartanTracker/lab7_2/sdk/tracker_top/hw/tracker_top.xsa
TRACE::2025-12-12.08:31:51::SCWPlatform::Trying to open the hw design at D:/viv/SpartanTracker/lab7_2/sdk/tracker_top/hw/tracker_top.xsa
TRACE::2025-12-12.08:31:51::SCWPlatform::DSA given D:/viv/SpartanTracker/lab7_2/sdk/tracker_top/hw/tracker_top.xsa
TRACE::2025-12-12.08:31:51::SCWPlatform::DSA absoulate path D:/viv/SpartanTracker/lab7_2/sdk/tracker_top/hw/tracker_top.xsa
TRACE::2025-12-12.08:31:51::SCWPlatform::DSA directory D:/viv/SpartanTracker/lab7_2/sdk/tracker_top/hw
TRACE::2025-12-12.08:31:51::SCWPlatform:: Platform Path D:/viv/SpartanTracker/lab7_2/sdk/tracker_top/hw/tracker_top.xsa
TRACE::2025-12-12.08:31:51::SCWPlatform:: Unique name xilinx:::0.0
TRACE::2025-12-12.08:31:51::SCWPlatform::Do not have an existing db opened. 
TRACE::2025-12-12.08:31:51::SCWPlatform::Opened new HwDB with name tracker_top_25
TRACE::2025-12-12.08:31:51::SCWReader::Active system found as  tracker_top
TRACE::2025-12-12.08:31:51::SCWReader::Handling sysconfig tracker_top
TRACE::2025-12-12.08:31:51::SCWDomain::checking for install qemu data   : 
TRACE::2025-12-12.08:31:51::SCWPlatform::Trying to open the hw design at D:/viv/SpartanTracker/lab7_2/sdk/tracker_top/hw/tracker_top.xsa
TRACE::2025-12-12.08:31:51::SCWPlatform::DSA given D:/viv/SpartanTracker/lab7_2/sdk/tracker_top/hw/tracker_top.xsa
TRACE::2025-12-12.08:31:51::SCWPlatform::DSA absoulate path D:/viv/SpartanTracker/lab7_2/sdk/tracker_top/hw/tracker_top.xsa
TRACE::2025-12-12.08:31:51::SCWPlatform::DSA directory D:/viv/SpartanTracker/lab7_2/sdk/tracker_top/hw
TRACE::2025-12-12.08:31:51::SCWPlatform:: Platform Path D:/viv/SpartanTracker/lab7_2/sdk/tracker_top/hw/tracker_top.xsa
TRACE::2025-12-12.08:31:51::SCWPlatform:: Unique name xilinx:::0.0
TRACE::2025-12-12.08:31:51::SCWPlatform::Trying to set the existing hwdb with name tracker_top_25
TRACE::2025-12-12.08:31:51::SCWPlatform::Opened existing hwdb tracker_top_25
TRACE::2025-12-12.08:31:51::SCWPlatform::Found the Hw Db part of the input DSA
TRACE::2025-12-12.08:31:51::SCWPlatform::Trying to open the hw design at D:/viv/SpartanTracker/lab7_2/sdk/tracker_top/hw/tracker_top.xsa
TRACE::2025-12-12.08:31:51::SCWPlatform::DSA given D:/viv/SpartanTracker/lab7_2/sdk/tracker_top/hw/tracker_top.xsa
TRACE::2025-12-12.08:31:51::SCWPlatform::DSA absoulate path D:/viv/SpartanTracker/lab7_2/sdk/tracker_top/hw/tracker_top.xsa
TRACE::2025-12-12.08:31:51::SCWPlatform::DSA directory D:/viv/SpartanTracker/lab7_2/sdk/tracker_top/hw
TRACE::2025-12-12.08:31:51::SCWPlatform:: Platform Path D:/viv/SpartanTracker/lab7_2/sdk/tracker_top/hw/tracker_top.xsa
TRACE::2025-12-12.08:31:51::SCWPlatform:: Unique name xilinx:::0.0
TRACE::2025-12-12.08:31:51::SCWPlatform::Trying to set the existing hwdb with name tracker_top_25
TRACE::2025-12-12.08:31:51::SCWPlatform::Opened existing hwdb tracker_top_25
TRACE::2025-12-12.08:31:51::SCWPlatform::Found the Hw Db part of the input DSA
TRACE::2025-12-12.08:31:51::SCWPlatform::Trying to open the hw design at D:/viv/SpartanTracker/lab7_2/sdk/tracker_top/hw/tracker_top.xsa
TRACE::2025-12-12.08:31:51::SCWPlatform::DSA given D:/viv/SpartanTracker/lab7_2/sdk/tracker_top/hw/tracker_top.xsa
TRACE::2025-12-12.08:31:51::SCWPlatform::DSA absoulate path D:/viv/SpartanTracker/lab7_2/sdk/tracker_top/hw/tracker_top.xsa
TRACE::2025-12-12.08:31:51::SCWPlatform::DSA directory D:/viv/SpartanTracker/lab7_2/sdk/tracker_top/hw
TRACE::2025-12-12.08:31:51::SCWPlatform:: Platform Path D:/viv/SpartanTracker/lab7_2/sdk/tracker_top/hw/tracker_top.xsa
TRACE::2025-12-12.08:31:51::SCWPlatform:: Unique name xilinx:::0.0
TRACE::2025-12-12.08:31:51::SCWPlatform::Trying to set the existing hwdb with name tracker_top_25
TRACE::2025-12-12.08:31:51::SCWPlatform::Opened existing hwdb tracker_top_25
TRACE::2025-12-12.08:31:51::SCWPlatform::Found the Hw Db part of the input DSA
TRACE::2025-12-12.08:31:51::SCWPlatform::Trying to open the hw design at D:/viv/SpartanTracker/lab7_2/sdk/tracker_top/hw/tracker_top.xsa
TRACE::2025-12-12.08:31:51::SCWPlatform::DSA given D:/viv/SpartanTracker/lab7_2/sdk/tracker_top/hw/tracker_top.xsa
TRACE::2025-12-12.08:31:51::SCWPlatform::DSA absoulate path D:/viv/SpartanTracker/lab7_2/sdk/tracker_top/hw/tracker_top.xsa
TRACE::2025-12-12.08:31:51::SCWPlatform::DSA directory D:/viv/SpartanTracker/lab7_2/sdk/tracker_top/hw
TRACE::2025-12-12.08:31:51::SCWPlatform:: Platform Path D:/viv/SpartanTracker/lab7_2/sdk/tracker_top/hw/tracker_top.xsa
TRACE::2025-12-12.08:31:51::SCWPlatform:: Unique name xilinx:::0.0
TRACE::2025-12-12.08:31:51::SCWPlatform::Trying to set the existing hwdb with name tracker_top_25
TRACE::2025-12-12.08:31:51::SCWPlatform::Opened existing hwdb tracker_top_25
TRACE::2025-12-12.08:31:51::SCWPlatform::Found the Hw Db part of the input DSA
TRACE::2025-12-12.08:31:51::SCWMssOS::Checking the sw design at  D:/viv/SpartanTracker/lab7_2/sdk/tracker_top/microblaze_0/standalone_microblaze_0/bsp/system.mss
TRACE::2025-12-12.08:31:51::SCWMssOS::DEBUG:  swdes dump  
TRACE::2025-12-12.08:31:51::SCWMssOS::No sw design opened at  D:/viv/SpartanTracker/lab7_2/sdk/tracker_top/microblaze_0/standalone_microblaze_0/bsp/system.mss
TRACE::2025-12-12.08:31:51::SCWMssOS::mss exists loading the mss file  D:/viv/SpartanTracker/lab7_2/sdk/tracker_top/microblaze_0/standalone_microblaze_0/bsp/system.mss
TRACE::2025-12-12.08:31:51::SCWMssOS::Opened the sw design from mss  D:/viv/SpartanTracker/lab7_2/sdk/tracker_top/microblaze_0/standalone_microblaze_0/bsp/system.mss
TRACE::2025-12-12.08:31:51::SCWMssOS::Adding the swdes entry D:/viv/SpartanTracker/lab7_2/sdk/tracker_top/microblaze_0/standalone_microblaze_0/bsp/system.mss with des name system
TRACE::2025-12-12.08:31:51::SCWMssOS::updating the scw layer about changes
TRACE::2025-12-12.08:31:51::SCWMssOS::Opened the sw design.  D:/viv/SpartanTracker/lab7_2/sdk/tracker_top/microblaze_0/standalone_microblaze_0/bsp/system.mss
TRACE::2025-12-12.08:31:51::SCWMssOS::Saving the mss changes D:/viv/SpartanTracker/lab7_2/sdk/tracker_top/microblaze_0/standalone_microblaze_0/bsp/system.mss
TRACE::2025-12-12.08:31:51::SCWMssOS::Found a swdesign opened with the mssfile.
TRACE::2025-12-12.08:31:51::SCWMssOS::Completed writemss as part of save.
TRACE::2025-12-12.08:31:51::SCWMssOS::Commit changes completed.
TRACE::2025-12-12.08:31:51::SCWReader::Adding prebuilt librarypaths as   
TRACE::2025-12-12.08:31:51::SCWReader::Adding prebuilt incpaths  as   
TRACE::2025-12-12.08:31:51::SCWPlatform::Trying to open the hw design at D:/viv/SpartanTracker/lab7_2/sdk/tracker_top/hw/tracker_top.xsa
TRACE::2025-12-12.08:31:51::SCWPlatform::DSA given D:/viv/SpartanTracker/lab7_2/sdk/tracker_top/hw/tracker_top.xsa
TRACE::2025-12-12.08:31:51::SCWPlatform::DSA absoulate path D:/viv/SpartanTracker/lab7_2/sdk/tracker_top/hw/tracker_top.xsa
TRACE::2025-12-12.08:31:51::SCWPlatform::DSA directory D:/viv/SpartanTracker/lab7_2/sdk/tracker_top/hw
TRACE::2025-12-12.08:31:51::SCWPlatform:: Platform Path D:/viv/SpartanTracker/lab7_2/sdk/tracker_top/hw/tracker_top.xsa
TRACE::2025-12-12.08:31:51::SCWPlatform:: Unique name xilinx:::0.0
TRACE::2025-12-12.08:31:51::SCWPlatform::Trying to set the existing hwdb with name tracker_top_25
TRACE::2025-12-12.08:31:51::SCWPlatform::Opened existing hwdb tracker_top_25
TRACE::2025-12-12.08:31:51::SCWPlatform::Found the Hw Db part of the input DSA
TRACE::2025-12-12.08:31:51::SCWMssOS::Checking the sw design at  D:/viv/SpartanTracker/lab7_2/sdk/tracker_top/microblaze_0/standalone_microblaze_0/bsp/system.mss
TRACE::2025-12-12.08:31:51::SCWMssOS::DEBUG:  swdes dump  D:/viv/SpartanTracker/lab7_2/sdk/tracker_top/microblaze_0/standalone_microblaze_0/bsp/system.mss|system||

TRACE::2025-12-12.08:31:51::SCWMssOS::Sw design exists and opened at  D:/viv/SpartanTracker/lab7_2/sdk/tracker_top/microblaze_0/standalone_microblaze_0/bsp/system.mss
TRACE::2025-12-12.08:31:51::SCWReader::No isolation master present  
TRACE::2025-12-12.08:31:54::SCWPlatform::DSA given D:/viv/SpartanTracker/lab7_2/sdk/tracker_top/tempdsa/tracker_top.xsa
TRACE::2025-12-12.08:31:54::SCWPlatform::DSA absoulate path D:/viv/SpartanTracker/lab7_2/sdk/tracker_top/tempdsa/tracker_top.xsa
TRACE::2025-12-12.08:31:54::SCWPlatform:: Platform location is D:/viv/SpartanTracker/lab7_2/sdk/tracker_top/tempdsa
TRACE::2025-12-12.08:31:54::SCWPlatform:: Platform Path D:/viv/SpartanTracker/lab7_2/sdk/tracker_top/tempdsa/tracker_top.xsa
TRACE::2025-12-12.08:31:54::SCWPlatform:: Unique name xilinx:::0.0
TRACE::2025-12-12.08:31:54::SCWPlatform::Found the Hw Db part of the input DSA
TRACE::2025-12-12.08:31:54::SCWMssOS::Doing hw sync for the mss in domain: standalone_microblaze_0
TRACE::2025-12-12.08:31:54::SCWPlatform::Trying to open the hw design at D:/viv/SpartanTracker/lab7_2/sdk/tracker_top/hw/tracker_top.xsa
TRACE::2025-12-12.08:31:54::SCWPlatform::DSA given D:/viv/SpartanTracker/lab7_2/sdk/tracker_top/hw/tracker_top.xsa
TRACE::2025-12-12.08:31:54::SCWPlatform::DSA absoulate path D:/viv/SpartanTracker/lab7_2/sdk/tracker_top/hw/tracker_top.xsa
TRACE::2025-12-12.08:31:54::SCWPlatform::DSA directory D:/viv/SpartanTracker/lab7_2/sdk/tracker_top/hw
TRACE::2025-12-12.08:31:54::SCWPlatform:: Platform Path D:/viv/SpartanTracker/lab7_2/sdk/tracker_top/hw/tracker_top.xsa
TRACE::2025-12-12.08:31:54::SCWPlatform:: Unique name xilinx:::0.0
TRACE::2025-12-12.08:31:54::SCWPlatform::Trying to set the existing hwdb with name tracker_top_25
TRACE::2025-12-12.08:31:54::SCWPlatform::Opened existing hwdb tracker_top_25
TRACE::2025-12-12.08:31:54::SCWPlatform::Found the Hw Db part of the input DSA
TRACE::2025-12-12.08:31:54::SCWPlatform::Trying to open the hw design at D:/viv/SpartanTracker/lab7_2/sdk/tracker_top/hw/tracker_top.xsa
TRACE::2025-12-12.08:31:54::SCWPlatform::DSA given D:/viv/SpartanTracker/lab7_2/sdk/tracker_top/hw/tracker_top.xsa
TRACE::2025-12-12.08:31:54::SCWPlatform::DSA absoulate path D:/viv/SpartanTracker/lab7_2/sdk/tracker_top/hw/tracker_top.xsa
TRACE::2025-12-12.08:31:54::SCWPlatform::DSA directory D:/viv/SpartanTracker/lab7_2/sdk/tracker_top/hw
TRACE::2025-12-12.08:31:54::SCWPlatform:: Platform Path D:/viv/SpartanTracker/lab7_2/sdk/tracker_top/hw/tracker_top.xsa
TRACE::2025-12-12.08:31:54::SCWPlatform:: Unique name xilinx:::0.0
TRACE::2025-12-12.08:31:54::SCWPlatform::Trying to set the existing hwdb with name tracker_top_25
TRACE::2025-12-12.08:31:54::SCWPlatform::Opened existing hwdb tracker_top_25
TRACE::2025-12-12.08:31:54::SCWPlatform::Found the Hw Db part of the input DSA
TRACE::2025-12-12.08:31:54::SCWMssOS::Checking the sw design at  D:/viv/SpartanTracker/lab7_2/sdk/tracker_top/microblaze_0/standalone_microblaze_0/bsp/system.mss
TRACE::2025-12-12.08:31:54::SCWMssOS::DEBUG:  swdes dump  D:/viv/SpartanTracker/lab7_2/sdk/tracker_top/microblaze_0/standalone_microblaze_0/bsp/system.mss|system||

TRACE::2025-12-12.08:31:54::SCWMssOS::Sw design exists and opened at  D:/viv/SpartanTracker/lab7_2/sdk/tracker_top/microblaze_0/standalone_microblaze_0/bsp/system.mss
TRACE::2025-12-12.08:31:54::SCWPlatform::Trying to open the hw design at D:/viv/SpartanTracker/lab7_2/sdk/tracker_top/tempdsa/tracker_top.xsa
TRACE::2025-12-12.08:31:54::SCWPlatform::DSA given D:/viv/SpartanTracker/lab7_2/sdk/tracker_top/tempdsa/tracker_top.xsa
TRACE::2025-12-12.08:31:54::SCWPlatform::DSA absoulate path D:/viv/SpartanTracker/lab7_2/sdk/tracker_top/tempdsa/tracker_top.xsa
TRACE::2025-12-12.08:31:54::SCWPlatform::DSA directory D:/viv/SpartanTracker/lab7_2/sdk/tracker_top/tempdsa
TRACE::2025-12-12.08:31:54::SCWPlatform:: Platform Path D:/viv/SpartanTracker/lab7_2/sdk/tracker_top/tempdsa/tracker_top.xsa
TRACE::2025-12-12.08:31:54::SCWPlatform:: Unique name xilinx:::0.0
TRACE::2025-12-12.08:31:54::SCWPlatform::update - Opened existing hwdb tracker_top_26
TRACE::2025-12-12.08:31:54::SCWPlatform::Found the Hw Db part of the input DSA
TRACE::2025-12-12.08:31:54::SCWMssOS::Saving the mss changes D:/viv/SpartanTracker/lab7_2/sdk/tracker_top/microblaze_0/standalone_microblaze_0/bsp/system.mss
TRACE::2025-12-12.08:31:54::SCWMssOS::Found a swdesign opened with the mssfile.
TRACE::2025-12-12.08:31:54::SCWMssOS::Completed writemss as part of save.
TRACE::2025-12-12.08:31:54::SCWMssOS::Commit changes completed.
TRACE::2025-12-12.08:31:54::SCWMssOS::Completed hw sync for the mss in domain: standalone_microblaze_0
TRACE::2025-12-12.08:31:54::SCWMssOS::Removing the swdes entry for  D:/viv/SpartanTracker/lab7_2/sdk/tracker_top/microblaze_0/standalone_microblaze_0/bsp/system.mss
TRACE::2025-12-12.08:31:54::SCWPlatform::Trying to open the hw design at D:/viv/SpartanTracker/lab7_2/sdk/tracker_top/hw/tracker_top.xsa
TRACE::2025-12-12.08:31:54::SCWPlatform::DSA given D:/viv/SpartanTracker/lab7_2/sdk/tracker_top/hw/tracker_top.xsa
TRACE::2025-12-12.08:31:54::SCWPlatform::DSA absoulate path D:/viv/SpartanTracker/lab7_2/sdk/tracker_top/hw/tracker_top.xsa
TRACE::2025-12-12.08:31:54::SCWPlatform::DSA directory D:/viv/SpartanTracker/lab7_2/sdk/tracker_top/hw
TRACE::2025-12-12.08:31:54::SCWPlatform:: Platform Path D:/viv/SpartanTracker/lab7_2/sdk/tracker_top/hw/tracker_top.xsa
TRACE::2025-12-12.08:31:54::SCWPlatform:: Unique name xilinx:::0.0
TRACE::2025-12-12.08:31:54::SCWPlatform::Do not have an existing db opened. 
TRACE::2025-12-12.08:31:54::SCWPlatform::Opened new HwDB with name tracker_top_27
TRACE::2025-12-12.08:31:54::SCWMssOS::Saving the mss changes D:/viv/SpartanTracker/lab7_2/sdk/tracker_top/microblaze_0/standalone_microblaze_0/bsp/system.mss
TRACE::2025-12-12.08:31:54::SCWMssOS::Adding the swdes entry, mss present, able to open swdb D:/viv/SpartanTracker/lab7_2/sdk/tracker_top/microblaze_0/standalone_microblaze_0/bsp/system.mss with des name system
TRACE::2025-12-12.08:31:54::SCWMssOS::Writing the mss file completed D:/viv/SpartanTracker/lab7_2/sdk/tracker_top/microblaze_0/standalone_microblaze_0/bsp/system.mss
TRACE::2025-12-12.08:31:54::SCWMssOS::Commit changes completed.
TRACE::2025-12-12.08:31:54::SCWPlatform::Trying to open the hw design at D:/viv/SpartanTracker/lab7_2/sdk/tracker_top/hw/tracker_top.xsa
TRACE::2025-12-12.08:31:54::SCWPlatform::DSA given D:/viv/SpartanTracker/lab7_2/sdk/tracker_top/hw/tracker_top.xsa
TRACE::2025-12-12.08:31:54::SCWPlatform::DSA absoulate path D:/viv/SpartanTracker/lab7_2/sdk/tracker_top/hw/tracker_top.xsa
TRACE::2025-12-12.08:31:54::SCWPlatform::DSA directory D:/viv/SpartanTracker/lab7_2/sdk/tracker_top/hw
TRACE::2025-12-12.08:31:54::SCWPlatform:: Platform Path D:/viv/SpartanTracker/lab7_2/sdk/tracker_top/hw/tracker_top.xsa
TRACE::2025-12-12.08:31:54::SCWPlatform:: Unique name xilinx:::0.0
TRACE::2025-12-12.08:31:54::SCWPlatform::Trying to set the existing hwdb with name tracker_top_27
TRACE::2025-12-12.08:31:54::SCWPlatform::Opened existing hwdb tracker_top_27
TRACE::2025-12-12.08:31:54::SCWPlatform::Found the Hw Db part of the input DSA
TRACE::2025-12-12.08:31:54::SCWMssOS::Checking the sw design at  D:/viv/SpartanTracker/lab7_2/sdk/tracker_top/microblaze_0/standalone_microblaze_0/bsp/system.mss
TRACE::2025-12-12.08:31:54::SCWMssOS::DEBUG:  swdes dump  D:/viv/SpartanTracker/lab7_2/sdk/tracker_top/microblaze_0/standalone_microblaze_0/bsp/system.mss|system||

TRACE::2025-12-12.08:31:54::SCWMssOS::Sw design exists and opened at  D:/viv/SpartanTracker/lab7_2/sdk/tracker_top/microblaze_0/standalone_microblaze_0/bsp/system.mss
TRACE::2025-12-12.08:31:54::SCWWriter::formatted JSON is {
	"platformName":	"tracker_top",
	"sprVersion":	"2.0",
	"mode":	"gui",
	"dsaType":	"Fixed",
	"platformDesc":	"tracker_top",
	"platHandOff":	"D:/viv/SpartanTracker/lab7_2/tracker_top.xsa",
	"platIntHandOff":	"<platformDir>/hw/tracker_top.xsa",
	"deviceType":	"FPGA",
	"platIsPrebuiltAutogen":	"false",
	"platIsNoBootBsp":	"false",
	"hasFsblMakeHasChanges":	"false",
	"hasPmufwMakeHasChanges":	"false",
	"platPreBuiltFlag":	false,
	"platformSamplesDir":	"",
	"platActiveSys":	"tracker_top",
	"systems":	[{
			"systemName":	"tracker_top",
			"systemDesc":	"tracker_top",
			"sysIsBootAutoGen":	"true",
			"systemDispName":	"tracker_top",
			"sysActiveDom":	"standalone_microblaze_0",
			"sysDefaultDom":	"standalone_microblaze_0",
			"domains":	[{
					"domainName":	"standalone_microblaze_0",
					"domainDispName":	"standalone_microblaze_0",
					"domainDesc":	"standalone_microblaze_0",
					"processors":	"microblaze_0",
					"os":	"standalone",
					"sdxOs":	"standalone",
					"debugEnable":	"False",
					"domRuntimes":	["cpp"],
					"swRepo":	"",
					"mssOsVer":	"8.0",
					"mssFile":	"",
					"md5Digest":	"948367085d8c8b0e65ac10674ef4e0941",
					"compatibleApp":	"",
					"domType":	"mssDomain",
					"arch":	"32-bit",
					"appSettings":	{
						"appCompilerFlags":	"",
						"appLinkerFlags":	""
					},
					"addedLibs":	[],
					"libOptions":	{
						"libsContainingOptions":	[]
					},
					"prebuiltLibs":	{
						"prebuiltIncPath":	[],
						"prebuiltLibPath":	[]
					},
					"isolation":	{
					}
				}]
		}]
}
LOG::2025-12-12.08:31:59::SCWPlatform::Started generating the artifacts platform tracker_top
TRACE::2025-12-12.08:31:59::SCWPlatform::Sanity checking of platform is completed
LOG::2025-12-12.08:31:59::SCWPlatform::Started generating the artifacts for system configuration tracker_top
LOG::2025-12-12.08:31:59::SCWSystem::Checking the domain standalone_microblaze_0
LOG::2025-12-12.08:31:59::SCWSystem::Not a boot domain 
LOG::2025-12-12.08:31:59::SCWSystem::Started Processing the domain standalone_microblaze_0
TRACE::2025-12-12.08:31:59::SCWDomain::Generating domain artifcats
TRACE::2025-12-12.08:31:59::SCWMssOS::Generating standalone artifcats
TRACE::2025-12-12.08:31:59::SCWMssOS:: Copying the user libraries. 
TRACE::2025-12-12.08:31:59::SCWPlatform::Trying to open the hw design at D:/viv/SpartanTracker/lab7_2/sdk/tracker_top/hw/tracker_top.xsa
TRACE::2025-12-12.08:31:59::SCWPlatform::DSA given D:/viv/SpartanTracker/lab7_2/sdk/tracker_top/hw/tracker_top.xsa
TRACE::2025-12-12.08:31:59::SCWPlatform::DSA absoulate path D:/viv/SpartanTracker/lab7_2/sdk/tracker_top/hw/tracker_top.xsa
TRACE::2025-12-12.08:31:59::SCWPlatform::DSA directory D:/viv/SpartanTracker/lab7_2/sdk/tracker_top/hw
TRACE::2025-12-12.08:31:59::SCWPlatform:: Platform Path D:/viv/SpartanTracker/lab7_2/sdk/tracker_top/hw/tracker_top.xsa
TRACE::2025-12-12.08:31:59::SCWPlatform:: Unique name xilinx:::0.0
TRACE::2025-12-12.08:31:59::SCWPlatform::Trying to set the existing hwdb with name tracker_top_27
TRACE::2025-12-12.08:31:59::SCWPlatform::Opened existing hwdb tracker_top_27
TRACE::2025-12-12.08:31:59::SCWPlatform::Found the Hw Db part of the input DSA
TRACE::2025-12-12.08:31:59::SCWMssOS::Checking the sw design at  D:/viv/SpartanTracker/lab7_2/sdk/tracker_top/microblaze_0/standalone_microblaze_0/bsp/system.mss
TRACE::2025-12-12.08:31:59::SCWMssOS::DEBUG:  swdes dump  D:/viv/SpartanTracker/lab7_2/sdk/tracker_top/microblaze_0/standalone_microblaze_0/bsp/system.mss|system||

TRACE::2025-12-12.08:31:59::SCWMssOS::Sw design exists and opened at  D:/viv/SpartanTracker/lab7_2/sdk/tracker_top/microblaze_0/standalone_microblaze_0/bsp/system.mss
TRACE::2025-12-12.08:31:59::SCWMssOS::Completed writing the mss file at D:/viv/SpartanTracker/lab7_2/sdk/tracker_top/microblaze_0/standalone_microblaze_0/bsp
TRACE::2025-12-12.08:31:59::SCWMssOS::Mss edits present, copying mssfile into export location D:/viv/SpartanTracker/lab7_2/sdk/tracker_top/microblaze_0/standalone_microblaze_0/bsp/system.mss
TRACE::2025-12-12.08:31:59::SCWMssOS::bsp generated is stale removing and regenerating. 
TRACE::2025-12-12.08:32:00::SCWMssOS::doing bsp build ... 
TRACE::2025-12-12.08:32:00::SCWMssOS::System Command Ran  D: & cd  D:/viv/SpartanTracker/lab7_2/sdk/tracker_top/microblaze_0/standalone_microblaze_0/bsp & make 
TRACE::2025-12-12.08:32:00::SCWMssOS::make --no-print-directory seq_libs

TRACE::2025-12-12.08:32:00::SCWMssOS::'Finished building libraries sequentially.'

TRACE::2025-12-12.08:32:00::SCWMssOS::make -j 6 --no-print-directory par_libs

TRACE::2025-12-12.08:32:00::SCWMssOS::"Running Make include in microblaze_0/libsrc/bram_v4_8/src"

TRACE::2025-12-12.08:32:00::SCWMssOS::make -C microblaze_0/libsrc/bram_v4_8/src -s include  "SHELL=CMD" "COMPILER=mb-gcc" "ASSEMBLER=mb-as" "ARCHIVER=mb-ar" "COMPILE
TRACE::2025-12-12.08:32:00::SCWMssOS::R_FLAGS=  -O2 -c -mcpu=v11.0 -mlittle-endian -mno-xl-reorder -mno-xl-soft-mul -mxl-barrel-shift -mxl-pattern-compare" "EXTRA_CO
TRACE::2025-12-12.08:32:00::SCWMssOS::MPILER_FLAGS=-g -ffunction-sections -fdata-sections -Wall -Wextra -fno-tree-loop-distribute-patterns"

TRACE::2025-12-12.08:32:01::SCWMssOS::"Running Make include in microblaze_0/libsrc/cpu_v2_16/src"

TRACE::2025-12-12.08:32:01::SCWMssOS::make -C microblaze_0/libsrc/cpu_v2_16/src -s include  "SHELL=CMD" "COMPILER=mb-gcc" "ASSEMBLER=mb-as" "ARCHIVER=mb-ar" "COMPILE
TRACE::2025-12-12.08:32:01::SCWMssOS::R_FLAGS=  -O2 -c -mcpu=v11.0 -mlittle-endian -mno-xl-reorder -mno-xl-soft-mul -mxl-barrel-shift -mxl-pattern-compare" "EXTRA_CO
TRACE::2025-12-12.08:32:01::SCWMssOS::MPILER_FLAGS=-g -ffunction-sections -fdata-sections -Wall -Wextra -fno-tree-loop-distribute-patterns"

TRACE::2025-12-12.08:32:01::SCWMssOS::"Running Make include in microblaze_0/libsrc/gpio_v4_9/src"

TRACE::2025-12-12.08:32:01::SCWMssOS::make -C microblaze_0/libsrc/gpio_v4_9/src -s include  "SHELL=CMD" "COMPILER=mb-gcc" "ASSEMBLER=mb-as" "ARCHIVER=mb-ar" "COMPILE
TRACE::2025-12-12.08:32:01::SCWMssOS::R_FLAGS=  -O2 -c -mcpu=v11.0 -mlittle-endian -mno-xl-reorder -mno-xl-soft-mul -mxl-barrel-shift -mxl-pattern-compare" "EXTRA_CO
TRACE::2025-12-12.08:32:01::SCWMssOS::MPILER_FLAGS=-g -ffunction-sections -fdata-sections -Wall -Wextra -fno-tree-loop-distribute-patterns"

TRACE::2025-12-12.08:32:01::SCWMssOS::"Running Make include in microblaze_0/libsrc/intc_v3_15/src"

TRACE::2025-12-12.08:32:01::SCWMssOS::make -C microblaze_0/libsrc/intc_v3_15/src -s include  "SHELL=CMD" "COMPILER=mb-gcc" "ASSEMBLER=mb-as" "ARCHIVER=mb-ar" "COMPIL
TRACE::2025-12-12.08:32:01::SCWMssOS::ER_FLAGS=  -O2 -c -mcpu=v11.0 -mlittle-endian -mno-xl-reorder -mno-xl-soft-mul -mxl-barrel-shift -mxl-pattern-compare" "EXTRA_C
TRACE::2025-12-12.08:32:01::SCWMssOS::OMPILER_FLAGS=-g -ffunction-sections -fdata-sections -Wall -Wextra -fno-tree-loop-distribute-patterns"

TRACE::2025-12-12.08:32:01::SCWMssOS::"Running Make include in microblaze_0/libsrc/spi_v4_9/src"

TRACE::2025-12-12.08:32:01::SCWMssOS::make -C microblaze_0/libsrc/spi_v4_9/src -s include  "SHELL=CMD" "COMPILER=mb-gcc" "ASSEMBLER=mb-as" "ARCHIVER=mb-ar" "COMPILER
TRACE::2025-12-12.08:32:01::SCWMssOS::_FLAGS=  -O2 -c -mcpu=v11.0 -mlittle-endian -mno-xl-reorder -mno-xl-soft-mul -mxl-barrel-shift -mxl-pattern-compare" "EXTRA_COM
TRACE::2025-12-12.08:32:01::SCWMssOS::PILER_FLAGS=-g -ffunction-sections -fdata-sections -Wall -Wextra -fno-tree-loop-distribute-patterns"

TRACE::2025-12-12.08:32:01::SCWMssOS::"Running Make include in microblaze_0/libsrc/standalone_v8_0/src"

TRACE::2025-12-12.08:32:01::SCWMssOS::make -C microblaze_0/libsrc/standalone_v8_0/src -s include  "SHELL=CMD" "COMPILER=mb-gcc" "ASSEMBLER=mb-as" "ARCHIVER=mb-ar" "C
TRACE::2025-12-12.08:32:01::SCWMssOS::OMPILER_FLAGS=  -O2 -c -mcpu=v11.0 -mlittle-endian -mno-xl-reorder -mno-xl-soft-mul -mxl-barrel-shift -mxl-pattern-compare" "EX
TRACE::2025-12-12.08:32:01::SCWMssOS::TRA_COMPILER_FLAGS=-g -ffunction-sections -fdata-sections -Wall -Wextra -fno-tree-loop-distribute-patterns"

TRACE::2025-12-12.08:32:01::SCWMssOS::"Running Make include in microblaze_0/libsrc/tmrctr_v4_9/src"

TRACE::2025-12-12.08:32:01::SCWMssOS::make -C microblaze_0/libsrc/tmrctr_v4_9/src -s include  "SHELL=CMD" "COMPILER=mb-gcc" "ASSEMBLER=mb-as" "ARCHIVER=mb-ar" "COMPI
TRACE::2025-12-12.08:32:01::SCWMssOS::LER_FLAGS=  -O2 -c -mcpu=v11.0 -mlittle-endian -mno-xl-reorder -mno-xl-soft-mul -mxl-barrel-shift -mxl-pattern-compare" "EXTRA_
TRACE::2025-12-12.08:32:01::SCWMssOS::COMPILER_FLAGS=-g -ffunction-sections -fdata-sections -Wall -Wextra -fno-tree-loop-distribute-patterns"

TRACE::2025-12-12.08:32:01::SCWMssOS::"Running Make include in microblaze_0/libsrc/uartlite_v3_7/src"

TRACE::2025-12-12.08:32:01::SCWMssOS::make -C microblaze_0/libsrc/uartlite_v3_7/src -s include  "SHELL=CMD" "COMPILER=mb-gcc" "ASSEMBLER=mb-as" "ARCHIVER=mb-ar" "COM
TRACE::2025-12-12.08:32:01::SCWMssOS::PILER_FLAGS=  -O2 -c -mcpu=v11.0 -mlittle-endian -mno-xl-reorder -mno-xl-soft-mul -mxl-barrel-shift -mxl-pattern-compare" "EXTR
TRACE::2025-12-12.08:32:01::SCWMssOS::A_COMPILER_FLAGS=-g -ffunction-sections -fdata-sections -Wall -Wextra -fno-tree-loop-distribute-patterns"

TRACE::2025-12-12.08:32:01::SCWMssOS::"Running Make libs in microblaze_0/libsrc/bram_v4_8/src"

TRACE::2025-12-12.08:32:01::SCWMssOS::make -C microblaze_0/libsrc/bram_v4_8/src -s libs  "SHELL=CMD" "COMPILER=mb-gcc" "ASSEMBLER=mb-as" "ARCHIVER=mb-ar" "COMPILER_F
TRACE::2025-12-12.08:32:01::SCWMssOS::LAGS=  -O2 -c -mcpu=v11.0 -mlittle-endian -mno-xl-reorder -mno-xl-soft-mul -mxl-barrel-shift -mxl-pattern-compare" "EXTRA_COMPI
TRACE::2025-12-12.08:32:01::SCWMssOS::LER_FLAGS=-g -ffunction-sections -fdata-sections -Wall -Wextra -fno-tree-loop-distribute-patterns"

TRACE::2025-12-12.08:32:01::SCWMssOS::"Running Make libs in microblaze_0/libsrc/cpu_v2_16/src"

TRACE::2025-12-12.08:32:01::SCWMssOS::make -C microblaze_0/libsrc/cpu_v2_16/src -s libs  "SHELL=CMD" "COMPILER=mb-gcc" "ASSEMBLER=mb-as" "ARCHIVER=mb-ar" "COMPILER_F
TRACE::2025-12-12.08:32:01::SCWMssOS::LAGS=  -O2 -c -mcpu=v11.0 -mlittle-endian -mno-xl-reorder -mno-xl-soft-mul -mxl-barrel-shift -mxl-pattern-compare" "EXTRA_COMPI
TRACE::2025-12-12.08:32:01::SCWMssOS::LER_FLAGS=-g -ffunction-sections -fdata-sections -Wall -Wextra -fno-tree-loop-distribute-patterns"

TRACE::2025-12-12.08:32:02::SCWMssOS::"Running Make libs in microblaze_0/libsrc/gpio_v4_9/src"

TRACE::2025-12-12.08:32:02::SCWMssOS::make -C microblaze_0/libsrc/gpio_v4_9/src -s libs  "SHELL=CMD" "COMPILER=mb-gcc" "ASSEMBLER=mb-as" "ARCHIVER=mb-ar" "COMPILER_F
TRACE::2025-12-12.08:32:02::SCWMssOS::LAGS=  -O2 -c -mcpu=v11.0 -mlittle-endian -mno-xl-reorder -mno-xl-soft-mul -mxl-barrel-shift -mxl-pattern-compare" "EXTRA_COMPI
TRACE::2025-12-12.08:32:02::SCWMssOS::LER_FLAGS=-g -ffunction-sections -fdata-sections -Wall -Wextra -fno-tree-loop-distribute-patterns"

TRACE::2025-12-12.08:32:02::SCWMssOS::"Running Make libs in microblaze_0/libsrc/intc_v3_15/src"

TRACE::2025-12-12.08:32:02::SCWMssOS::make -C microblaze_0/libsrc/intc_v3_15/src -s libs  "SHELL=CMD" "COMPILER=mb-gcc" "ASSEMBLER=mb-as" "ARCHIVER=mb-ar" "COMPILER_
TRACE::2025-12-12.08:32:02::SCWMssOS::FLAGS=  -O2 -c -mcpu=v11.0 -mlittle-endian -mno-xl-reorder -mno-xl-soft-mul -mxl-barrel-shift -mxl-pattern-compare" "EXTRA_COMP
TRACE::2025-12-12.08:32:02::SCWMssOS::ILER_FLAGS=-g -ffunction-sections -fdata-sections -Wall -Wextra -fno-tree-loop-distribute-patterns"

TRACE::2025-12-12.08:32:02::SCWMssOS::"Running Make libs in microblaze_0/libsrc/spi_v4_9/src"

TRACE::2025-12-12.08:32:02::SCWMssOS::make -C microblaze_0/libsrc/spi_v4_9/src -s libs  "SHELL=CMD" "COMPILER=mb-gcc" "ASSEMBLER=mb-as" "ARCHIVER=mb-ar" "COMPILER_FL
TRACE::2025-12-12.08:32:02::SCWMssOS::AGS=  -O2 -c -mcpu=v11.0 -mlittle-endian -mno-xl-reorder -mno-xl-soft-mul -mxl-barrel-shift -mxl-pattern-compare" "EXTRA_COMPIL
TRACE::2025-12-12.08:32:02::SCWMssOS::ER_FLAGS=-g -ffunction-sections -fdata-sections -Wall -Wextra -fno-tree-loop-distribute-patterns"

TRACE::2025-12-12.08:32:02::SCWMssOS::"Running Make libs in microblaze_0/libsrc/standalone_v8_0/src"

TRACE::2025-12-12.08:32:02::SCWMssOS::make -C microblaze_0/libsrc/standalone_v8_0/src -s libs  "SHELL=CMD" "COMPILER=mb-gcc" "ASSEMBLER=mb-as" "ARCHIVER=mb-ar" "COMP
TRACE::2025-12-12.08:32:02::SCWMssOS::ILER_FLAGS=  -O2 -c -mcpu=v11.0 -mlittle-endian -mno-xl-reorder -mno-xl-soft-mul -mxl-barrel-shift -mxl-pattern-compare" "EXTRA
TRACE::2025-12-12.08:32:02::SCWMssOS::_COMPILER_FLAGS=-g -ffunction-sections -fdata-sections -Wall -Wextra -fno-tree-loop-distribute-patterns"

TRACE::2025-12-12.08:32:03::SCWMssOS::"Running Make libs in microblaze_0/libsrc/tmrctr_v4_9/src"

TRACE::2025-12-12.08:32:03::SCWMssOS::make -C microblaze_0/libsrc/tmrctr_v4_9/src -s libs  "SHELL=CMD" "COMPILER=mb-gcc" "ASSEMBLER=mb-as" "ARCHIVER=mb-ar" "COMPILER
TRACE::2025-12-12.08:32:03::SCWMssOS::_FLAGS=  -O2 -c -mcpu=v11.0 -mlittle-endian -mno-xl-reorder -mno-xl-soft-mul -mxl-barrel-shift -mxl-pattern-compare" "EXTRA_COM
TRACE::2025-12-12.08:32:03::SCWMssOS::PILER_FLAGS=-g -ffunction-sections -fdata-sections -Wall -Wextra -fno-tree-loop-distribute-patterns"

TRACE::2025-12-12.08:32:03::SCWMssOS::"Running Make libs in microblaze_0/libsrc/uartlite_v3_7/src"

TRACE::2025-12-12.08:32:03::SCWMssOS::make -C microblaze_0/libsrc/uartlite_v3_7/src -s libs  "SHELL=CMD" "COMPILER=mb-gcc" "ASSEMBLER=mb-as" "ARCHIVER=mb-ar" "COMPIL
TRACE::2025-12-12.08:32:03::SCWMssOS::ER_FLAGS=  -O2 -c -mcpu=v11.0 -mlittle-endian -mno-xl-reorder -mno-xl-soft-mul -mxl-barrel-shift -mxl-pattern-compare" "EXTRA_C
TRACE::2025-12-12.08:32:03::SCWMssOS::OMPILER_FLAGS=-g -ffunction-sections -fdata-sections -Wall -Wextra -fno-tree-loop-distribute-patterns"

TRACE::2025-12-12.08:32:06::SCWMssOS::"DEBUG NON_LTO_OBJECTS is ../../../lib/microblaze_interrupt_handler.o"

TRACE::2025-12-12.08:32:06::SCWMssOS::'Finished building libraries parallelly.'

TRACE::2025-12-12.08:32:06::SCWMssOS::make --no-print-directory archive

TRACE::2025-12-12.08:32:06::SCWMssOS::mb-ar -r  microblaze_0/lib/libxil.a microblaze_0/lib/_exit.o microblaze_0/lib/errno.o microblaze_0/lib/fcntl.o microblaze_0/lib
TRACE::2025-12-12.08:32:06::SCWMssOS::/hw_exception_handler.o microblaze_0/lib/inbyte.o microblaze_0/lib/microblaze_disable_dcache.o microblaze_0/lib/microblaze_disa
TRACE::2025-12-12.08:32:06::SCWMssOS::ble_exceptions.o microblaze_0/lib/microblaze_disable_icache.o microblaze_0/lib/microblaze_disable_interrupts.o microblaze_0/lib
TRACE::2025-12-12.08:32:06::SCWMssOS::/microblaze_enable_dcache.o microblaze_0/lib/microblaze_enable_exceptions.o microblaze_0/lib/microblaze_enable_icache.o microbl
TRACE::2025-12-12.08:32:06::SCWMssOS::aze_0/lib/microblaze_enable_interrupts.o microblaze_0/lib/microblaze_exception_handler.o microblaze_0/lib/microblaze_flush_cach
TRACE::2025-12-12.08:32:06::SCWMssOS::e_ext.o microblaze_0/lib/microblaze_flush_cache_ext_range.o microblaze_0/lib/microblaze_flush_dcache.o microblaze_0/lib/microbl
TRACE::2025-12-12.08:32:06::SCWMssOS::aze_flush_dcache_range.o microblaze_0/lib/microblaze_init_dcache_range.o microblaze_0/lib/microblaze_init_icache_range.o microb
TRACE::2025-12-12.08:32:06::SCWMssOS::laze_0/lib/microblaze_interrupt_handler.o microblaze_0/lib/microblaze_interrupts_g.o microblaze_0/lib/microblaze_invalidate_cac
TRACE::2025-12-12.08:32:06::SCWMssOS::he_ext.o microblaze_0/lib/microblaze_invalidate_cache_ext_range.o microblaze_0/lib/microblaze_invalidate_dcache.o microblaze_0/
TRACE::2025-12-12.08:32:06::SCWMssOS::lib/microblaze_invalidate_dcache_range.o microblaze_0/lib/microblaze_invalidate_icache.o microblaze_0/lib/microblaze_invalidate
TRACE::2025-12-12.08:32:06::SCWMssOS::_icache_range.o microblaze_0/lib/microblaze_scrub.o microblaze_0/lib/microblaze_selftest.o microblaze_0/lib/microblaze_sleep.o 
TRACE::2025-12-12.08:32:06::SCWMssOS::microblaze_0/lib/microblaze_update_dcache.o microblaze_0/lib/microblaze_update_icache.o microblaze_0/lib/outbyte.o microblaze_0
TRACE::2025-12-12.08:32:06::SCWMssOS::/lib/print.o microblaze_0/lib/pvr.o microblaze_0/lib/xbram.o microblaze_0/lib/xbram_g.o microblaze_0/lib/xbram_intr.o microblaz
TRACE::2025-12-12.08:32:06::SCWMssOS::e_0/lib/xbram_selftest.o microblaze_0/lib/xbram_sinit.o microblaze_0/lib/xgpio.o microblaze_0/lib/xgpio_extra.o microblaze_0/li
TRACE::2025-12-12.08:32:06::SCWMssOS::b/xgpio_g.o microblaze_0/lib/xgpio_intr.o microblaze_0/lib/xgpio_selftest.o microblaze_0/lib/xgpio_sinit.o microblaze_0/lib/xil
TRACE::2025-12-12.08:32:06::SCWMssOS::_assert.o microblaze_0/lib/xil_cache.o microblaze_0/lib/xil_clocking.o microblaze_0/lib/xil_exception.o microblaze_0/lib/xil_me
TRACE::2025-12-12.08:32:06::SCWMssOS::m.o microblaze_0/lib/xil_misc_psreset_api.o microblaze_0/lib/xil_printf.o microblaze_0/lib/xil_sleepcommon.o microblaze_0/lib/x
TRACE::2025-12-12.08:32:06::SCWMssOS::il_testcache.o microblaze_0/lib/xil_testio.o microblaze_0/lib/xil_testmem.o microblaze_0/lib/xil_util.o microblaze_0/lib/xintc.
TRACE::2025-12-12.08:32:06::SCWMssOS::o microblaze_0/lib/xintc_g.o microblaze_0/lib/xintc_intr.o microblaze_0/lib/xintc_l.o microblaze_0/lib/xintc_options.o microbla
TRACE::2025-12-12.08:32:06::SCWMssOS::ze_0/lib/xintc_selftest.o microblaze_0/lib/xinterrupt_wrap.o microblaze_0/lib/xio.o microblaze_0/lib/xplatform_info.o microblaz
TRACE::2025-12-12.08:32:06::SCWMssOS::e_0/lib/xspi.o microblaze_0/lib/xspi_g.o microblaze_0/lib/xspi_options.o microblaze_0/lib/xspi_selftest.o microblaze_0/lib/xspi
TRACE::2025-12-12.08:32:06::SCWMssOS::_sinit.o microblaze_0/lib/xspi_stats.o microblaze_0/lib/xtmrctr.o microblaze_0/lib/xtmrctr_g.o microblaze_0/lib/xtmrctr_intr.o 
TRACE::2025-12-12.08:32:06::SCWMssOS::microblaze_0/lib/xtmrctr_l.o microblaze_0/lib/xtmrctr_options.o microblaze_0/lib/xtmrctr_selftest.o microblaze_0/lib/xtmrctr_si
TRACE::2025-12-12.08:32:06::SCWMssOS::nit.o microblaze_0/lib/xtmrctr_stats.o microblaze_0/lib/xuartlite.o microblaze_0/lib/xuartlite_g.o microblaze_0/lib/xuartlite_i
TRACE::2025-12-12.08:32:06::SCWMssOS::ntr.o microblaze_0/lib/xuartlite_l.o microblaze_0/lib/xuartlite_selftest.o microblaze_0/lib/xuartlite_sinit.o microblaze_0/lib/
TRACE::2025-12-12.08:32:06::SCWMssOS::xuartlite_stats.o

TRACE::2025-12-12.08:32:06::SCWMssOS::'Finished building libraries'

TRACE::2025-12-12.08:32:06::SCWMssOS:: Checking if to create the Supporting Applications
TRACE::2025-12-12.08:32:06::SCWMssOS:: No Linux domain exists, trying to generate FSBL 
LOG::2025-12-12.08:32:06::SCWSystem::Completed Processing the domain standalone_microblaze_0
LOG::2025-12-12.08:32:06::SCWSystem::Completed Processing the sysconfig tracker_top
LOG::2025-12-12.08:32:06::SCWPlatform::Completed generating the artifacts for system configuration tracker_top
TRACE::2025-12-12.08:32:06::SCWPlatform::Started preparing the platform 
TRACE::2025-12-12.08:32:06::SCWSystem::Writing the bif file for system config tracker_top
TRACE::2025-12-12.08:32:06::SCWSystem::dir created 
TRACE::2025-12-12.08:32:06::SCWSystem::Writing the bif 
TRACE::2025-12-12.08:32:06::SCWPlatform::Started writing the spfm file 
TRACE::2025-12-12.08:32:06::SCWPlatform::Started writing the xpfm file 
TRACE::2025-12-12.08:32:06::SCWPlatform::Completed generating the platform
TRACE::2025-12-12.08:32:06::SCWMssOS::Saving the mss changes D:/viv/SpartanTracker/lab7_2/sdk/tracker_top/microblaze_0/standalone_microblaze_0/bsp/system.mss
TRACE::2025-12-12.08:32:06::SCWMssOS::Adding the swdes entry, mss present, able to open swdb D:/viv/SpartanTracker/lab7_2/sdk/tracker_top/microblaze_0/standalone_microblaze_0/bsp/system.mss with des name system
TRACE::2025-12-12.08:32:06::SCWMssOS::Writing the mss file completed D:/viv/SpartanTracker/lab7_2/sdk/tracker_top/microblaze_0/standalone_microblaze_0/bsp/system.mss
TRACE::2025-12-12.08:32:06::SCWMssOS::Commit changes completed.
TRACE::2025-12-12.08:32:06::SCWPlatform::Trying to open the hw design at D:/viv/SpartanTracker/lab7_2/sdk/tracker_top/hw/tracker_top.xsa
TRACE::2025-12-12.08:32:06::SCWPlatform::DSA given D:/viv/SpartanTracker/lab7_2/sdk/tracker_top/hw/tracker_top.xsa
TRACE::2025-12-12.08:32:06::SCWPlatform::DSA absoulate path D:/viv/SpartanTracker/lab7_2/sdk/tracker_top/hw/tracker_top.xsa
TRACE::2025-12-12.08:32:06::SCWPlatform::DSA directory D:/viv/SpartanTracker/lab7_2/sdk/tracker_top/hw
TRACE::2025-12-12.08:32:06::SCWPlatform:: Platform Path D:/viv/SpartanTracker/lab7_2/sdk/tracker_top/hw/tracker_top.xsa
TRACE::2025-12-12.08:32:06::SCWPlatform:: Unique name xilinx:::0.0
TRACE::2025-12-12.08:32:06::SCWPlatform::Trying to set the existing hwdb with name tracker_top_27
TRACE::2025-12-12.08:32:06::SCWPlatform::Opened existing hwdb tracker_top_27
TRACE::2025-12-12.08:32:06::SCWPlatform::Found the Hw Db part of the input DSA
TRACE::2025-12-12.08:32:06::SCWMssOS::Checking the sw design at  D:/viv/SpartanTracker/lab7_2/sdk/tracker_top/microblaze_0/standalone_microblaze_0/bsp/system.mss
TRACE::2025-12-12.08:32:06::SCWMssOS::DEBUG:  swdes dump  D:/viv/SpartanTracker/lab7_2/sdk/tracker_top/microblaze_0/standalone_microblaze_0/bsp/system.mss|system||

TRACE::2025-12-12.08:32:06::SCWMssOS::Sw design exists and opened at  D:/viv/SpartanTracker/lab7_2/sdk/tracker_top/microblaze_0/standalone_microblaze_0/bsp/system.mss
TRACE::2025-12-12.08:32:06::SCWWriter::formatted JSON is {
	"platformName":	"tracker_top",
	"sprVersion":	"2.0",
	"mode":	"gui",
	"dsaType":	"Fixed",
	"platformDesc":	"tracker_top",
	"platHandOff":	"D:/viv/SpartanTracker/lab7_2/tracker_top.xsa",
	"platIntHandOff":	"<platformDir>/hw/tracker_top.xsa",
	"deviceType":	"FPGA",
	"platIsPrebuiltAutogen":	"false",
	"platIsNoBootBsp":	"false",
	"hasFsblMakeHasChanges":	"false",
	"hasPmufwMakeHasChanges":	"false",
	"platPreBuiltFlag":	false,
	"platformSamplesDir":	"",
	"platActiveSys":	"tracker_top",
	"systems":	[{
			"systemName":	"tracker_top",
			"systemDesc":	"tracker_top",
			"sysIsBootAutoGen":	"true",
			"systemDispName":	"tracker_top",
			"sysActiveDom":	"standalone_microblaze_0",
			"sysDefaultDom":	"standalone_microblaze_0",
			"domains":	[{
					"domainName":	"standalone_microblaze_0",
					"domainDispName":	"standalone_microblaze_0",
					"domainDesc":	"standalone_microblaze_0",
					"processors":	"microblaze_0",
					"os":	"standalone",
					"sdxOs":	"standalone",
					"debugEnable":	"False",
					"domRuntimes":	["cpp"],
					"swRepo":	"",
					"mssOsVer":	"8.0",
					"mssFile":	"",
					"md5Digest":	"948367085d8c8b0e65ac10674ef4e094",
					"compatibleApp":	"",
					"domType":	"mssDomain",
					"arch":	"32-bit",
					"appSettings":	{
						"appCompilerFlags":	"",
						"appLinkerFlags":	""
					},
					"addedLibs":	[],
					"libOptions":	{
						"libsContainingOptions":	[]
					},
					"prebuiltLibs":	{
						"prebuiltIncPath":	[],
						"prebuiltLibPath":	[]
					},
					"isolation":	{
					}
				}]
		}]
}
KEYINFO::2025-12-12.08:32:06::SCWPlatform::updated the xpfm file.
TRACE::2025-12-12.08:32:07::SCWPlatform::Trying to open the hw design at D:/viv/SpartanTracker/lab7_2/sdk/tracker_top/hw/tracker_top.xsa
TRACE::2025-12-12.08:32:07::SCWPlatform::DSA given D:/viv/SpartanTracker/lab7_2/sdk/tracker_top/hw/tracker_top.xsa
TRACE::2025-12-12.08:32:07::SCWPlatform::DSA absoulate path D:/viv/SpartanTracker/lab7_2/sdk/tracker_top/hw/tracker_top.xsa
TRACE::2025-12-12.08:32:07::SCWPlatform::DSA directory D:/viv/SpartanTracker/lab7_2/sdk/tracker_top/hw
TRACE::2025-12-12.08:32:07::SCWPlatform:: Platform Path D:/viv/SpartanTracker/lab7_2/sdk/tracker_top/hw/tracker_top.xsa
TRACE::2025-12-12.08:32:07::SCWPlatform:: Unique name xilinx:::0.0
TRACE::2025-12-12.08:32:07::SCWPlatform::Trying to set the existing hwdb with name tracker_top_27
TRACE::2025-12-12.08:32:07::SCWPlatform::Opened existing hwdb tracker_top_27
TRACE::2025-12-12.08:32:07::SCWPlatform::Found the Hw Db part of the input DSA
TRACE::2025-12-12.08:32:07::SCWMssOS::Checking the sw design at  D:/viv/SpartanTracker/lab7_2/sdk/tracker_top/microblaze_0/standalone_microblaze_0/bsp/system.mss
TRACE::2025-12-12.08:32:07::SCWMssOS::DEBUG:  swdes dump  D:/viv/SpartanTracker/lab7_2/sdk/tracker_top/microblaze_0/standalone_microblaze_0/bsp/system.mss|system||

TRACE::2025-12-12.08:32:07::SCWMssOS::Sw design exists and opened at  D:/viv/SpartanTracker/lab7_2/sdk/tracker_top/microblaze_0/standalone_microblaze_0/bsp/system.mss
TRACE::2025-12-12.08:44:20::SCWPlatform::Clearing the existing platform
TRACE::2025-12-12.08:44:20::SCWSystem::Clearing the existing sysconfig
TRACE::2025-12-12.08:44:20::SCWMssOS::Removing the swdes entry for  D:/viv/SpartanTracker/lab7_2/sdk/tracker_top/microblaze_0/standalone_microblaze_0/bsp/system.mss
TRACE::2025-12-12.08:44:20::SCWSystem::Clearing the domains completed.
TRACE::2025-12-12.08:44:20::SCWPlatform::Clearing the opened hw db.
TRACE::2025-12-12.08:44:20::SCWPlatform::DSA given D:/viv/SpartanTracker/lab7_2/sdk/tracker_top/hw/tracker_top.xsa
TRACE::2025-12-12.08:44:20::SCWPlatform::DSA absoulate path D:/viv/SpartanTracker/lab7_2/sdk/tracker_top/hw/tracker_top.xsa
TRACE::2025-12-12.08:44:20::SCWPlatform:: Platform location is D:/viv/SpartanTracker/lab7_2/sdk/tracker_top/hw
TRACE::2025-12-12.08:44:20::SCWPlatform:: Platform Path D:/viv/SpartanTracker/lab7_2/sdk/tracker_top/hw/tracker_top.xsa
TRACE::2025-12-12.08:44:20::SCWPlatform:: Unique name xilinx:::0.0
TRACE::2025-12-12.08:44:20::SCWPlatform::Removing the HwDB with name D:/viv/SpartanTracker/lab7_2/sdk/tracker_top/hw/tracker_top.xsa
TRACE::2025-12-12.08:44:20::SCWPlatform::Trying to open the hw design at D:/viv/SpartanTracker/lab7_2/sdk/tracker_top/hw/tracker_top.xsa
TRACE::2025-12-12.08:44:20::SCWPlatform::DSA given D:/viv/SpartanTracker/lab7_2/sdk/tracker_top/hw/tracker_top.xsa
TRACE::2025-12-12.08:44:20::SCWPlatform::DSA absoulate path D:/viv/SpartanTracker/lab7_2/sdk/tracker_top/hw/tracker_top.xsa
TRACE::2025-12-12.08:44:20::SCWPlatform::DSA directory D:/viv/SpartanTracker/lab7_2/sdk/tracker_top/hw
TRACE::2025-12-12.08:44:20::SCWPlatform:: Platform Path D:/viv/SpartanTracker/lab7_2/sdk/tracker_top/hw/tracker_top.xsa
TRACE::2025-12-12.08:44:20::SCWPlatform:: Unique name xilinx:::0.0
TRACE::2025-12-12.08:44:20::SCWPlatform::Do not have an existing db opened. 
TRACE::2025-12-12.08:44:20::SCWPlatform::Opened new HwDB with name tracker_top_29
TRACE::2025-12-12.08:44:20::SCWReader::Active system found as  tracker_top
TRACE::2025-12-12.08:44:20::SCWReader::Handling sysconfig tracker_top
TRACE::2025-12-12.08:44:20::SCWDomain::checking for install qemu data   : 
TRACE::2025-12-12.08:44:20::SCWPlatform::Trying to open the hw design at D:/viv/SpartanTracker/lab7_2/sdk/tracker_top/hw/tracker_top.xsa
TRACE::2025-12-12.08:44:20::SCWPlatform::DSA given D:/viv/SpartanTracker/lab7_2/sdk/tracker_top/hw/tracker_top.xsa
TRACE::2025-12-12.08:44:20::SCWPlatform::DSA absoulate path D:/viv/SpartanTracker/lab7_2/sdk/tracker_top/hw/tracker_top.xsa
TRACE::2025-12-12.08:44:20::SCWPlatform::DSA directory D:/viv/SpartanTracker/lab7_2/sdk/tracker_top/hw
TRACE::2025-12-12.08:44:20::SCWPlatform:: Platform Path D:/viv/SpartanTracker/lab7_2/sdk/tracker_top/hw/tracker_top.xsa
TRACE::2025-12-12.08:44:20::SCWPlatform:: Unique name xilinx:::0.0
TRACE::2025-12-12.08:44:20::SCWPlatform::Trying to set the existing hwdb with name tracker_top_29
TRACE::2025-12-12.08:44:20::SCWPlatform::Opened existing hwdb tracker_top_29
TRACE::2025-12-12.08:44:20::SCWPlatform::Found the Hw Db part of the input DSA
TRACE::2025-12-12.08:44:20::SCWPlatform::Trying to open the hw design at D:/viv/SpartanTracker/lab7_2/sdk/tracker_top/hw/tracker_top.xsa
TRACE::2025-12-12.08:44:20::SCWPlatform::DSA given D:/viv/SpartanTracker/lab7_2/sdk/tracker_top/hw/tracker_top.xsa
TRACE::2025-12-12.08:44:20::SCWPlatform::DSA absoulate path D:/viv/SpartanTracker/lab7_2/sdk/tracker_top/hw/tracker_top.xsa
TRACE::2025-12-12.08:44:20::SCWPlatform::DSA directory D:/viv/SpartanTracker/lab7_2/sdk/tracker_top/hw
TRACE::2025-12-12.08:44:20::SCWPlatform:: Platform Path D:/viv/SpartanTracker/lab7_2/sdk/tracker_top/hw/tracker_top.xsa
TRACE::2025-12-12.08:44:20::SCWPlatform:: Unique name xilinx:::0.0
TRACE::2025-12-12.08:44:20::SCWPlatform::Trying to set the existing hwdb with name tracker_top_29
TRACE::2025-12-12.08:44:20::SCWPlatform::Opened existing hwdb tracker_top_29
TRACE::2025-12-12.08:44:20::SCWPlatform::Found the Hw Db part of the input DSA
TRACE::2025-12-12.08:44:20::SCWPlatform::Trying to open the hw design at D:/viv/SpartanTracker/lab7_2/sdk/tracker_top/hw/tracker_top.xsa
TRACE::2025-12-12.08:44:20::SCWPlatform::DSA given D:/viv/SpartanTracker/lab7_2/sdk/tracker_top/hw/tracker_top.xsa
TRACE::2025-12-12.08:44:20::SCWPlatform::DSA absoulate path D:/viv/SpartanTracker/lab7_2/sdk/tracker_top/hw/tracker_top.xsa
TRACE::2025-12-12.08:44:20::SCWPlatform::DSA directory D:/viv/SpartanTracker/lab7_2/sdk/tracker_top/hw
TRACE::2025-12-12.08:44:20::SCWPlatform:: Platform Path D:/viv/SpartanTracker/lab7_2/sdk/tracker_top/hw/tracker_top.xsa
TRACE::2025-12-12.08:44:20::SCWPlatform:: Unique name xilinx:::0.0
TRACE::2025-12-12.08:44:20::SCWPlatform::Trying to set the existing hwdb with name tracker_top_29
TRACE::2025-12-12.08:44:20::SCWPlatform::Opened existing hwdb tracker_top_29
TRACE::2025-12-12.08:44:20::SCWPlatform::Found the Hw Db part of the input DSA
TRACE::2025-12-12.08:44:20::SCWPlatform::Trying to open the hw design at D:/viv/SpartanTracker/lab7_2/sdk/tracker_top/hw/tracker_top.xsa
TRACE::2025-12-12.08:44:20::SCWPlatform::DSA given D:/viv/SpartanTracker/lab7_2/sdk/tracker_top/hw/tracker_top.xsa
TRACE::2025-12-12.08:44:20::SCWPlatform::DSA absoulate path D:/viv/SpartanTracker/lab7_2/sdk/tracker_top/hw/tracker_top.xsa
TRACE::2025-12-12.08:44:20::SCWPlatform::DSA directory D:/viv/SpartanTracker/lab7_2/sdk/tracker_top/hw
TRACE::2025-12-12.08:44:20::SCWPlatform:: Platform Path D:/viv/SpartanTracker/lab7_2/sdk/tracker_top/hw/tracker_top.xsa
TRACE::2025-12-12.08:44:20::SCWPlatform:: Unique name xilinx:::0.0
TRACE::2025-12-12.08:44:20::SCWPlatform::Trying to set the existing hwdb with name tracker_top_29
TRACE::2025-12-12.08:44:20::SCWPlatform::Opened existing hwdb tracker_top_29
TRACE::2025-12-12.08:44:20::SCWPlatform::Found the Hw Db part of the input DSA
TRACE::2025-12-12.08:44:20::SCWMssOS::Checking the sw design at  D:/viv/SpartanTracker/lab7_2/sdk/tracker_top/microblaze_0/standalone_microblaze_0/bsp/system.mss
TRACE::2025-12-12.08:44:20::SCWMssOS::DEBUG:  swdes dump  
TRACE::2025-12-12.08:44:20::SCWMssOS::No sw design opened at  D:/viv/SpartanTracker/lab7_2/sdk/tracker_top/microblaze_0/standalone_microblaze_0/bsp/system.mss
TRACE::2025-12-12.08:44:20::SCWMssOS::mss exists loading the mss file  D:/viv/SpartanTracker/lab7_2/sdk/tracker_top/microblaze_0/standalone_microblaze_0/bsp/system.mss
TRACE::2025-12-12.08:44:20::SCWMssOS::Opened the sw design from mss  D:/viv/SpartanTracker/lab7_2/sdk/tracker_top/microblaze_0/standalone_microblaze_0/bsp/system.mss
TRACE::2025-12-12.08:44:20::SCWMssOS::Adding the swdes entry D:/viv/SpartanTracker/lab7_2/sdk/tracker_top/microblaze_0/standalone_microblaze_0/bsp/system.mss with des name system
TRACE::2025-12-12.08:44:20::SCWMssOS::updating the scw layer about changes
TRACE::2025-12-12.08:44:20::SCWMssOS::Opened the sw design.  D:/viv/SpartanTracker/lab7_2/sdk/tracker_top/microblaze_0/standalone_microblaze_0/bsp/system.mss
TRACE::2025-12-12.08:44:20::SCWMssOS::Saving the mss changes D:/viv/SpartanTracker/lab7_2/sdk/tracker_top/microblaze_0/standalone_microblaze_0/bsp/system.mss
TRACE::2025-12-12.08:44:20::SCWMssOS::Found a swdesign opened with the mssfile.
TRACE::2025-12-12.08:44:20::SCWMssOS::Completed writemss as part of save.
TRACE::2025-12-12.08:44:20::SCWMssOS::Commit changes completed.
TRACE::2025-12-12.08:44:20::SCWReader::Adding prebuilt librarypaths as   
TRACE::2025-12-12.08:44:20::SCWReader::Adding prebuilt incpaths  as   
TRACE::2025-12-12.08:44:20::SCWPlatform::Trying to open the hw design at D:/viv/SpartanTracker/lab7_2/sdk/tracker_top/hw/tracker_top.xsa
TRACE::2025-12-12.08:44:20::SCWPlatform::DSA given D:/viv/SpartanTracker/lab7_2/sdk/tracker_top/hw/tracker_top.xsa
TRACE::2025-12-12.08:44:20::SCWPlatform::DSA absoulate path D:/viv/SpartanTracker/lab7_2/sdk/tracker_top/hw/tracker_top.xsa
TRACE::2025-12-12.08:44:20::SCWPlatform::DSA directory D:/viv/SpartanTracker/lab7_2/sdk/tracker_top/hw
TRACE::2025-12-12.08:44:20::SCWPlatform:: Platform Path D:/viv/SpartanTracker/lab7_2/sdk/tracker_top/hw/tracker_top.xsa
TRACE::2025-12-12.08:44:20::SCWPlatform:: Unique name xilinx:::0.0
TRACE::2025-12-12.08:44:20::SCWPlatform::Trying to set the existing hwdb with name tracker_top_29
TRACE::2025-12-12.08:44:20::SCWPlatform::Opened existing hwdb tracker_top_29
TRACE::2025-12-12.08:44:20::SCWPlatform::Found the Hw Db part of the input DSA
TRACE::2025-12-12.08:44:20::SCWMssOS::Checking the sw design at  D:/viv/SpartanTracker/lab7_2/sdk/tracker_top/microblaze_0/standalone_microblaze_0/bsp/system.mss
TRACE::2025-12-12.08:44:20::SCWMssOS::DEBUG:  swdes dump  D:/viv/SpartanTracker/lab7_2/sdk/tracker_top/microblaze_0/standalone_microblaze_0/bsp/system.mss|system||

TRACE::2025-12-12.08:44:20::SCWMssOS::Sw design exists and opened at  D:/viv/SpartanTracker/lab7_2/sdk/tracker_top/microblaze_0/standalone_microblaze_0/bsp/system.mss
TRACE::2025-12-12.08:44:20::SCWReader::No isolation master present  
TRACE::2025-12-12.08:44:23::SCWPlatform::DSA given D:/viv/SpartanTracker/lab7_2/sdk/tracker_top/tempdsa/tracker_top.xsa
TRACE::2025-12-12.08:44:23::SCWPlatform::DSA absoulate path D:/viv/SpartanTracker/lab7_2/sdk/tracker_top/tempdsa/tracker_top.xsa
TRACE::2025-12-12.08:44:23::SCWPlatform:: Platform location is D:/viv/SpartanTracker/lab7_2/sdk/tracker_top/tempdsa
TRACE::2025-12-12.08:44:23::SCWPlatform:: Platform Path D:/viv/SpartanTracker/lab7_2/sdk/tracker_top/tempdsa/tracker_top.xsa
TRACE::2025-12-12.08:44:23::SCWPlatform:: Unique name xilinx:::0.0
TRACE::2025-12-12.08:44:24::SCWPlatform::Found the Hw Db part of the input DSA
TRACE::2025-12-12.08:44:24::SCWMssOS::Doing hw sync for the mss in domain: standalone_microblaze_0
TRACE::2025-12-12.08:44:24::SCWPlatform::Trying to open the hw design at D:/viv/SpartanTracker/lab7_2/sdk/tracker_top/hw/tracker_top.xsa
TRACE::2025-12-12.08:44:24::SCWPlatform::DSA given D:/viv/SpartanTracker/lab7_2/sdk/tracker_top/hw/tracker_top.xsa
TRACE::2025-12-12.08:44:24::SCWPlatform::DSA absoulate path D:/viv/SpartanTracker/lab7_2/sdk/tracker_top/hw/tracker_top.xsa
TRACE::2025-12-12.08:44:24::SCWPlatform::DSA directory D:/viv/SpartanTracker/lab7_2/sdk/tracker_top/hw
TRACE::2025-12-12.08:44:24::SCWPlatform:: Platform Path D:/viv/SpartanTracker/lab7_2/sdk/tracker_top/hw/tracker_top.xsa
TRACE::2025-12-12.08:44:24::SCWPlatform:: Unique name xilinx:::0.0
TRACE::2025-12-12.08:44:24::SCWPlatform::Trying to set the existing hwdb with name tracker_top_29
TRACE::2025-12-12.08:44:24::SCWPlatform::Opened existing hwdb tracker_top_29
TRACE::2025-12-12.08:44:24::SCWPlatform::Found the Hw Db part of the input DSA
TRACE::2025-12-12.08:44:24::SCWPlatform::Trying to open the hw design at D:/viv/SpartanTracker/lab7_2/sdk/tracker_top/hw/tracker_top.xsa
TRACE::2025-12-12.08:44:24::SCWPlatform::DSA given D:/viv/SpartanTracker/lab7_2/sdk/tracker_top/hw/tracker_top.xsa
TRACE::2025-12-12.08:44:24::SCWPlatform::DSA absoulate path D:/viv/SpartanTracker/lab7_2/sdk/tracker_top/hw/tracker_top.xsa
TRACE::2025-12-12.08:44:24::SCWPlatform::DSA directory D:/viv/SpartanTracker/lab7_2/sdk/tracker_top/hw
TRACE::2025-12-12.08:44:24::SCWPlatform:: Platform Path D:/viv/SpartanTracker/lab7_2/sdk/tracker_top/hw/tracker_top.xsa
TRACE::2025-12-12.08:44:24::SCWPlatform:: Unique name xilinx:::0.0
TRACE::2025-12-12.08:44:24::SCWPlatform::Trying to set the existing hwdb with name tracker_top_29
TRACE::2025-12-12.08:44:24::SCWPlatform::Opened existing hwdb tracker_top_29
TRACE::2025-12-12.08:44:24::SCWPlatform::Found the Hw Db part of the input DSA
TRACE::2025-12-12.08:44:24::SCWMssOS::Checking the sw design at  D:/viv/SpartanTracker/lab7_2/sdk/tracker_top/microblaze_0/standalone_microblaze_0/bsp/system.mss
TRACE::2025-12-12.08:44:24::SCWMssOS::DEBUG:  swdes dump  D:/viv/SpartanTracker/lab7_2/sdk/tracker_top/microblaze_0/standalone_microblaze_0/bsp/system.mss|system||

TRACE::2025-12-12.08:44:24::SCWMssOS::Sw design exists and opened at  D:/viv/SpartanTracker/lab7_2/sdk/tracker_top/microblaze_0/standalone_microblaze_0/bsp/system.mss
TRACE::2025-12-12.08:44:24::SCWPlatform::Trying to open the hw design at D:/viv/SpartanTracker/lab7_2/sdk/tracker_top/tempdsa/tracker_top.xsa
TRACE::2025-12-12.08:44:24::SCWPlatform::DSA given D:/viv/SpartanTracker/lab7_2/sdk/tracker_top/tempdsa/tracker_top.xsa
TRACE::2025-12-12.08:44:24::SCWPlatform::DSA absoulate path D:/viv/SpartanTracker/lab7_2/sdk/tracker_top/tempdsa/tracker_top.xsa
TRACE::2025-12-12.08:44:24::SCWPlatform::DSA directory D:/viv/SpartanTracker/lab7_2/sdk/tracker_top/tempdsa
TRACE::2025-12-12.08:44:24::SCWPlatform:: Platform Path D:/viv/SpartanTracker/lab7_2/sdk/tracker_top/tempdsa/tracker_top.xsa
TRACE::2025-12-12.08:44:24::SCWPlatform:: Unique name xilinx:::0.0
TRACE::2025-12-12.08:44:24::SCWPlatform::update - Opened existing hwdb tracker_top_30
TRACE::2025-12-12.08:44:24::SCWPlatform::Found the Hw Db part of the input DSA
TRACE::2025-12-12.08:44:24::SCWMssOS::Saving the mss changes D:/viv/SpartanTracker/lab7_2/sdk/tracker_top/microblaze_0/standalone_microblaze_0/bsp/system.mss
TRACE::2025-12-12.08:44:24::SCWMssOS::Found a swdesign opened with the mssfile.
TRACE::2025-12-12.08:44:24::SCWMssOS::Completed writemss as part of save.
TRACE::2025-12-12.08:44:24::SCWMssOS::Commit changes completed.
TRACE::2025-12-12.08:44:24::SCWMssOS::Completed hw sync for the mss in domain: standalone_microblaze_0
TRACE::2025-12-12.08:44:24::SCWMssOS::Removing the swdes entry for  D:/viv/SpartanTracker/lab7_2/sdk/tracker_top/microblaze_0/standalone_microblaze_0/bsp/system.mss
TRACE::2025-12-12.08:44:24::SCWPlatform::Trying to open the hw design at D:/viv/SpartanTracker/lab7_2/sdk/tracker_top/hw/tracker_top.xsa
TRACE::2025-12-12.08:44:24::SCWPlatform::DSA given D:/viv/SpartanTracker/lab7_2/sdk/tracker_top/hw/tracker_top.xsa
TRACE::2025-12-12.08:44:24::SCWPlatform::DSA absoulate path D:/viv/SpartanTracker/lab7_2/sdk/tracker_top/hw/tracker_top.xsa
TRACE::2025-12-12.08:44:24::SCWPlatform::DSA directory D:/viv/SpartanTracker/lab7_2/sdk/tracker_top/hw
TRACE::2025-12-12.08:44:24::SCWPlatform:: Platform Path D:/viv/SpartanTracker/lab7_2/sdk/tracker_top/hw/tracker_top.xsa
TRACE::2025-12-12.08:44:24::SCWPlatform:: Unique name xilinx:::0.0
TRACE::2025-12-12.08:44:24::SCWPlatform::Do not have an existing db opened. 
TRACE::2025-12-12.08:44:24::SCWPlatform::Opened new HwDB with name tracker_top_31
TRACE::2025-12-12.08:44:24::SCWMssOS::Saving the mss changes D:/viv/SpartanTracker/lab7_2/sdk/tracker_top/microblaze_0/standalone_microblaze_0/bsp/system.mss
TRACE::2025-12-12.08:44:24::SCWMssOS::Adding the swdes entry, mss present, able to open swdb D:/viv/SpartanTracker/lab7_2/sdk/tracker_top/microblaze_0/standalone_microblaze_0/bsp/system.mss with des name system
TRACE::2025-12-12.08:44:24::SCWMssOS::Writing the mss file completed D:/viv/SpartanTracker/lab7_2/sdk/tracker_top/microblaze_0/standalone_microblaze_0/bsp/system.mss
TRACE::2025-12-12.08:44:24::SCWMssOS::Commit changes completed.
TRACE::2025-12-12.08:44:24::SCWPlatform::Trying to open the hw design at D:/viv/SpartanTracker/lab7_2/sdk/tracker_top/hw/tracker_top.xsa
TRACE::2025-12-12.08:44:24::SCWPlatform::DSA given D:/viv/SpartanTracker/lab7_2/sdk/tracker_top/hw/tracker_top.xsa
TRACE::2025-12-12.08:44:24::SCWPlatform::DSA absoulate path D:/viv/SpartanTracker/lab7_2/sdk/tracker_top/hw/tracker_top.xsa
TRACE::2025-12-12.08:44:24::SCWPlatform::DSA directory D:/viv/SpartanTracker/lab7_2/sdk/tracker_top/hw
TRACE::2025-12-12.08:44:24::SCWPlatform:: Platform Path D:/viv/SpartanTracker/lab7_2/sdk/tracker_top/hw/tracker_top.xsa
TRACE::2025-12-12.08:44:24::SCWPlatform:: Unique name xilinx:::0.0
TRACE::2025-12-12.08:44:24::SCWPlatform::Trying to set the existing hwdb with name tracker_top_31
TRACE::2025-12-12.08:44:24::SCWPlatform::Opened existing hwdb tracker_top_31
TRACE::2025-12-12.08:44:24::SCWPlatform::Found the Hw Db part of the input DSA
TRACE::2025-12-12.08:44:24::SCWMssOS::Checking the sw design at  D:/viv/SpartanTracker/lab7_2/sdk/tracker_top/microblaze_0/standalone_microblaze_0/bsp/system.mss
TRACE::2025-12-12.08:44:24::SCWMssOS::DEBUG:  swdes dump  D:/viv/SpartanTracker/lab7_2/sdk/tracker_top/microblaze_0/standalone_microblaze_0/bsp/system.mss|system||

TRACE::2025-12-12.08:44:24::SCWMssOS::Sw design exists and opened at  D:/viv/SpartanTracker/lab7_2/sdk/tracker_top/microblaze_0/standalone_microblaze_0/bsp/system.mss
TRACE::2025-12-12.08:44:24::SCWWriter::formatted JSON is {
	"platformName":	"tracker_top",
	"sprVersion":	"2.0",
	"mode":	"gui",
	"dsaType":	"Fixed",
	"platformDesc":	"tracker_top",
	"platHandOff":	"D:/viv/SpartanTracker/lab7_2/tracker_top.xsa",
	"platIntHandOff":	"<platformDir>/hw/tracker_top.xsa",
	"deviceType":	"FPGA",
	"platIsPrebuiltAutogen":	"false",
	"platIsNoBootBsp":	"false",
	"hasFsblMakeHasChanges":	"false",
	"hasPmufwMakeHasChanges":	"false",
	"platPreBuiltFlag":	false,
	"platformSamplesDir":	"",
	"platActiveSys":	"tracker_top",
	"systems":	[{
			"systemName":	"tracker_top",
			"systemDesc":	"tracker_top",
			"sysIsBootAutoGen":	"true",
			"systemDispName":	"tracker_top",
			"sysActiveDom":	"standalone_microblaze_0",
			"sysDefaultDom":	"standalone_microblaze_0",
			"domains":	[{
					"domainName":	"standalone_microblaze_0",
					"domainDispName":	"standalone_microblaze_0",
					"domainDesc":	"standalone_microblaze_0",
					"processors":	"microblaze_0",
					"os":	"standalone",
					"sdxOs":	"standalone",
					"debugEnable":	"False",
					"domRuntimes":	["cpp"],
					"swRepo":	"",
					"mssOsVer":	"8.0",
					"mssFile":	"",
					"md5Digest":	"948367085d8c8b0e65ac10674ef4e0941",
					"compatibleApp":	"",
					"domType":	"mssDomain",
					"arch":	"32-bit",
					"appSettings":	{
						"appCompilerFlags":	"",
						"appLinkerFlags":	""
					},
					"addedLibs":	[],
					"libOptions":	{
						"libsContainingOptions":	[]
					},
					"prebuiltLibs":	{
						"prebuiltIncPath":	[],
						"prebuiltLibPath":	[]
					},
					"isolation":	{
					}
				}]
		}]
}
TRACE::2025-12-12.08:44:34::SCWMssOS::cleaning the bsp 
TRACE::2025-12-12.08:44:34::SCWMssOS::System Command Ran  D: & cd  D:/viv/SpartanTracker/lab7_2/sdk/tracker_top/microblaze_0/standalone_microblaze_0/bsp & make clean 
TRACE::2025-12-12.08:44:34::SCWMssOS::make -C microblaze_0/libsrc/bram_v4_8/src -s clean 

TRACE::2025-12-12.08:44:35::SCWMssOS::make -C microblaze_0/libsrc/cpu_v2_16/src -s clean 

TRACE::2025-12-12.08:44:35::SCWMssOS::make -C microblaze_0/libsrc/gpio_v4_9/src -s clean 

TRACE::2025-12-12.08:44:35::SCWMssOS::make -C microblaze_0/libsrc/intc_v3_15/src -s clean 

TRACE::2025-12-12.08:44:35::SCWMssOS::make -C microblaze_0/libsrc/spi_v4_9/src -s clean 

TRACE::2025-12-12.08:44:35::SCWMssOS::make -C microblaze_0/libsrc/standalone_v8_0/src -s clean 

TRACE::2025-12-12.08:44:35::SCWMssOS::make -C microblaze_0/libsrc/tmrctr_v4_9/src -s clean 

TRACE::2025-12-12.08:44:35::SCWMssOS::make -C microblaze_0/libsrc/uartlite_v3_7/src -s clean 

TRACE::2025-12-12.08:44:35::SCWMssOS::rm -f microblaze_0/lib/libxil.a

LOG::2025-12-12.08:44:53::SCWPlatform::Started generating the artifacts platform tracker_top
TRACE::2025-12-12.08:44:53::SCWPlatform::Sanity checking of platform is completed
LOG::2025-12-12.08:44:53::SCWPlatform::Started generating the artifacts for system configuration tracker_top
LOG::2025-12-12.08:44:53::SCWSystem::Checking the domain standalone_microblaze_0
LOG::2025-12-12.08:44:53::SCWSystem::Not a boot domain 
LOG::2025-12-12.08:44:53::SCWSystem::Started Processing the domain standalone_microblaze_0
TRACE::2025-12-12.08:44:53::SCWDomain::Generating domain artifcats
TRACE::2025-12-12.08:44:53::SCWMssOS::Generating standalone artifcats
TRACE::2025-12-12.08:44:53::SCWMssOS:: Copying the user libraries. 
TRACE::2025-12-12.08:44:53::SCWPlatform::Trying to open the hw design at D:/viv/SpartanTracker/lab7_2/sdk/tracker_top/hw/tracker_top.xsa
TRACE::2025-12-12.08:44:53::SCWPlatform::DSA given D:/viv/SpartanTracker/lab7_2/sdk/tracker_top/hw/tracker_top.xsa
TRACE::2025-12-12.08:44:53::SCWPlatform::DSA absoulate path D:/viv/SpartanTracker/lab7_2/sdk/tracker_top/hw/tracker_top.xsa
TRACE::2025-12-12.08:44:53::SCWPlatform::DSA directory D:/viv/SpartanTracker/lab7_2/sdk/tracker_top/hw
TRACE::2025-12-12.08:44:53::SCWPlatform:: Platform Path D:/viv/SpartanTracker/lab7_2/sdk/tracker_top/hw/tracker_top.xsa
TRACE::2025-12-12.08:44:53::SCWPlatform:: Unique name xilinx:::0.0
TRACE::2025-12-12.08:44:53::SCWPlatform::Trying to set the existing hwdb with name tracker_top_31
TRACE::2025-12-12.08:44:53::SCWPlatform::Opened existing hwdb tracker_top_31
TRACE::2025-12-12.08:44:53::SCWPlatform::Found the Hw Db part of the input DSA
TRACE::2025-12-12.08:44:53::SCWMssOS::Checking the sw design at  D:/viv/SpartanTracker/lab7_2/sdk/tracker_top/microblaze_0/standalone_microblaze_0/bsp/system.mss
TRACE::2025-12-12.08:44:53::SCWMssOS::DEBUG:  swdes dump  D:/viv/SpartanTracker/lab7_2/sdk/tracker_top/microblaze_0/standalone_microblaze_0/bsp/system.mss|system||

TRACE::2025-12-12.08:44:53::SCWMssOS::Sw design exists and opened at  D:/viv/SpartanTracker/lab7_2/sdk/tracker_top/microblaze_0/standalone_microblaze_0/bsp/system.mss
TRACE::2025-12-12.08:44:53::SCWMssOS::Completed writing the mss file at D:/viv/SpartanTracker/lab7_2/sdk/tracker_top/microblaze_0/standalone_microblaze_0/bsp
TRACE::2025-12-12.08:44:53::SCWMssOS::Mss edits present, copying mssfile into export location D:/viv/SpartanTracker/lab7_2/sdk/tracker_top/microblaze_0/standalone_microblaze_0/bsp/system.mss
TRACE::2025-12-12.08:44:53::SCWMssOS::bsp generated is stale removing and regenerating. 
TRACE::2025-12-12.08:44:55::SCWMssOS::doing bsp build ... 
TRACE::2025-12-12.08:44:55::SCWMssOS::System Command Ran  D: & cd  D:/viv/SpartanTracker/lab7_2/sdk/tracker_top/microblaze_0/standalone_microblaze_0/bsp & make 
TRACE::2025-12-12.08:44:55::SCWMssOS::make --no-print-directory seq_libs

TRACE::2025-12-12.08:44:55::SCWMssOS::'Finished building libraries sequentially.'

TRACE::2025-12-12.08:44:55::SCWMssOS::make -j 6 --no-print-directory par_libs

TRACE::2025-12-12.08:44:55::SCWMssOS::"Running Make include in microblaze_0/libsrc/bram_v4_8/src"

TRACE::2025-12-12.08:44:55::SCWMssOS::make -C microblaze_0/libsrc/bram_v4_8/src -s include  "SHELL=CMD" "COMPILER=mb-gcc" "ASSEMBLER=mb-as" "ARCHIVER=mb-ar" "COMPILE
TRACE::2025-12-12.08:44:55::SCWMssOS::R_FLAGS=  -O2 -c -mcpu=v11.0 -mlittle-endian -mno-xl-reorder -mno-xl-soft-mul -mxl-barrel-shift -mxl-pattern-compare" "EXTRA_CO
TRACE::2025-12-12.08:44:55::SCWMssOS::MPILER_FLAGS=-g -ffunction-sections -fdata-sections -Wall -Wextra -fno-tree-loop-distribute-patterns"

TRACE::2025-12-12.08:44:55::SCWMssOS::"Running Make include in microblaze_0/libsrc/cpu_v2_16/src"

TRACE::2025-12-12.08:44:55::SCWMssOS::make -C microblaze_0/libsrc/cpu_v2_16/src -s include  "SHELL=CMD" "COMPILER=mb-gcc" "ASSEMBLER=mb-as" "ARCHIVER=mb-ar" "COMPILE
TRACE::2025-12-12.08:44:55::SCWMssOS::R_FLAGS=  -O2 -c -mcpu=v11.0 -mlittle-endian -mno-xl-reorder -mno-xl-soft-mul -mxl-barrel-shift -mxl-pattern-compare" "EXTRA_CO
TRACE::2025-12-12.08:44:55::SCWMssOS::MPILER_FLAGS=-g -ffunction-sections -fdata-sections -Wall -Wextra -fno-tree-loop-distribute-patterns"

TRACE::2025-12-12.08:44:55::SCWMssOS::"Running Make include in microblaze_0/libsrc/gpio_v4_9/src"

TRACE::2025-12-12.08:44:55::SCWMssOS::make -C microblaze_0/libsrc/gpio_v4_9/src -s include  "SHELL=CMD" "COMPILER=mb-gcc" "ASSEMBLER=mb-as" "ARCHIVER=mb-ar" "COMPILE
TRACE::2025-12-12.08:44:55::SCWMssOS::R_FLAGS=  -O2 -c -mcpu=v11.0 -mlittle-endian -mno-xl-reorder -mno-xl-soft-mul -mxl-barrel-shift -mxl-pattern-compare" "EXTRA_CO
TRACE::2025-12-12.08:44:55::SCWMssOS::MPILER_FLAGS=-g -ffunction-sections -fdata-sections -Wall -Wextra -fno-tree-loop-distribute-patterns"

TRACE::2025-12-12.08:44:55::SCWMssOS::"Running Make include in microblaze_0/libsrc/spi_v4_9/src"

TRACE::2025-12-12.08:44:55::SCWMssOS::"Running Make include in microblaze_0/libsrc/intc_v3_15/src"

TRACE::2025-12-12.08:44:55::SCWMssOS::make -C microblaze_0/libsrc/spi_v4_9/src -s include  "SHELL=CMD" "COMPILER=mb-gcc" "ASSEMBLER=mb-as" "ARCHIVER=mb-ar" "COMPILER
TRACE::2025-12-12.08:44:55::SCWMssOS::_FLAGS=  -O2 -c -mcpu=v11.0 -mlittle-endian -mno-xl-reorder -mno-xl-soft-mul -mxl-barrel-shift -mxl-pattern-compare" "EXTRA_COM
TRACE::2025-12-12.08:44:55::SCWMssOS::PILER_FLAGS=-g -ffunction-sections -fdata-sections -Wall -Wextra -fno-tree-loop-distribute-patterns"

TRACE::2025-12-12.08:44:55::SCWMssOS::"Running Make include in microblaze_0/libsrc/standalone_v8_0/src"

TRACE::2025-12-12.08:44:55::SCWMssOS::make -C microblaze_0/libsrc/intc_v3_15/src -s include  "SHELL=CMD" "COMPILER=mb-gcc" "ASSEMBLER=mb-as" "ARCHIVER=mb-ar" "COMPIL
TRACE::2025-12-12.08:44:55::SCWMssOS::ER_FLAGS=  -O2 -c -mcpu=v11.0 -mlittle-endian -mno-xl-reorder -mno-xl-soft-mul -mxl-barrel-shift -mxl-pattern-compare" "EXTRA_C
TRACE::2025-12-12.08:44:55::SCWMssOS::OMPILER_FLAGS=-g -ffunction-sections -fdata-sections -Wall -Wextra -fno-tree-loop-distribute-patterns"

TRACE::2025-12-12.08:44:55::SCWMssOS::make -C microblaze_0/libsrc/standalone_v8_0/src -s include  "SHELL=CMD" "COMPILER=mb-gcc" "ASSEMBLER=mb-as" "ARCHIVER=mb-ar" "C
TRACE::2025-12-12.08:44:55::SCWMssOS::OMPILER_FLAGS=  -O2 -c -mcpu=v11.0 -mlittle-endian -mno-xl-reorder -mno-xl-soft-mul -mxl-barrel-shift -mxl-pattern-compare" "EX
TRACE::2025-12-12.08:44:55::SCWMssOS::TRA_COMPILER_FLAGS=-g -ffunction-sections -fdata-sections -Wall -Wextra -fno-tree-loop-distribute-patterns"

TRACE::2025-12-12.08:44:55::SCWMssOS::"Running Make include in microblaze_0/libsrc/tmrctr_v4_9/src"

TRACE::2025-12-12.08:44:55::SCWMssOS::make -C microblaze_0/libsrc/tmrctr_v4_9/src -s include  "SHELL=CMD" "COMPILER=mb-gcc" "ASSEMBLER=mb-as" "ARCHIVER=mb-ar" "COMPI
TRACE::2025-12-12.08:44:55::SCWMssOS::LER_FLAGS=  -O2 -c -mcpu=v11.0 -mlittle-endian -mno-xl-reorder -mno-xl-soft-mul -mxl-barrel-shift -mxl-pattern-compare" "EXTRA_
TRACE::2025-12-12.08:44:55::SCWMssOS::COMPILER_FLAGS=-g -ffunction-sections -fdata-sections -Wall -Wextra -fno-tree-loop-distribute-patterns"

TRACE::2025-12-12.08:44:55::SCWMssOS::"Running Make include in microblaze_0/libsrc/uartlite_v3_7/src"

TRACE::2025-12-12.08:44:55::SCWMssOS::make -C microblaze_0/libsrc/uartlite_v3_7/src -s include  "SHELL=CMD" "COMPILER=mb-gcc" "ASSEMBLER=mb-as" "ARCHIVER=mb-ar" "COM
TRACE::2025-12-12.08:44:55::SCWMssOS::PILER_FLAGS=  -O2 -c -mcpu=v11.0 -mlittle-endian -mno-xl-reorder -mno-xl-soft-mul -mxl-barrel-shift -mxl-pattern-compare" "EXTR
TRACE::2025-12-12.08:44:55::SCWMssOS::A_COMPILER_FLAGS=-g -ffunction-sections -fdata-sections -Wall -Wextra -fno-tree-loop-distribute-patterns"

TRACE::2025-12-12.08:44:56::SCWMssOS::"Running Make libs in microblaze_0/libsrc/bram_v4_8/src"

TRACE::2025-12-12.08:44:56::SCWMssOS::make -C microblaze_0/libsrc/bram_v4_8/src -s libs  "SHELL=CMD" "COMPILER=mb-gcc" "ASSEMBLER=mb-as" "ARCHIVER=mb-ar" "COMPILER_F
TRACE::2025-12-12.08:44:56::SCWMssOS::LAGS=  -O2 -c -mcpu=v11.0 -mlittle-endian -mno-xl-reorder -mno-xl-soft-mul -mxl-barrel-shift -mxl-pattern-compare" "EXTRA_COMPI
TRACE::2025-12-12.08:44:56::SCWMssOS::LER_FLAGS=-g -ffunction-sections -fdata-sections -Wall -Wextra -fno-tree-loop-distribute-patterns"

TRACE::2025-12-12.08:44:56::SCWMssOS::"Running Make libs in microblaze_0/libsrc/cpu_v2_16/src"

TRACE::2025-12-12.08:44:56::SCWMssOS::make -C microblaze_0/libsrc/cpu_v2_16/src -s libs  "SHELL=CMD" "COMPILER=mb-gcc" "ASSEMBLER=mb-as" "ARCHIVER=mb-ar" "COMPILER_F
TRACE::2025-12-12.08:44:56::SCWMssOS::LAGS=  -O2 -c -mcpu=v11.0 -mlittle-endian -mno-xl-reorder -mno-xl-soft-mul -mxl-barrel-shift -mxl-pattern-compare" "EXTRA_COMPI
TRACE::2025-12-12.08:44:56::SCWMssOS::LER_FLAGS=-g -ffunction-sections -fdata-sections -Wall -Wextra -fno-tree-loop-distribute-patterns"

TRACE::2025-12-12.08:44:56::SCWMssOS::"Running Make libs in microblaze_0/libsrc/gpio_v4_9/src"

TRACE::2025-12-12.08:44:56::SCWMssOS::"Running Make libs in microblaze_0/libsrc/intc_v3_15/src"

TRACE::2025-12-12.08:44:56::SCWMssOS::make -C microblaze_0/libsrc/gpio_v4_9/src -s libs  "SHELL=CMD" "COMPILER=mb-gcc" "ASSEMBLER=mb-as" "ARCHIVER=mb-ar" "COMPILER_F
TRACE::2025-12-12.08:44:56::SCWMssOS::LAGS=  -O2 -c -mcpu=v11.0 -mlittle-endian -mno-xl-reorder -mno-xl-soft-mul -mxl-barrel-shift -mxl-pattern-compare" "EXTRA_COMPI
TRACE::2025-12-12.08:44:56::SCWMssOS::LER_FLAGS=-g -ffunction-sections -fdata-sections -Wall -Wextra -fno-tree-loop-distribute-patterns"

TRACE::2025-12-12.08:44:56::SCWMssOS::make -C microblaze_0/libsrc/intc_v3_15/src -s libs  "SHELL=CMD" "COMPILER=mb-gcc" "ASSEMBLER=mb-as" "ARCHIVER=mb-ar" "COMPILER_
TRACE::2025-12-12.08:44:56::SCWMssOS::FLAGS=  -O2 -c -mcpu=v11.0 -mlittle-endian -mno-xl-reorder -mno-xl-soft-mul -mxl-barrel-shift -mxl-pattern-compare" "EXTRA_COMP
TRACE::2025-12-12.08:44:56::SCWMssOS::ILER_FLAGS=-g -ffunction-sections -fdata-sections -Wall -Wextra -fno-tree-loop-distribute-patterns"

TRACE::2025-12-12.08:44:56::SCWMssOS::"Running Make libs in microblaze_0/libsrc/spi_v4_9/src"

TRACE::2025-12-12.08:44:56::SCWMssOS::make -C microblaze_0/libsrc/spi_v4_9/src -s libs  "SHELL=CMD" "COMPILER=mb-gcc" "ASSEMBLER=mb-as" "ARCHIVER=mb-ar" "COMPILER_FL
TRACE::2025-12-12.08:44:56::SCWMssOS::AGS=  -O2 -c -mcpu=v11.0 -mlittle-endian -mno-xl-reorder -mno-xl-soft-mul -mxl-barrel-shift -mxl-pattern-compare" "EXTRA_COMPIL
TRACE::2025-12-12.08:44:56::SCWMssOS::ER_FLAGS=-g -ffunction-sections -fdata-sections -Wall -Wextra -fno-tree-loop-distribute-patterns"

TRACE::2025-12-12.08:44:56::SCWMssOS::"Running Make libs in microblaze_0/libsrc/standalone_v8_0/src"

TRACE::2025-12-12.08:44:56::SCWMssOS::make -C microblaze_0/libsrc/standalone_v8_0/src -s libs  "SHELL=CMD" "COMPILER=mb-gcc" "ASSEMBLER=mb-as" "ARCHIVER=mb-ar" "COMP
TRACE::2025-12-12.08:44:56::SCWMssOS::ILER_FLAGS=  -O2 -c -mcpu=v11.0 -mlittle-endian -mno-xl-reorder -mno-xl-soft-mul -mxl-barrel-shift -mxl-pattern-compare" "EXTRA
TRACE::2025-12-12.08:44:56::SCWMssOS::_COMPILER_FLAGS=-g -ffunction-sections -fdata-sections -Wall -Wextra -fno-tree-loop-distribute-patterns"

TRACE::2025-12-12.08:44:57::SCWMssOS::"Running Make libs in microblaze_0/libsrc/tmrctr_v4_9/src"

TRACE::2025-12-12.08:44:57::SCWMssOS::make -C microblaze_0/libsrc/tmrctr_v4_9/src -s libs  "SHELL=CMD" "COMPILER=mb-gcc" "ASSEMBLER=mb-as" "ARCHIVER=mb-ar" "COMPILER
TRACE::2025-12-12.08:44:57::SCWMssOS::_FLAGS=  -O2 -c -mcpu=v11.0 -mlittle-endian -mno-xl-reorder -mno-xl-soft-mul -mxl-barrel-shift -mxl-pattern-compare" "EXTRA_COM
TRACE::2025-12-12.08:44:57::SCWMssOS::PILER_FLAGS=-g -ffunction-sections -fdata-sections -Wall -Wextra -fno-tree-loop-distribute-patterns"

TRACE::2025-12-12.08:44:57::SCWMssOS::"Running Make libs in microblaze_0/libsrc/uartlite_v3_7/src"

TRACE::2025-12-12.08:44:57::SCWMssOS::make -C microblaze_0/libsrc/uartlite_v3_7/src -s libs  "SHELL=CMD" "COMPILER=mb-gcc" "ASSEMBLER=mb-as" "ARCHIVER=mb-ar" "COMPIL
TRACE::2025-12-12.08:44:57::SCWMssOS::ER_FLAGS=  -O2 -c -mcpu=v11.0 -mlittle-endian -mno-xl-reorder -mno-xl-soft-mul -mxl-barrel-shift -mxl-pattern-compare" "EXTRA_C
TRACE::2025-12-12.08:44:57::SCWMssOS::OMPILER_FLAGS=-g -ffunction-sections -fdata-sections -Wall -Wextra -fno-tree-loop-distribute-patterns"

TRACE::2025-12-12.08:45:00::SCWMssOS::"DEBUG NON_LTO_OBJECTS is ../../../lib/microblaze_interrupt_handler.o"

TRACE::2025-12-12.08:45:00::SCWMssOS::'Finished building libraries parallelly.'

TRACE::2025-12-12.08:45:00::SCWMssOS::make --no-print-directory archive

TRACE::2025-12-12.08:45:00::SCWMssOS::mb-ar -r  microblaze_0/lib/libxil.a microblaze_0/lib/_exit.o microblaze_0/lib/errno.o microblaze_0/lib/fcntl.o microblaze_0/lib
TRACE::2025-12-12.08:45:00::SCWMssOS::/hw_exception_handler.o microblaze_0/lib/inbyte.o microblaze_0/lib/microblaze_disable_dcache.o microblaze_0/lib/microblaze_disa
TRACE::2025-12-12.08:45:00::SCWMssOS::ble_exceptions.o microblaze_0/lib/microblaze_disable_icache.o microblaze_0/lib/microblaze_disable_interrupts.o microblaze_0/lib
TRACE::2025-12-12.08:45:00::SCWMssOS::/microblaze_enable_dcache.o microblaze_0/lib/microblaze_enable_exceptions.o microblaze_0/lib/microblaze_enable_icache.o microbl
TRACE::2025-12-12.08:45:00::SCWMssOS::aze_0/lib/microblaze_enable_interrupts.o microblaze_0/lib/microblaze_exception_handler.o microblaze_0/lib/microblaze_flush_cach
TRACE::2025-12-12.08:45:00::SCWMssOS::e_ext.o microblaze_0/lib/microblaze_flush_cache_ext_range.o microblaze_0/lib/microblaze_flush_dcache.o microblaze_0/lib/microbl
TRACE::2025-12-12.08:45:00::SCWMssOS::aze_flush_dcache_range.o microblaze_0/lib/microblaze_init_dcache_range.o microblaze_0/lib/microblaze_init_icache_range.o microb
TRACE::2025-12-12.08:45:00::SCWMssOS::laze_0/lib/microblaze_interrupt_handler.o microblaze_0/lib/microblaze_interrupts_g.o microblaze_0/lib/microblaze_invalidate_cac
TRACE::2025-12-12.08:45:00::SCWMssOS::he_ext.o microblaze_0/lib/microblaze_invalidate_cache_ext_range.o microblaze_0/lib/microblaze_invalidate_dcache.o microblaze_0/
TRACE::2025-12-12.08:45:00::SCWMssOS::lib/microblaze_invalidate_dcache_range.o microblaze_0/lib/microblaze_invalidate_icache.o microblaze_0/lib/microblaze_invalidate
TRACE::2025-12-12.08:45:00::SCWMssOS::_icache_range.o microblaze_0/lib/microblaze_scrub.o microblaze_0/lib/microblaze_selftest.o microblaze_0/lib/microblaze_sleep.o 
TRACE::2025-12-12.08:45:00::SCWMssOS::microblaze_0/lib/microblaze_update_dcache.o microblaze_0/lib/microblaze_update_icache.o microblaze_0/lib/outbyte.o microblaze_0
TRACE::2025-12-12.08:45:00::SCWMssOS::/lib/print.o microblaze_0/lib/pvr.o microblaze_0/lib/xbram.o microblaze_0/lib/xbram_g.o microblaze_0/lib/xbram_intr.o microblaz
TRACE::2025-12-12.08:45:00::SCWMssOS::e_0/lib/xbram_selftest.o microblaze_0/lib/xbram_sinit.o microblaze_0/lib/xgpio.o microblaze_0/lib/xgpio_extra.o microblaze_0/li
TRACE::2025-12-12.08:45:00::SCWMssOS::b/xgpio_g.o microblaze_0/lib/xgpio_intr.o microblaze_0/lib/xgpio_selftest.o microblaze_0/lib/xgpio_sinit.o microblaze_0/lib/xil
TRACE::2025-12-12.08:45:00::SCWMssOS::_assert.o microblaze_0/lib/xil_cache.o microblaze_0/lib/xil_clocking.o microblaze_0/lib/xil_exception.o microblaze_0/lib/xil_me
TRACE::2025-12-12.08:45:00::SCWMssOS::m.o microblaze_0/lib/xil_misc_psreset_api.o microblaze_0/lib/xil_printf.o microblaze_0/lib/xil_sleepcommon.o microblaze_0/lib/x
TRACE::2025-12-12.08:45:00::SCWMssOS::il_testcache.o microblaze_0/lib/xil_testio.o microblaze_0/lib/xil_testmem.o microblaze_0/lib/xil_util.o microblaze_0/lib/xintc.
TRACE::2025-12-12.08:45:00::SCWMssOS::o microblaze_0/lib/xintc_g.o microblaze_0/lib/xintc_intr.o microblaze_0/lib/xintc_l.o microblaze_0/lib/xintc_options.o microbla
TRACE::2025-12-12.08:45:00::SCWMssOS::ze_0/lib/xintc_selftest.o microblaze_0/lib/xinterrupt_wrap.o microblaze_0/lib/xio.o microblaze_0/lib/xplatform_info.o microblaz
TRACE::2025-12-12.08:45:00::SCWMssOS::e_0/lib/xspi.o microblaze_0/lib/xspi_g.o microblaze_0/lib/xspi_options.o microblaze_0/lib/xspi_selftest.o microblaze_0/lib/xspi
TRACE::2025-12-12.08:45:00::SCWMssOS::_sinit.o microblaze_0/lib/xspi_stats.o microblaze_0/lib/xtmrctr.o microblaze_0/lib/xtmrctr_g.o microblaze_0/lib/xtmrctr_intr.o 
TRACE::2025-12-12.08:45:00::SCWMssOS::microblaze_0/lib/xtmrctr_l.o microblaze_0/lib/xtmrctr_options.o microblaze_0/lib/xtmrctr_selftest.o microblaze_0/lib/xtmrctr_si
TRACE::2025-12-12.08:45:00::SCWMssOS::nit.o microblaze_0/lib/xtmrctr_stats.o microblaze_0/lib/xuartlite.o microblaze_0/lib/xuartlite_g.o microblaze_0/lib/xuartlite_i
TRACE::2025-12-12.08:45:00::SCWMssOS::ntr.o microblaze_0/lib/xuartlite_l.o microblaze_0/lib/xuartlite_selftest.o microblaze_0/lib/xuartlite_sinit.o microblaze_0/lib/
TRACE::2025-12-12.08:45:00::SCWMssOS::xuartlite_stats.o

TRACE::2025-12-12.08:45:00::SCWMssOS::'Finished building libraries'

TRACE::2025-12-12.08:45:01::SCWMssOS:: Checking if to create the Supporting Applications
TRACE::2025-12-12.08:45:01::SCWMssOS:: No Linux domain exists, trying to generate FSBL 
LOG::2025-12-12.08:45:01::SCWSystem::Completed Processing the domain standalone_microblaze_0
LOG::2025-12-12.08:45:01::SCWSystem::Completed Processing the sysconfig tracker_top
LOG::2025-12-12.08:45:01::SCWPlatform::Completed generating the artifacts for system configuration tracker_top
TRACE::2025-12-12.08:45:01::SCWPlatform::Started preparing the platform 
TRACE::2025-12-12.08:45:01::SCWSystem::Writing the bif file for system config tracker_top
TRACE::2025-12-12.08:45:01::SCWSystem::dir created 
TRACE::2025-12-12.08:45:01::SCWSystem::Writing the bif 
TRACE::2025-12-12.08:45:01::SCWPlatform::Started writing the spfm file 
TRACE::2025-12-12.08:45:01::SCWPlatform::Started writing the xpfm file 
TRACE::2025-12-12.08:45:01::SCWPlatform::Completed generating the platform
TRACE::2025-12-12.08:45:01::SCWMssOS::Saving the mss changes D:/viv/SpartanTracker/lab7_2/sdk/tracker_top/microblaze_0/standalone_microblaze_0/bsp/system.mss
TRACE::2025-12-12.08:45:01::SCWMssOS::Adding the swdes entry, mss present, able to open swdb D:/viv/SpartanTracker/lab7_2/sdk/tracker_top/microblaze_0/standalone_microblaze_0/bsp/system.mss with des name system
TRACE::2025-12-12.08:45:01::SCWMssOS::Writing the mss file completed D:/viv/SpartanTracker/lab7_2/sdk/tracker_top/microblaze_0/standalone_microblaze_0/bsp/system.mss
TRACE::2025-12-12.08:45:01::SCWMssOS::Commit changes completed.
TRACE::2025-12-12.08:45:01::SCWPlatform::Trying to open the hw design at D:/viv/SpartanTracker/lab7_2/sdk/tracker_top/hw/tracker_top.xsa
TRACE::2025-12-12.08:45:01::SCWPlatform::DSA given D:/viv/SpartanTracker/lab7_2/sdk/tracker_top/hw/tracker_top.xsa
TRACE::2025-12-12.08:45:01::SCWPlatform::DSA absoulate path D:/viv/SpartanTracker/lab7_2/sdk/tracker_top/hw/tracker_top.xsa
TRACE::2025-12-12.08:45:01::SCWPlatform::DSA directory D:/viv/SpartanTracker/lab7_2/sdk/tracker_top/hw
TRACE::2025-12-12.08:45:01::SCWPlatform:: Platform Path D:/viv/SpartanTracker/lab7_2/sdk/tracker_top/hw/tracker_top.xsa
TRACE::2025-12-12.08:45:01::SCWPlatform:: Unique name xilinx:::0.0
TRACE::2025-12-12.08:45:01::SCWPlatform::Trying to set the existing hwdb with name tracker_top_31
TRACE::2025-12-12.08:45:01::SCWPlatform::Opened existing hwdb tracker_top_31
TRACE::2025-12-12.08:45:01::SCWPlatform::Found the Hw Db part of the input DSA
TRACE::2025-12-12.08:45:01::SCWMssOS::Checking the sw design at  D:/viv/SpartanTracker/lab7_2/sdk/tracker_top/microblaze_0/standalone_microblaze_0/bsp/system.mss
TRACE::2025-12-12.08:45:01::SCWMssOS::DEBUG:  swdes dump  D:/viv/SpartanTracker/lab7_2/sdk/tracker_top/microblaze_0/standalone_microblaze_0/bsp/system.mss|system||

TRACE::2025-12-12.08:45:01::SCWMssOS::Sw design exists and opened at  D:/viv/SpartanTracker/lab7_2/sdk/tracker_top/microblaze_0/standalone_microblaze_0/bsp/system.mss
TRACE::2025-12-12.08:45:01::SCWWriter::formatted JSON is {
	"platformName":	"tracker_top",
	"sprVersion":	"2.0",
	"mode":	"gui",
	"dsaType":	"Fixed",
	"platformDesc":	"tracker_top",
	"platHandOff":	"D:/viv/SpartanTracker/lab7_2/tracker_top.xsa",
	"platIntHandOff":	"<platformDir>/hw/tracker_top.xsa",
	"deviceType":	"FPGA",
	"platIsPrebuiltAutogen":	"false",
	"platIsNoBootBsp":	"false",
	"hasFsblMakeHasChanges":	"false",
	"hasPmufwMakeHasChanges":	"false",
	"platPreBuiltFlag":	false,
	"platformSamplesDir":	"",
	"platActiveSys":	"tracker_top",
	"systems":	[{
			"systemName":	"tracker_top",
			"systemDesc":	"tracker_top",
			"sysIsBootAutoGen":	"true",
			"systemDispName":	"tracker_top",
			"sysActiveDom":	"standalone_microblaze_0",
			"sysDefaultDom":	"standalone_microblaze_0",
			"domains":	[{
					"domainName":	"standalone_microblaze_0",
					"domainDispName":	"standalone_microblaze_0",
					"domainDesc":	"standalone_microblaze_0",
					"processors":	"microblaze_0",
					"os":	"standalone",
					"sdxOs":	"standalone",
					"debugEnable":	"False",
					"domRuntimes":	["cpp"],
					"swRepo":	"",
					"mssOsVer":	"8.0",
					"mssFile":	"",
					"md5Digest":	"948367085d8c8b0e65ac10674ef4e094",
					"compatibleApp":	"",
					"domType":	"mssDomain",
					"arch":	"32-bit",
					"appSettings":	{
						"appCompilerFlags":	"",
						"appLinkerFlags":	""
					},
					"addedLibs":	[],
					"libOptions":	{
						"libsContainingOptions":	[]
					},
					"prebuiltLibs":	{
						"prebuiltIncPath":	[],
						"prebuiltLibPath":	[]
					},
					"isolation":	{
					}
				}]
		}]
}
KEYINFO::2025-12-12.08:45:01::SCWPlatform::updated the xpfm file.
TRACE::2025-12-12.08:45:01::SCWPlatform::Trying to open the hw design at D:/viv/SpartanTracker/lab7_2/sdk/tracker_top/hw/tracker_top.xsa
TRACE::2025-12-12.08:45:01::SCWPlatform::DSA given D:/viv/SpartanTracker/lab7_2/sdk/tracker_top/hw/tracker_top.xsa
TRACE::2025-12-12.08:45:01::SCWPlatform::DSA absoulate path D:/viv/SpartanTracker/lab7_2/sdk/tracker_top/hw/tracker_top.xsa
TRACE::2025-12-12.08:45:01::SCWPlatform::DSA directory D:/viv/SpartanTracker/lab7_2/sdk/tracker_top/hw
TRACE::2025-12-12.08:45:01::SCWPlatform:: Platform Path D:/viv/SpartanTracker/lab7_2/sdk/tracker_top/hw/tracker_top.xsa
TRACE::2025-12-12.08:45:01::SCWPlatform:: Unique name xilinx:::0.0
TRACE::2025-12-12.08:45:01::SCWPlatform::Trying to set the existing hwdb with name tracker_top_31
TRACE::2025-12-12.08:45:01::SCWPlatform::Opened existing hwdb tracker_top_31
TRACE::2025-12-12.08:45:01::SCWPlatform::Found the Hw Db part of the input DSA
TRACE::2025-12-12.08:45:01::SCWMssOS::Checking the sw design at  D:/viv/SpartanTracker/lab7_2/sdk/tracker_top/microblaze_0/standalone_microblaze_0/bsp/system.mss
TRACE::2025-12-12.08:45:01::SCWMssOS::DEBUG:  swdes dump  D:/viv/SpartanTracker/lab7_2/sdk/tracker_top/microblaze_0/standalone_microblaze_0/bsp/system.mss|system||

TRACE::2025-12-12.08:45:01::SCWMssOS::Sw design exists and opened at  D:/viv/SpartanTracker/lab7_2/sdk/tracker_top/microblaze_0/standalone_microblaze_0/bsp/system.mss
TRACE::2025-12-12.09:06:37::SCWPlatform::Trying to open the hw design at D:/viv/SpartanTracker/lab7_2/sdk/tracker_top/hw/tracker_top.xsa
TRACE::2025-12-12.09:06:37::SCWPlatform::DSA given D:/viv/SpartanTracker/lab7_2/sdk/tracker_top/hw/tracker_top.xsa
TRACE::2025-12-12.09:06:37::SCWPlatform::DSA absoulate path D:/viv/SpartanTracker/lab7_2/sdk/tracker_top/hw/tracker_top.xsa
TRACE::2025-12-12.09:06:37::SCWPlatform::DSA directory D:/viv/SpartanTracker/lab7_2/sdk/tracker_top/hw
TRACE::2025-12-12.09:06:37::SCWPlatform:: Platform Path D:/viv/SpartanTracker/lab7_2/sdk/tracker_top/hw/tracker_top.xsa
TRACE::2025-12-12.09:06:37::SCWPlatform:: Unique name xilinx:::0.0
TRACE::2025-12-12.09:06:37::SCWPlatform::Do not have an existing db opened. 
TRACE::2025-12-12.09:06:37::SCWPlatform::Opened new HwDB with name tracker_top_6
TRACE::2025-12-12.09:06:37::SCWReader::Active system found as  tracker_top
TRACE::2025-12-12.09:06:37::SCWReader::Handling sysconfig tracker_top
TRACE::2025-12-12.09:06:37::SCWDomain::checking for install qemu data   : 
TRACE::2025-12-12.09:06:37::SCWPlatform::Trying to open the hw design at D:/viv/SpartanTracker/lab7_2/sdk/tracker_top/hw/tracker_top.xsa
TRACE::2025-12-12.09:06:37::SCWPlatform::DSA given D:/viv/SpartanTracker/lab7_2/sdk/tracker_top/hw/tracker_top.xsa
TRACE::2025-12-12.09:06:37::SCWPlatform::DSA absoulate path D:/viv/SpartanTracker/lab7_2/sdk/tracker_top/hw/tracker_top.xsa
TRACE::2025-12-12.09:06:37::SCWPlatform::DSA directory D:/viv/SpartanTracker/lab7_2/sdk/tracker_top/hw
TRACE::2025-12-12.09:06:37::SCWPlatform:: Platform Path D:/viv/SpartanTracker/lab7_2/sdk/tracker_top/hw/tracker_top.xsa
TRACE::2025-12-12.09:06:37::SCWPlatform:: Unique name xilinx:::0.0
TRACE::2025-12-12.09:06:37::SCWPlatform::Trying to set the existing hwdb with name tracker_top_6
TRACE::2025-12-12.09:06:37::SCWPlatform::Opened existing hwdb tracker_top_6
TRACE::2025-12-12.09:06:37::SCWPlatform::Found the Hw Db part of the input DSA
TRACE::2025-12-12.09:06:37::SCWPlatform::Trying to open the hw design at D:/viv/SpartanTracker/lab7_2/sdk/tracker_top/hw/tracker_top.xsa
TRACE::2025-12-12.09:06:37::SCWPlatform::DSA given D:/viv/SpartanTracker/lab7_2/sdk/tracker_top/hw/tracker_top.xsa
TRACE::2025-12-12.09:06:37::SCWPlatform::DSA absoulate path D:/viv/SpartanTracker/lab7_2/sdk/tracker_top/hw/tracker_top.xsa
TRACE::2025-12-12.09:06:37::SCWPlatform::DSA directory D:/viv/SpartanTracker/lab7_2/sdk/tracker_top/hw
TRACE::2025-12-12.09:06:37::SCWPlatform:: Platform Path D:/viv/SpartanTracker/lab7_2/sdk/tracker_top/hw/tracker_top.xsa
TRACE::2025-12-12.09:06:37::SCWPlatform:: Unique name xilinx:::0.0
TRACE::2025-12-12.09:06:37::SCWPlatform::Trying to set the existing hwdb with name tracker_top_6
TRACE::2025-12-12.09:06:37::SCWPlatform::Opened existing hwdb tracker_top_6
TRACE::2025-12-12.09:06:37::SCWPlatform::Found the Hw Db part of the input DSA
TRACE::2025-12-12.09:06:37::SCWPlatform::Trying to open the hw design at D:/viv/SpartanTracker/lab7_2/sdk/tracker_top/hw/tracker_top.xsa
TRACE::2025-12-12.09:06:37::SCWPlatform::DSA given D:/viv/SpartanTracker/lab7_2/sdk/tracker_top/hw/tracker_top.xsa
TRACE::2025-12-12.09:06:37::SCWPlatform::DSA absoulate path D:/viv/SpartanTracker/lab7_2/sdk/tracker_top/hw/tracker_top.xsa
TRACE::2025-12-12.09:06:37::SCWPlatform::DSA directory D:/viv/SpartanTracker/lab7_2/sdk/tracker_top/hw
TRACE::2025-12-12.09:06:37::SCWPlatform:: Platform Path D:/viv/SpartanTracker/lab7_2/sdk/tracker_top/hw/tracker_top.xsa
TRACE::2025-12-12.09:06:37::SCWPlatform:: Unique name xilinx:::0.0
TRACE::2025-12-12.09:06:37::SCWPlatform::Trying to set the existing hwdb with name tracker_top_6
TRACE::2025-12-12.09:06:37::SCWPlatform::Opened existing hwdb tracker_top_6
TRACE::2025-12-12.09:06:37::SCWPlatform::Found the Hw Db part of the input DSA
TRACE::2025-12-12.09:06:37::SCWPlatform::Trying to open the hw design at D:/viv/SpartanTracker/lab7_2/sdk/tracker_top/hw/tracker_top.xsa
TRACE::2025-12-12.09:06:37::SCWPlatform::DSA given D:/viv/SpartanTracker/lab7_2/sdk/tracker_top/hw/tracker_top.xsa
TRACE::2025-12-12.09:06:37::SCWPlatform::DSA absoulate path D:/viv/SpartanTracker/lab7_2/sdk/tracker_top/hw/tracker_top.xsa
TRACE::2025-12-12.09:06:37::SCWPlatform::DSA directory D:/viv/SpartanTracker/lab7_2/sdk/tracker_top/hw
TRACE::2025-12-12.09:06:37::SCWPlatform:: Platform Path D:/viv/SpartanTracker/lab7_2/sdk/tracker_top/hw/tracker_top.xsa
TRACE::2025-12-12.09:06:37::SCWPlatform:: Unique name xilinx:::0.0
TRACE::2025-12-12.09:06:37::SCWPlatform::Trying to set the existing hwdb with name tracker_top_6
TRACE::2025-12-12.09:06:37::SCWPlatform::Opened existing hwdb tracker_top_6
TRACE::2025-12-12.09:06:37::SCWPlatform::Found the Hw Db part of the input DSA
TRACE::2025-12-12.09:06:37::SCWMssOS::Checking the sw design at  D:/viv/SpartanTracker/lab7_2/sdk/tracker_top/microblaze_0/standalone_microblaze_0/bsp/system.mss
TRACE::2025-12-12.09:06:37::SCWMssOS::DEBUG:  swdes dump  
TRACE::2025-12-12.09:06:37::SCWMssOS::No sw design opened at  D:/viv/SpartanTracker/lab7_2/sdk/tracker_top/microblaze_0/standalone_microblaze_0/bsp/system.mss
TRACE::2025-12-12.09:06:37::SCWMssOS::mss exists loading the mss file  D:/viv/SpartanTracker/lab7_2/sdk/tracker_top/microblaze_0/standalone_microblaze_0/bsp/system.mss
TRACE::2025-12-12.09:06:37::SCWMssOS::Opened the sw design from mss  D:/viv/SpartanTracker/lab7_2/sdk/tracker_top/microblaze_0/standalone_microblaze_0/bsp/system.mss
TRACE::2025-12-12.09:06:37::SCWMssOS::Adding the swdes entry D:/viv/SpartanTracker/lab7_2/sdk/tracker_top/microblaze_0/standalone_microblaze_0/bsp/system.mss with des name system
TRACE::2025-12-12.09:06:37::SCWMssOS::updating the scw layer about changes
TRACE::2025-12-12.09:06:37::SCWMssOS::Opened the sw design.  D:/viv/SpartanTracker/lab7_2/sdk/tracker_top/microblaze_0/standalone_microblaze_0/bsp/system.mss
TRACE::2025-12-12.09:06:37::SCWMssOS::Saving the mss changes D:/viv/SpartanTracker/lab7_2/sdk/tracker_top/microblaze_0/standalone_microblaze_0/bsp/system.mss
TRACE::2025-12-12.09:06:37::SCWMssOS::Found a swdesign opened with the mssfile.
TRACE::2025-12-12.09:06:37::SCWMssOS::Completed writemss as part of save.
TRACE::2025-12-12.09:06:37::SCWMssOS::Commit changes completed.
TRACE::2025-12-12.09:06:37::SCWReader::Adding prebuilt librarypaths as   
TRACE::2025-12-12.09:06:37::SCWReader::Adding prebuilt incpaths  as   
TRACE::2025-12-12.09:06:37::SCWPlatform::Trying to open the hw design at D:/viv/SpartanTracker/lab7_2/sdk/tracker_top/hw/tracker_top.xsa
TRACE::2025-12-12.09:06:37::SCWPlatform::DSA given D:/viv/SpartanTracker/lab7_2/sdk/tracker_top/hw/tracker_top.xsa
TRACE::2025-12-12.09:06:37::SCWPlatform::DSA absoulate path D:/viv/SpartanTracker/lab7_2/sdk/tracker_top/hw/tracker_top.xsa
TRACE::2025-12-12.09:06:37::SCWPlatform::DSA directory D:/viv/SpartanTracker/lab7_2/sdk/tracker_top/hw
TRACE::2025-12-12.09:06:37::SCWPlatform:: Platform Path D:/viv/SpartanTracker/lab7_2/sdk/tracker_top/hw/tracker_top.xsa
TRACE::2025-12-12.09:06:37::SCWPlatform:: Unique name xilinx:::0.0
TRACE::2025-12-12.09:06:37::SCWPlatform::Trying to set the existing hwdb with name tracker_top_6
TRACE::2025-12-12.09:06:37::SCWPlatform::Opened existing hwdb tracker_top_6
TRACE::2025-12-12.09:06:37::SCWPlatform::Found the Hw Db part of the input DSA
TRACE::2025-12-12.09:06:37::SCWMssOS::Checking the sw design at  D:/viv/SpartanTracker/lab7_2/sdk/tracker_top/microblaze_0/standalone_microblaze_0/bsp/system.mss
TRACE::2025-12-12.09:06:37::SCWMssOS::DEBUG:  swdes dump  D:/viv/SpartanTracker/lab7_2/sdk/tracker_top/microblaze_0/standalone_microblaze_0/bsp/system.mss|system||

TRACE::2025-12-12.09:06:37::SCWMssOS::Sw design exists and opened at  D:/viv/SpartanTracker/lab7_2/sdk/tracker_top/microblaze_0/standalone_microblaze_0/bsp/system.mss
TRACE::2025-12-12.09:06:37::SCWReader::No isolation master present  
TRACE::2025-12-12.09:06:40::SCWPlatform::DSA given D:/viv/SpartanTracker/lab7_2/sdk/tracker_top/tempdsa/tracker_top.xsa
TRACE::2025-12-12.09:06:40::SCWPlatform::DSA absoulate path D:/viv/SpartanTracker/lab7_2/sdk/tracker_top/tempdsa/tracker_top.xsa
TRACE::2025-12-12.09:06:40::SCWPlatform:: Platform location is D:/viv/SpartanTracker/lab7_2/sdk/tracker_top/tempdsa
TRACE::2025-12-12.09:06:40::SCWPlatform:: Platform Path D:/viv/SpartanTracker/lab7_2/sdk/tracker_top/tempdsa/tracker_top.xsa
TRACE::2025-12-12.09:06:40::SCWPlatform:: Unique name xilinx:::0.0
TRACE::2025-12-12.09:06:41::SCWPlatform::Found the Hw Db part of the input DSA
TRACE::2025-12-12.09:06:41::SCWMssOS::Doing hw sync for the mss in domain: standalone_microblaze_0
TRACE::2025-12-12.09:06:41::SCWPlatform::Trying to open the hw design at D:/viv/SpartanTracker/lab7_2/sdk/tracker_top/hw/tracker_top.xsa
TRACE::2025-12-12.09:06:41::SCWPlatform::DSA given D:/viv/SpartanTracker/lab7_2/sdk/tracker_top/hw/tracker_top.xsa
TRACE::2025-12-12.09:06:41::SCWPlatform::DSA absoulate path D:/viv/SpartanTracker/lab7_2/sdk/tracker_top/hw/tracker_top.xsa
TRACE::2025-12-12.09:06:41::SCWPlatform::DSA directory D:/viv/SpartanTracker/lab7_2/sdk/tracker_top/hw
TRACE::2025-12-12.09:06:41::SCWPlatform:: Platform Path D:/viv/SpartanTracker/lab7_2/sdk/tracker_top/hw/tracker_top.xsa
TRACE::2025-12-12.09:06:41::SCWPlatform:: Unique name xilinx:::0.0
TRACE::2025-12-12.09:06:41::SCWPlatform::Trying to set the existing hwdb with name tracker_top_6
TRACE::2025-12-12.09:06:41::SCWPlatform::Opened existing hwdb tracker_top_6
TRACE::2025-12-12.09:06:41::SCWPlatform::Found the Hw Db part of the input DSA
TRACE::2025-12-12.09:06:41::SCWPlatform::Trying to open the hw design at D:/viv/SpartanTracker/lab7_2/sdk/tracker_top/hw/tracker_top.xsa
TRACE::2025-12-12.09:06:41::SCWPlatform::DSA given D:/viv/SpartanTracker/lab7_2/sdk/tracker_top/hw/tracker_top.xsa
TRACE::2025-12-12.09:06:41::SCWPlatform::DSA absoulate path D:/viv/SpartanTracker/lab7_2/sdk/tracker_top/hw/tracker_top.xsa
TRACE::2025-12-12.09:06:41::SCWPlatform::DSA directory D:/viv/SpartanTracker/lab7_2/sdk/tracker_top/hw
TRACE::2025-12-12.09:06:41::SCWPlatform:: Platform Path D:/viv/SpartanTracker/lab7_2/sdk/tracker_top/hw/tracker_top.xsa
TRACE::2025-12-12.09:06:41::SCWPlatform:: Unique name xilinx:::0.0
TRACE::2025-12-12.09:06:41::SCWPlatform::Trying to set the existing hwdb with name tracker_top_6
TRACE::2025-12-12.09:06:41::SCWPlatform::Opened existing hwdb tracker_top_6
TRACE::2025-12-12.09:06:41::SCWPlatform::Found the Hw Db part of the input DSA
TRACE::2025-12-12.09:06:41::SCWMssOS::Checking the sw design at  D:/viv/SpartanTracker/lab7_2/sdk/tracker_top/microblaze_0/standalone_microblaze_0/bsp/system.mss
TRACE::2025-12-12.09:06:41::SCWMssOS::DEBUG:  swdes dump  D:/viv/SpartanTracker/lab7_2/sdk/tracker_top/microblaze_0/standalone_microblaze_0/bsp/system.mss|system||

TRACE::2025-12-12.09:06:41::SCWMssOS::Sw design exists and opened at  D:/viv/SpartanTracker/lab7_2/sdk/tracker_top/microblaze_0/standalone_microblaze_0/bsp/system.mss
TRACE::2025-12-12.09:06:41::SCWPlatform::Trying to open the hw design at D:/viv/SpartanTracker/lab7_2/sdk/tracker_top/tempdsa/tracker_top.xsa
TRACE::2025-12-12.09:06:41::SCWPlatform::DSA given D:/viv/SpartanTracker/lab7_2/sdk/tracker_top/tempdsa/tracker_top.xsa
TRACE::2025-12-12.09:06:41::SCWPlatform::DSA absoulate path D:/viv/SpartanTracker/lab7_2/sdk/tracker_top/tempdsa/tracker_top.xsa
TRACE::2025-12-12.09:06:41::SCWPlatform::DSA directory D:/viv/SpartanTracker/lab7_2/sdk/tracker_top/tempdsa
TRACE::2025-12-12.09:06:41::SCWPlatform:: Platform Path D:/viv/SpartanTracker/lab7_2/sdk/tracker_top/tempdsa/tracker_top.xsa
TRACE::2025-12-12.09:06:41::SCWPlatform:: Unique name xilinx:::0.0
TRACE::2025-12-12.09:06:41::SCWPlatform::update - Opened existing hwdb tracker_top_7
TRACE::2025-12-12.09:06:41::SCWPlatform::Found the Hw Db part of the input DSA
TRACE::2025-12-12.09:06:41::SCWMssOS::Saving the mss changes D:/viv/SpartanTracker/lab7_2/sdk/tracker_top/microblaze_0/standalone_microblaze_0/bsp/system.mss
TRACE::2025-12-12.09:06:41::SCWMssOS::Found a swdesign opened with the mssfile.
TRACE::2025-12-12.09:06:41::SCWMssOS::Completed writemss as part of save.
TRACE::2025-12-12.09:06:41::SCWMssOS::Commit changes completed.
TRACE::2025-12-12.09:06:41::SCWMssOS::Completed hw sync for the mss in domain: standalone_microblaze_0
TRACE::2025-12-12.09:06:41::SCWMssOS::Removing the swdes entry for  D:/viv/SpartanTracker/lab7_2/sdk/tracker_top/microblaze_0/standalone_microblaze_0/bsp/system.mss
TRACE::2025-12-12.09:06:41::SCWPlatform::Trying to open the hw design at D:/viv/SpartanTracker/lab7_2/sdk/tracker_top/hw/tracker_top.xsa
TRACE::2025-12-12.09:06:41::SCWPlatform::DSA given D:/viv/SpartanTracker/lab7_2/sdk/tracker_top/hw/tracker_top.xsa
TRACE::2025-12-12.09:06:41::SCWPlatform::DSA absoulate path D:/viv/SpartanTracker/lab7_2/sdk/tracker_top/hw/tracker_top.xsa
TRACE::2025-12-12.09:06:41::SCWPlatform::DSA directory D:/viv/SpartanTracker/lab7_2/sdk/tracker_top/hw
TRACE::2025-12-12.09:06:41::SCWPlatform:: Platform Path D:/viv/SpartanTracker/lab7_2/sdk/tracker_top/hw/tracker_top.xsa
TRACE::2025-12-12.09:06:41::SCWPlatform:: Unique name xilinx:::0.0
TRACE::2025-12-12.09:06:41::SCWPlatform::Do not have an existing db opened. 
TRACE::2025-12-12.09:06:41::SCWPlatform::Opened new HwDB with name tracker_top_8
TRACE::2025-12-12.09:06:41::SCWMssOS::Saving the mss changes D:/viv/SpartanTracker/lab7_2/sdk/tracker_top/microblaze_0/standalone_microblaze_0/bsp/system.mss
TRACE::2025-12-12.09:06:41::SCWMssOS::Adding the swdes entry, mss present, able to open swdb D:/viv/SpartanTracker/lab7_2/sdk/tracker_top/microblaze_0/standalone_microblaze_0/bsp/system.mss with des name system
TRACE::2025-12-12.09:06:41::SCWMssOS::Writing the mss file completed D:/viv/SpartanTracker/lab7_2/sdk/tracker_top/microblaze_0/standalone_microblaze_0/bsp/system.mss
TRACE::2025-12-12.09:06:41::SCWMssOS::Commit changes completed.
TRACE::2025-12-12.09:06:41::SCWPlatform::Trying to open the hw design at D:/viv/SpartanTracker/lab7_2/sdk/tracker_top/hw/tracker_top.xsa
TRACE::2025-12-12.09:06:41::SCWPlatform::DSA given D:/viv/SpartanTracker/lab7_2/sdk/tracker_top/hw/tracker_top.xsa
TRACE::2025-12-12.09:06:41::SCWPlatform::DSA absoulate path D:/viv/SpartanTracker/lab7_2/sdk/tracker_top/hw/tracker_top.xsa
TRACE::2025-12-12.09:06:41::SCWPlatform::DSA directory D:/viv/SpartanTracker/lab7_2/sdk/tracker_top/hw
TRACE::2025-12-12.09:06:41::SCWPlatform:: Platform Path D:/viv/SpartanTracker/lab7_2/sdk/tracker_top/hw/tracker_top.xsa
TRACE::2025-12-12.09:06:41::SCWPlatform:: Unique name xilinx:::0.0
TRACE::2025-12-12.09:06:41::SCWPlatform::Trying to set the existing hwdb with name tracker_top_8
TRACE::2025-12-12.09:06:41::SCWPlatform::Opened existing hwdb tracker_top_8
TRACE::2025-12-12.09:06:41::SCWPlatform::Found the Hw Db part of the input DSA
TRACE::2025-12-12.09:06:41::SCWMssOS::Checking the sw design at  D:/viv/SpartanTracker/lab7_2/sdk/tracker_top/microblaze_0/standalone_microblaze_0/bsp/system.mss
TRACE::2025-12-12.09:06:41::SCWMssOS::DEBUG:  swdes dump  D:/viv/SpartanTracker/lab7_2/sdk/tracker_top/microblaze_0/standalone_microblaze_0/bsp/system.mss|system||

TRACE::2025-12-12.09:06:41::SCWMssOS::Sw design exists and opened at  D:/viv/SpartanTracker/lab7_2/sdk/tracker_top/microblaze_0/standalone_microblaze_0/bsp/system.mss
TRACE::2025-12-12.09:06:41::SCWWriter::formatted JSON is {
	"platformName":	"tracker_top",
	"sprVersion":	"2.0",
	"mode":	"gui",
	"dsaType":	"Fixed",
	"platformDesc":	"tracker_top",
	"platHandOff":	"D:/viv/SpartanTracker/lab7_2/tracker_top.xsa",
	"platIntHandOff":	"<platformDir>/hw/tracker_top.xsa",
	"deviceType":	"FPGA",
	"platIsPrebuiltAutogen":	"false",
	"platIsNoBootBsp":	"false",
	"hasFsblMakeHasChanges":	"false",
	"hasPmufwMakeHasChanges":	"false",
	"platPreBuiltFlag":	false,
	"platformSamplesDir":	"",
	"platActiveSys":	"tracker_top",
	"systems":	[{
			"systemName":	"tracker_top",
			"systemDesc":	"tracker_top",
			"sysIsBootAutoGen":	"true",
			"systemDispName":	"tracker_top",
			"sysActiveDom":	"standalone_microblaze_0",
			"sysDefaultDom":	"standalone_microblaze_0",
			"domains":	[{
					"domainName":	"standalone_microblaze_0",
					"domainDispName":	"standalone_microblaze_0",
					"domainDesc":	"standalone_microblaze_0",
					"processors":	"microblaze_0",
					"os":	"standalone",
					"sdxOs":	"standalone",
					"debugEnable":	"False",
					"domRuntimes":	["cpp"],
					"swRepo":	"",
					"mssOsVer":	"8.0",
					"mssFile":	"",
					"md5Digest":	"948367085d8c8b0e65ac10674ef4e0941",
					"compatibleApp":	"",
					"domType":	"mssDomain",
					"arch":	"32-bit",
					"appSettings":	{
						"appCompilerFlags":	"",
						"appLinkerFlags":	""
					},
					"addedLibs":	[],
					"libOptions":	{
						"libsContainingOptions":	[]
					},
					"prebuiltLibs":	{
						"prebuiltIncPath":	[],
						"prebuiltLibPath":	[]
					},
					"isolation":	{
					}
				}]
		}]
}
TRACE::2025-12-12.09:06:55::SCWMssOS::cleaning the bsp 
TRACE::2025-12-12.09:06:55::SCWMssOS::System Command Ran  D: & cd  D:/viv/SpartanTracker/lab7_2/sdk/tracker_top/microblaze_0/standalone_microblaze_0/bsp & make clean 
TRACE::2025-12-12.09:06:55::SCWMssOS::make -C microblaze_0/libsrc/bram_v4_8/src -s clean 

TRACE::2025-12-12.09:06:55::SCWMssOS::make -C microblaze_0/libsrc/cpu_v2_16/src -s clean 

TRACE::2025-12-12.09:06:55::SCWMssOS::make -C microblaze_0/libsrc/gpio_v4_9/src -s clean 

TRACE::2025-12-12.09:06:55::SCWMssOS::make -C microblaze_0/libsrc/intc_v3_15/src -s clean 

TRACE::2025-12-12.09:06:55::SCWMssOS::make -C microblaze_0/libsrc/spi_v4_9/src -s clean 

TRACE::2025-12-12.09:06:55::SCWMssOS::make -C microblaze_0/libsrc/standalone_v8_0/src -s clean 

TRACE::2025-12-12.09:06:56::SCWMssOS::make -C microblaze_0/libsrc/tmrctr_v4_9/src -s clean 

TRACE::2025-12-12.09:06:57::SCWMssOS::make -C microblaze_0/libsrc/uartlite_v3_7/src -s clean 

TRACE::2025-12-12.09:06:57::SCWMssOS::rm -f microblaze_0/lib/libxil.a

LOG::2025-12-12.09:07:02::SCWPlatform::Started generating the artifacts platform tracker_top
TRACE::2025-12-12.09:07:02::SCWPlatform::Sanity checking of platform is completed
LOG::2025-12-12.09:07:02::SCWPlatform::Started generating the artifacts for system configuration tracker_top
LOG::2025-12-12.09:07:02::SCWSystem::Checking the domain standalone_microblaze_0
LOG::2025-12-12.09:07:02::SCWSystem::Not a boot domain 
LOG::2025-12-12.09:07:02::SCWSystem::Started Processing the domain standalone_microblaze_0
TRACE::2025-12-12.09:07:02::SCWDomain::Generating domain artifcats
TRACE::2025-12-12.09:07:02::SCWMssOS::Generating standalone artifcats
TRACE::2025-12-12.09:07:02::SCWMssOS:: Copying the user libraries. 
TRACE::2025-12-12.09:07:02::SCWPlatform::Trying to open the hw design at D:/viv/SpartanTracker/lab7_2/sdk/tracker_top/hw/tracker_top.xsa
TRACE::2025-12-12.09:07:02::SCWPlatform::DSA given D:/viv/SpartanTracker/lab7_2/sdk/tracker_top/hw/tracker_top.xsa
TRACE::2025-12-12.09:07:02::SCWPlatform::DSA absoulate path D:/viv/SpartanTracker/lab7_2/sdk/tracker_top/hw/tracker_top.xsa
TRACE::2025-12-12.09:07:02::SCWPlatform::DSA directory D:/viv/SpartanTracker/lab7_2/sdk/tracker_top/hw
TRACE::2025-12-12.09:07:02::SCWPlatform:: Platform Path D:/viv/SpartanTracker/lab7_2/sdk/tracker_top/hw/tracker_top.xsa
TRACE::2025-12-12.09:07:02::SCWPlatform:: Unique name xilinx:::0.0
TRACE::2025-12-12.09:07:02::SCWPlatform::Trying to set the existing hwdb with name tracker_top_8
TRACE::2025-12-12.09:07:02::SCWPlatform::Opened existing hwdb tracker_top_8
TRACE::2025-12-12.09:07:02::SCWPlatform::Found the Hw Db part of the input DSA
TRACE::2025-12-12.09:07:02::SCWMssOS::Checking the sw design at  D:/viv/SpartanTracker/lab7_2/sdk/tracker_top/microblaze_0/standalone_microblaze_0/bsp/system.mss
TRACE::2025-12-12.09:07:02::SCWMssOS::DEBUG:  swdes dump  D:/viv/SpartanTracker/lab7_2/sdk/tracker_top/microblaze_0/standalone_microblaze_0/bsp/system.mss|system||

TRACE::2025-12-12.09:07:02::SCWMssOS::Sw design exists and opened at  D:/viv/SpartanTracker/lab7_2/sdk/tracker_top/microblaze_0/standalone_microblaze_0/bsp/system.mss
TRACE::2025-12-12.09:07:02::SCWMssOS::Completed writing the mss file at D:/viv/SpartanTracker/lab7_2/sdk/tracker_top/microblaze_0/standalone_microblaze_0/bsp
TRACE::2025-12-12.09:07:02::SCWMssOS::Mss edits present, copying mssfile into export location D:/viv/SpartanTracker/lab7_2/sdk/tracker_top/microblaze_0/standalone_microblaze_0/bsp/system.mss
TRACE::2025-12-12.09:07:02::SCWMssOS::bsp generated is stale removing and regenerating. 
TRACE::2025-12-12.09:07:04::SCWMssOS::doing bsp build ... 
TRACE::2025-12-12.09:07:04::SCWMssOS::System Command Ran  D: & cd  D:/viv/SpartanTracker/lab7_2/sdk/tracker_top/microblaze_0/standalone_microblaze_0/bsp & make 
TRACE::2025-12-12.09:07:04::SCWMssOS::make --no-print-directory seq_libs

TRACE::2025-12-12.09:07:04::SCWMssOS::'Finished building libraries sequentially.'

TRACE::2025-12-12.09:07:04::SCWMssOS::make -j 6 --no-print-directory par_libs

TRACE::2025-12-12.09:07:04::SCWMssOS::"Running Make include in microblaze_0/libsrc/bram_v4_8/src"

TRACE::2025-12-12.09:07:04::SCWMssOS::"Running Make include in microblaze_0/libsrc/cpu_v2_16/src"

TRACE::2025-12-12.09:07:04::SCWMssOS::make -C microblaze_0/libsrc/bram_v4_8/src -s include  "SHELL=CMD" "COMPILER=mb-gcc" "ASSEMBLER=mb-as" "ARCHIVER=mb-ar" "COMPILE
TRACE::2025-12-12.09:07:04::SCWMssOS::R_FLAGS=  -O2 -c -mcpu=v11.0 -mlittle-endian -mno-xl-reorder -mno-xl-soft-mul -mxl-barrel-shift -mxl-pattern-compare" "EXTRA_CO
TRACE::2025-12-12.09:07:04::SCWMssOS::MPILER_FLAGS=-g -ffunction-sections -fdata-sections -Wall -Wextra -fno-tree-loop-distribute-patterns"

TRACE::2025-12-12.09:07:04::SCWMssOS::make -C microblaze_0/libsrc/cpu_v2_16/src -s include  "SHELL=CMD" "COMPILER=mb-gcc" "ASSEMBLER=mb-as" "ARCHIVER=mb-ar" "COMPILE
TRACE::2025-12-12.09:07:04::SCWMssOS::R_FLAGS=  -O2 -c -mcpu=v11.0 -mlittle-endian -mno-xl-reorder -mno-xl-soft-mul -mxl-barrel-shift -mxl-pattern-compare" "EXTRA_CO
TRACE::2025-12-12.09:07:04::SCWMssOS::MPILER_FLAGS=-g -ffunction-sections -fdata-sections -Wall -Wextra -fno-tree-loop-distribute-patterns"

TRACE::2025-12-12.09:07:04::SCWMssOS::"Running Make include in microblaze_0/libsrc/gpio_v4_9/src"

TRACE::2025-12-12.09:07:04::SCWMssOS::make -C microblaze_0/libsrc/gpio_v4_9/src -s include  "SHELL=CMD" "COMPILER=mb-gcc" "ASSEMBLER=mb-as" "ARCHIVER=mb-ar" "COMPILE
TRACE::2025-12-12.09:07:04::SCWMssOS::R_FLAGS=  -O2 -c -mcpu=v11.0 -mlittle-endian -mno-xl-reorder -mno-xl-soft-mul -mxl-barrel-shift -mxl-pattern-compare" "EXTRA_CO
TRACE::2025-12-12.09:07:04::SCWMssOS::MPILER_FLAGS=-g -ffunction-sections -fdata-sections -Wall -Wextra -fno-tree-loop-distribute-patterns"

TRACE::2025-12-12.09:07:04::SCWMssOS::"Running Make include in microblaze_0/libsrc/intc_v3_15/src"

TRACE::2025-12-12.09:07:05::SCWMssOS::make -C microblaze_0/libsrc/intc_v3_15/src -s include  "SHELL=CMD" "COMPILER=mb-gcc" "ASSEMBLER=mb-as" "ARCHIVER=mb-ar" "COMPIL
TRACE::2025-12-12.09:07:05::SCWMssOS::ER_FLAGS=  -O2 -c -mcpu=v11.0 -mlittle-endian -mno-xl-reorder -mno-xl-soft-mul -mxl-barrel-shift -mxl-pattern-compare" "EXTRA_C
TRACE::2025-12-12.09:07:05::SCWMssOS::OMPILER_FLAGS=-g -ffunction-sections -fdata-sections -Wall -Wextra -fno-tree-loop-distribute-patterns"

TRACE::2025-12-12.09:07:05::SCWMssOS::"Running Make include in microblaze_0/libsrc/spi_v4_9/src"

TRACE::2025-12-12.09:07:05::SCWMssOS::make -C microblaze_0/libsrc/spi_v4_9/src -s include  "SHELL=CMD" "COMPILER=mb-gcc" "ASSEMBLER=mb-as" "ARCHIVER=mb-ar" "COMPILER
TRACE::2025-12-12.09:07:05::SCWMssOS::_FLAGS=  -O2 -c -mcpu=v11.0 -mlittle-endian -mno-xl-reorder -mno-xl-soft-mul -mxl-barrel-shift -mxl-pattern-compare" "EXTRA_COM
TRACE::2025-12-12.09:07:05::SCWMssOS::PILER_FLAGS=-g -ffunction-sections -fdata-sections -Wall -Wextra -fno-tree-loop-distribute-patterns"

TRACE::2025-12-12.09:07:05::SCWMssOS::"Running Make include in microblaze_0/libsrc/standalone_v8_0/src"

TRACE::2025-12-12.09:07:05::SCWMssOS::make -C microblaze_0/libsrc/standalone_v8_0/src -s include  "SHELL=CMD" "COMPILER=mb-gcc" "ASSEMBLER=mb-as" "ARCHIVER=mb-ar" "C
TRACE::2025-12-12.09:07:05::SCWMssOS::OMPILER_FLAGS=  -O2 -c -mcpu=v11.0 -mlittle-endian -mno-xl-reorder -mno-xl-soft-mul -mxl-barrel-shift -mxl-pattern-compare" "EX
TRACE::2025-12-12.09:07:05::SCWMssOS::TRA_COMPILER_FLAGS=-g -ffunction-sections -fdata-sections -Wall -Wextra -fno-tree-loop-distribute-patterns"

TRACE::2025-12-12.09:07:05::SCWMssOS::"Running Make include in microblaze_0/libsrc/tmrctr_v4_9/src"

TRACE::2025-12-12.09:07:05::SCWMssOS::"Running Make include in microblaze_0/libsrc/uartlite_v3_7/src"

TRACE::2025-12-12.09:07:05::SCWMssOS::make -C microblaze_0/libsrc/uartlite_v3_7/src -s include  "SHELL=CMD" "COMPILER=mb-gcc" "ASSEMBLER=mb-as" "ARCHIVER=mb-ar" "COM
TRACE::2025-12-12.09:07:05::SCWMssOS::PILER_FLAGS=  -O2 -c -mcpu=v11.0 -mlittle-endian -mno-xl-reorder -mno-xl-soft-mul -mxl-barrel-shift -mxl-pattern-compare" "EXTR
TRACE::2025-12-12.09:07:05::SCWMssOS::A_COMPILER_FLAGS=-g -ffunction-sections -fdata-sections -Wall -Wextra -fno-tree-loop-distribute-patterns"

TRACE::2025-12-12.09:07:05::SCWMssOS::make -C microblaze_0/libsrc/tmrctr_v4_9/src -s include  "SHELL=CMD" "COMPILER=mb-gcc" "ASSEMBLER=mb-as" "ARCHIVER=mb-ar" "COMPI
TRACE::2025-12-12.09:07:05::SCWMssOS::LER_FLAGS=  -O2 -c -mcpu=v11.0 -mlittle-endian -mno-xl-reorder -mno-xl-soft-mul -mxl-barrel-shift -mxl-pattern-compare" "EXTRA_
TRACE::2025-12-12.09:07:05::SCWMssOS::COMPILER_FLAGS=-g -ffunction-sections -fdata-sections -Wall -Wextra -fno-tree-loop-distribute-patterns"

TRACE::2025-12-12.09:07:06::SCWMssOS::"Running Make libs in microblaze_0/libsrc/cpu_v2_16/src"

TRACE::2025-12-12.09:07:06::SCWMssOS::"Running Make libs in microblaze_0/libsrc/bram_v4_8/src"

TRACE::2025-12-12.09:07:06::SCWMssOS::make -C microblaze_0/libsrc/bram_v4_8/src -s libs  "SHELL=CMD" "COMPILER=mb-gcc" "ASSEMBLER=mb-as" "ARCHIVER=mb-ar" "COMPILER_F
TRACE::2025-12-12.09:07:06::SCWMssOS::LAGS=  -O2 -c -mcpu=v11.0 -mlittle-endian -mno-xl-reorder -mno-xl-soft-mul -mxl-barrel-shift -mxl-pattern-compare" "EXTRA_COMPI
TRACE::2025-12-12.09:07:06::SCWMssOS::LER_FLAGS=-g -ffunction-sections -fdata-sections -Wall -Wextra -fno-tree-loop-distribute-patterns"

TRACE::2025-12-12.09:07:06::SCWMssOS::make -C microblaze_0/libsrc/cpu_v2_16/src -s libs  "SHELL=CMD" "COMPILER=mb-gcc" "ASSEMBLER=mb-as" "ARCHIVER=mb-ar" "COMPILER_F
TRACE::2025-12-12.09:07:06::SCWMssOS::LAGS=  -O2 -c -mcpu=v11.0 -mlittle-endian -mno-xl-reorder -mno-xl-soft-mul -mxl-barrel-shift -mxl-pattern-compare" "EXTRA_COMPI
TRACE::2025-12-12.09:07:06::SCWMssOS::LER_FLAGS=-g -ffunction-sections -fdata-sections -Wall -Wextra -fno-tree-loop-distribute-patterns"

TRACE::2025-12-12.09:07:06::SCWMssOS::"Running Make libs in microblaze_0/libsrc/gpio_v4_9/src"

TRACE::2025-12-12.09:07:06::SCWMssOS::make -C microblaze_0/libsrc/gpio_v4_9/src -s libs  "SHELL=CMD" "COMPILER=mb-gcc" "ASSEMBLER=mb-as" "ARCHIVER=mb-ar" "COMPILER_F
TRACE::2025-12-12.09:07:06::SCWMssOS::LAGS=  -O2 -c -mcpu=v11.0 -mlittle-endian -mno-xl-reorder -mno-xl-soft-mul -mxl-barrel-shift -mxl-pattern-compare" "EXTRA_COMPI
TRACE::2025-12-12.09:07:06::SCWMssOS::LER_FLAGS=-g -ffunction-sections -fdata-sections -Wall -Wextra -fno-tree-loop-distribute-patterns"

TRACE::2025-12-12.09:07:06::SCWMssOS::"Running Make libs in microblaze_0/libsrc/intc_v3_15/src"

TRACE::2025-12-12.09:07:06::SCWMssOS::make -C microblaze_0/libsrc/intc_v3_15/src -s libs  "SHELL=CMD" "COMPILER=mb-gcc" "ASSEMBLER=mb-as" "ARCHIVER=mb-ar" "COMPILER_
TRACE::2025-12-12.09:07:06::SCWMssOS::FLAGS=  -O2 -c -mcpu=v11.0 -mlittle-endian -mno-xl-reorder -mno-xl-soft-mul -mxl-barrel-shift -mxl-pattern-compare" "EXTRA_COMP
TRACE::2025-12-12.09:07:06::SCWMssOS::ILER_FLAGS=-g -ffunction-sections -fdata-sections -Wall -Wextra -fno-tree-loop-distribute-patterns"

TRACE::2025-12-12.09:07:07::SCWMssOS::"Running Make libs in microblaze_0/libsrc/spi_v4_9/src"

TRACE::2025-12-12.09:07:07::SCWMssOS::make -C microblaze_0/libsrc/spi_v4_9/src -s libs  "SHELL=CMD" "COMPILER=mb-gcc" "ASSEMBLER=mb-as" "ARCHIVER=mb-ar" "COMPILER_FL
TRACE::2025-12-12.09:07:07::SCWMssOS::AGS=  -O2 -c -mcpu=v11.0 -mlittle-endian -mno-xl-reorder -mno-xl-soft-mul -mxl-barrel-shift -mxl-pattern-compare" "EXTRA_COMPIL
TRACE::2025-12-12.09:07:07::SCWMssOS::ER_FLAGS=-g -ffunction-sections -fdata-sections -Wall -Wextra -fno-tree-loop-distribute-patterns"

TRACE::2025-12-12.09:07:07::SCWMssOS::"Running Make libs in microblaze_0/libsrc/standalone_v8_0/src"

TRACE::2025-12-12.09:07:07::SCWMssOS::make -C microblaze_0/libsrc/standalone_v8_0/src -s libs  "SHELL=CMD" "COMPILER=mb-gcc" "ASSEMBLER=mb-as" "ARCHIVER=mb-ar" "COMP
TRACE::2025-12-12.09:07:07::SCWMssOS::ILER_FLAGS=  -O2 -c -mcpu=v11.0 -mlittle-endian -mno-xl-reorder -mno-xl-soft-mul -mxl-barrel-shift -mxl-pattern-compare" "EXTRA
TRACE::2025-12-12.09:07:07::SCWMssOS::_COMPILER_FLAGS=-g -ffunction-sections -fdata-sections -Wall -Wextra -fno-tree-loop-distribute-patterns"

TRACE::2025-12-12.09:07:07::SCWMssOS::"Running Make libs in microblaze_0/libsrc/tmrctr_v4_9/src"

TRACE::2025-12-12.09:07:07::SCWMssOS::make -C microblaze_0/libsrc/tmrctr_v4_9/src -s libs  "SHELL=CMD" "COMPILER=mb-gcc" "ASSEMBLER=mb-as" "ARCHIVER=mb-ar" "COMPILER
TRACE::2025-12-12.09:07:07::SCWMssOS::_FLAGS=  -O2 -c -mcpu=v11.0 -mlittle-endian -mno-xl-reorder -mno-xl-soft-mul -mxl-barrel-shift -mxl-pattern-compare" "EXTRA_COM
TRACE::2025-12-12.09:07:07::SCWMssOS::PILER_FLAGS=-g -ffunction-sections -fdata-sections -Wall -Wextra -fno-tree-loop-distribute-patterns"

TRACE::2025-12-12.09:07:07::SCWMssOS::"Running Make libs in microblaze_0/libsrc/uartlite_v3_7/src"

TRACE::2025-12-12.09:07:07::SCWMssOS::make -C microblaze_0/libsrc/uartlite_v3_7/src -s libs  "SHELL=CMD" "COMPILER=mb-gcc" "ASSEMBLER=mb-as" "ARCHIVER=mb-ar" "COMPIL
TRACE::2025-12-12.09:07:07::SCWMssOS::ER_FLAGS=  -O2 -c -mcpu=v11.0 -mlittle-endian -mno-xl-reorder -mno-xl-soft-mul -mxl-barrel-shift -mxl-pattern-compare" "EXTRA_C
TRACE::2025-12-12.09:07:07::SCWMssOS::OMPILER_FLAGS=-g -ffunction-sections -fdata-sections -Wall -Wextra -fno-tree-loop-distribute-patterns"

TRACE::2025-12-12.09:07:10::SCWMssOS::"DEBUG NON_LTO_OBJECTS is ../../../lib/microblaze_interrupt_handler.o"

TRACE::2025-12-12.09:07:11::SCWMssOS::'Finished building libraries parallelly.'

TRACE::2025-12-12.09:07:11::SCWMssOS::make --no-print-directory archive

TRACE::2025-12-12.09:07:11::SCWMssOS::mb-ar -r  microblaze_0/lib/libxil.a microblaze_0/lib/_exit.o microblaze_0/lib/errno.o microblaze_0/lib/fcntl.o microblaze_0/lib
TRACE::2025-12-12.09:07:11::SCWMssOS::/hw_exception_handler.o microblaze_0/lib/inbyte.o microblaze_0/lib/microblaze_disable_dcache.o microblaze_0/lib/microblaze_disa
TRACE::2025-12-12.09:07:11::SCWMssOS::ble_exceptions.o microblaze_0/lib/microblaze_disable_icache.o microblaze_0/lib/microblaze_disable_interrupts.o microblaze_0/lib
TRACE::2025-12-12.09:07:11::SCWMssOS::/microblaze_enable_dcache.o microblaze_0/lib/microblaze_enable_exceptions.o microblaze_0/lib/microblaze_enable_icache.o microbl
TRACE::2025-12-12.09:07:11::SCWMssOS::aze_0/lib/microblaze_enable_interrupts.o microblaze_0/lib/microblaze_exception_handler.o microblaze_0/lib/microblaze_flush_cach
TRACE::2025-12-12.09:07:11::SCWMssOS::e_ext.o microblaze_0/lib/microblaze_flush_cache_ext_range.o microblaze_0/lib/microblaze_flush_dcache.o microblaze_0/lib/microbl
TRACE::2025-12-12.09:07:11::SCWMssOS::aze_flush_dcache_range.o microblaze_0/lib/microblaze_init_dcache_range.o microblaze_0/lib/microblaze_init_icache_range.o microb
TRACE::2025-12-12.09:07:11::SCWMssOS::laze_0/lib/microblaze_interrupt_handler.o microblaze_0/lib/microblaze_interrupts_g.o microblaze_0/lib/microblaze_invalidate_cac
TRACE::2025-12-12.09:07:11::SCWMssOS::he_ext.o microblaze_0/lib/microblaze_invalidate_cache_ext_range.o microblaze_0/lib/microblaze_invalidate_dcache.o microblaze_0/
TRACE::2025-12-12.09:07:11::SCWMssOS::lib/microblaze_invalidate_dcache_range.o microblaze_0/lib/microblaze_invalidate_icache.o microblaze_0/lib/microblaze_invalidate
TRACE::2025-12-12.09:07:11::SCWMssOS::_icache_range.o microblaze_0/lib/microblaze_scrub.o microblaze_0/lib/microblaze_selftest.o microblaze_0/lib/microblaze_sleep.o 
TRACE::2025-12-12.09:07:11::SCWMssOS::microblaze_0/lib/microblaze_update_dcache.o microblaze_0/lib/microblaze_update_icache.o microblaze_0/lib/outbyte.o microblaze_0
TRACE::2025-12-12.09:07:11::SCWMssOS::/lib/print.o microblaze_0/lib/pvr.o microblaze_0/lib/xbram.o microblaze_0/lib/xbram_g.o microblaze_0/lib/xbram_intr.o microblaz
TRACE::2025-12-12.09:07:11::SCWMssOS::e_0/lib/xbram_selftest.o microblaze_0/lib/xbram_sinit.o microblaze_0/lib/xgpio.o microblaze_0/lib/xgpio_extra.o microblaze_0/li
TRACE::2025-12-12.09:07:11::SCWMssOS::b/xgpio_g.o microblaze_0/lib/xgpio_intr.o microblaze_0/lib/xgpio_selftest.o microblaze_0/lib/xgpio_sinit.o microblaze_0/lib/xil
TRACE::2025-12-12.09:07:11::SCWMssOS::_assert.o microblaze_0/lib/xil_cache.o microblaze_0/lib/xil_clocking.o microblaze_0/lib/xil_exception.o microblaze_0/lib/xil_me
TRACE::2025-12-12.09:07:11::SCWMssOS::m.o microblaze_0/lib/xil_misc_psreset_api.o microblaze_0/lib/xil_printf.o microblaze_0/lib/xil_sleepcommon.o microblaze_0/lib/x
TRACE::2025-12-12.09:07:11::SCWMssOS::il_testcache.o microblaze_0/lib/xil_testio.o microblaze_0/lib/xil_testmem.o microblaze_0/lib/xil_util.o microblaze_0/lib/xintc.
TRACE::2025-12-12.09:07:11::SCWMssOS::o microblaze_0/lib/xintc_g.o microblaze_0/lib/xintc_intr.o microblaze_0/lib/xintc_l.o microblaze_0/lib/xintc_options.o microbla
TRACE::2025-12-12.09:07:11::SCWMssOS::ze_0/lib/xintc_selftest.o microblaze_0/lib/xinterrupt_wrap.o microblaze_0/lib/xio.o microblaze_0/lib/xplatform_info.o microblaz
TRACE::2025-12-12.09:07:11::SCWMssOS::e_0/lib/xspi.o microblaze_0/lib/xspi_g.o microblaze_0/lib/xspi_options.o microblaze_0/lib/xspi_selftest.o microblaze_0/lib/xspi
TRACE::2025-12-12.09:07:11::SCWMssOS::_sinit.o microblaze_0/lib/xspi_stats.o microblaze_0/lib/xtmrctr.o microblaze_0/lib/xtmrctr_g.o microblaze_0/lib/xtmrctr_intr.o 
TRACE::2025-12-12.09:07:11::SCWMssOS::microblaze_0/lib/xtmrctr_l.o microblaze_0/lib/xtmrctr_options.o microblaze_0/lib/xtmrctr_selftest.o microblaze_0/lib/xtmrctr_si
TRACE::2025-12-12.09:07:11::SCWMssOS::nit.o microblaze_0/lib/xtmrctr_stats.o microblaze_0/lib/xuartlite.o microblaze_0/lib/xuartlite_g.o microblaze_0/lib/xuartlite_i
TRACE::2025-12-12.09:07:11::SCWMssOS::ntr.o microblaze_0/lib/xuartlite_l.o microblaze_0/lib/xuartlite_selftest.o microblaze_0/lib/xuartlite_sinit.o microblaze_0/lib/
TRACE::2025-12-12.09:07:11::SCWMssOS::xuartlite_stats.o

TRACE::2025-12-12.09:07:11::SCWMssOS::'Finished building libraries'

TRACE::2025-12-12.09:07:11::SCWMssOS:: Checking if to create the Supporting Applications
TRACE::2025-12-12.09:07:11::SCWMssOS:: No Linux domain exists, trying to generate FSBL 
LOG::2025-12-12.09:07:11::SCWSystem::Completed Processing the domain standalone_microblaze_0
LOG::2025-12-12.09:07:11::SCWSystem::Completed Processing the sysconfig tracker_top
LOG::2025-12-12.09:07:11::SCWPlatform::Completed generating the artifacts for system configuration tracker_top
TRACE::2025-12-12.09:07:11::SCWPlatform::Started preparing the platform 
TRACE::2025-12-12.09:07:11::SCWSystem::Writing the bif file for system config tracker_top
TRACE::2025-12-12.09:07:11::SCWSystem::dir created 
TRACE::2025-12-12.09:07:11::SCWSystem::Writing the bif 
TRACE::2025-12-12.09:07:11::SCWPlatform::Started writing the spfm file 
TRACE::2025-12-12.09:07:11::SCWPlatform::Started writing the xpfm file 
TRACE::2025-12-12.09:07:11::SCWPlatform::Completed generating the platform
TRACE::2025-12-12.09:07:11::SCWMssOS::Saving the mss changes D:/viv/SpartanTracker/lab7_2/sdk/tracker_top/microblaze_0/standalone_microblaze_0/bsp/system.mss
TRACE::2025-12-12.09:07:11::SCWMssOS::Adding the swdes entry, mss present, able to open swdb D:/viv/SpartanTracker/lab7_2/sdk/tracker_top/microblaze_0/standalone_microblaze_0/bsp/system.mss with des name system
TRACE::2025-12-12.09:07:11::SCWMssOS::Writing the mss file completed D:/viv/SpartanTracker/lab7_2/sdk/tracker_top/microblaze_0/standalone_microblaze_0/bsp/system.mss
TRACE::2025-12-12.09:07:11::SCWMssOS::Commit changes completed.
TRACE::2025-12-12.09:07:11::SCWPlatform::Trying to open the hw design at D:/viv/SpartanTracker/lab7_2/sdk/tracker_top/hw/tracker_top.xsa
TRACE::2025-12-12.09:07:11::SCWPlatform::DSA given D:/viv/SpartanTracker/lab7_2/sdk/tracker_top/hw/tracker_top.xsa
TRACE::2025-12-12.09:07:11::SCWPlatform::DSA absoulate path D:/viv/SpartanTracker/lab7_2/sdk/tracker_top/hw/tracker_top.xsa
TRACE::2025-12-12.09:07:11::SCWPlatform::DSA directory D:/viv/SpartanTracker/lab7_2/sdk/tracker_top/hw
TRACE::2025-12-12.09:07:11::SCWPlatform:: Platform Path D:/viv/SpartanTracker/lab7_2/sdk/tracker_top/hw/tracker_top.xsa
TRACE::2025-12-12.09:07:11::SCWPlatform:: Unique name xilinx:::0.0
TRACE::2025-12-12.09:07:11::SCWPlatform::Trying to set the existing hwdb with name tracker_top_8
TRACE::2025-12-12.09:07:11::SCWPlatform::Opened existing hwdb tracker_top_8
TRACE::2025-12-12.09:07:11::SCWPlatform::Found the Hw Db part of the input DSA
TRACE::2025-12-12.09:07:11::SCWMssOS::Checking the sw design at  D:/viv/SpartanTracker/lab7_2/sdk/tracker_top/microblaze_0/standalone_microblaze_0/bsp/system.mss
TRACE::2025-12-12.09:07:11::SCWMssOS::DEBUG:  swdes dump  D:/viv/SpartanTracker/lab7_2/sdk/tracker_top/microblaze_0/standalone_microblaze_0/bsp/system.mss|system||

TRACE::2025-12-12.09:07:11::SCWMssOS::Sw design exists and opened at  D:/viv/SpartanTracker/lab7_2/sdk/tracker_top/microblaze_0/standalone_microblaze_0/bsp/system.mss
TRACE::2025-12-12.09:07:11::SCWWriter::formatted JSON is {
	"platformName":	"tracker_top",
	"sprVersion":	"2.0",
	"mode":	"gui",
	"dsaType":	"Fixed",
	"platformDesc":	"tracker_top",
	"platHandOff":	"D:/viv/SpartanTracker/lab7_2/tracker_top.xsa",
	"platIntHandOff":	"<platformDir>/hw/tracker_top.xsa",
	"deviceType":	"FPGA",
	"platIsPrebuiltAutogen":	"false",
	"platIsNoBootBsp":	"false",
	"hasFsblMakeHasChanges":	"false",
	"hasPmufwMakeHasChanges":	"false",
	"platPreBuiltFlag":	false,
	"platformSamplesDir":	"",
	"platActiveSys":	"tracker_top",
	"systems":	[{
			"systemName":	"tracker_top",
			"systemDesc":	"tracker_top",
			"sysIsBootAutoGen":	"true",
			"systemDispName":	"tracker_top",
			"sysActiveDom":	"standalone_microblaze_0",
			"sysDefaultDom":	"standalone_microblaze_0",
			"domains":	[{
					"domainName":	"standalone_microblaze_0",
					"domainDispName":	"standalone_microblaze_0",
					"domainDesc":	"standalone_microblaze_0",
					"processors":	"microblaze_0",
					"os":	"standalone",
					"sdxOs":	"standalone",
					"debugEnable":	"False",
					"domRuntimes":	["cpp"],
					"swRepo":	"",
					"mssOsVer":	"8.0",
					"mssFile":	"",
					"md5Digest":	"948367085d8c8b0e65ac10674ef4e094",
					"compatibleApp":	"",
					"domType":	"mssDomain",
					"arch":	"32-bit",
					"appSettings":	{
						"appCompilerFlags":	"",
						"appLinkerFlags":	""
					},
					"addedLibs":	[],
					"libOptions":	{
						"libsContainingOptions":	[]
					},
					"prebuiltLibs":	{
						"prebuiltIncPath":	[],
						"prebuiltLibPath":	[]
					},
					"isolation":	{
					}
				}]
		}]
}
KEYINFO::2025-12-12.09:07:11::SCWPlatform::updated the xpfm file.
TRACE::2025-12-12.09:07:12::SCWPlatform::Trying to open the hw design at D:/viv/SpartanTracker/lab7_2/sdk/tracker_top/hw/tracker_top.xsa
TRACE::2025-12-12.09:07:12::SCWPlatform::DSA given D:/viv/SpartanTracker/lab7_2/sdk/tracker_top/hw/tracker_top.xsa
TRACE::2025-12-12.09:07:12::SCWPlatform::DSA absoulate path D:/viv/SpartanTracker/lab7_2/sdk/tracker_top/hw/tracker_top.xsa
TRACE::2025-12-12.09:07:12::SCWPlatform::DSA directory D:/viv/SpartanTracker/lab7_2/sdk/tracker_top/hw
TRACE::2025-12-12.09:07:12::SCWPlatform:: Platform Path D:/viv/SpartanTracker/lab7_2/sdk/tracker_top/hw/tracker_top.xsa
TRACE::2025-12-12.09:07:12::SCWPlatform:: Unique name xilinx:::0.0
TRACE::2025-12-12.09:07:12::SCWPlatform::Trying to set the existing hwdb with name tracker_top_8
TRACE::2025-12-12.09:07:12::SCWPlatform::Opened existing hwdb tracker_top_8
TRACE::2025-12-12.09:07:12::SCWPlatform::Found the Hw Db part of the input DSA
TRACE::2025-12-12.09:07:12::SCWMssOS::Checking the sw design at  D:/viv/SpartanTracker/lab7_2/sdk/tracker_top/microblaze_0/standalone_microblaze_0/bsp/system.mss
TRACE::2025-12-12.09:07:12::SCWMssOS::DEBUG:  swdes dump  D:/viv/SpartanTracker/lab7_2/sdk/tracker_top/microblaze_0/standalone_microblaze_0/bsp/system.mss|system||

TRACE::2025-12-12.09:07:12::SCWMssOS::Sw design exists and opened at  D:/viv/SpartanTracker/lab7_2/sdk/tracker_top/microblaze_0/standalone_microblaze_0/bsp/system.mss
TRACE::2025-12-12.09:20:53::SCWPlatform::Clearing the existing platform
TRACE::2025-12-12.09:20:53::SCWSystem::Clearing the existing sysconfig
TRACE::2025-12-12.09:20:53::SCWMssOS::Removing the swdes entry for  D:/viv/SpartanTracker/lab7_2/sdk/tracker_top/microblaze_0/standalone_microblaze_0/bsp/system.mss
TRACE::2025-12-12.09:20:53::SCWSystem::Clearing the domains completed.
TRACE::2025-12-12.09:20:53::SCWPlatform::Clearing the opened hw db.
TRACE::2025-12-12.09:20:53::SCWPlatform::DSA given D:/viv/SpartanTracker/lab7_2/sdk/tracker_top/hw/tracker_top.xsa
TRACE::2025-12-12.09:20:53::SCWPlatform::DSA absoulate path D:/viv/SpartanTracker/lab7_2/sdk/tracker_top/hw/tracker_top.xsa
TRACE::2025-12-12.09:20:53::SCWPlatform:: Platform location is D:/viv/SpartanTracker/lab7_2/sdk/tracker_top/hw
TRACE::2025-12-12.09:20:53::SCWPlatform:: Platform Path D:/viv/SpartanTracker/lab7_2/sdk/tracker_top/hw/tracker_top.xsa
TRACE::2025-12-12.09:20:53::SCWPlatform:: Unique name xilinx:::0.0
TRACE::2025-12-12.09:20:53::SCWPlatform::Removing the HwDB with name D:/viv/SpartanTracker/lab7_2/sdk/tracker_top/hw/tracker_top.xsa
TRACE::2025-12-12.09:20:53::SCWPlatform::Trying to open the hw design at D:/viv/SpartanTracker/lab7_2/sdk/tracker_top/hw/tracker_top.xsa
TRACE::2025-12-12.09:20:53::SCWPlatform::DSA given D:/viv/SpartanTracker/lab7_2/sdk/tracker_top/hw/tracker_top.xsa
TRACE::2025-12-12.09:20:53::SCWPlatform::DSA absoulate path D:/viv/SpartanTracker/lab7_2/sdk/tracker_top/hw/tracker_top.xsa
TRACE::2025-12-12.09:20:53::SCWPlatform::DSA directory D:/viv/SpartanTracker/lab7_2/sdk/tracker_top/hw
TRACE::2025-12-12.09:20:53::SCWPlatform:: Platform Path D:/viv/SpartanTracker/lab7_2/sdk/tracker_top/hw/tracker_top.xsa
TRACE::2025-12-12.09:20:53::SCWPlatform:: Unique name xilinx:::0.0
TRACE::2025-12-12.09:20:53::SCWPlatform::Do not have an existing db opened. 
TRACE::2025-12-12.09:20:53::SCWPlatform::Opened new HwDB with name tracker_top_10
TRACE::2025-12-12.09:20:53::SCWReader::Active system found as  tracker_top
TRACE::2025-12-12.09:20:53::SCWReader::Handling sysconfig tracker_top
TRACE::2025-12-12.09:20:53::SCWDomain::checking for install qemu data   : 
TRACE::2025-12-12.09:20:53::SCWPlatform::Trying to open the hw design at D:/viv/SpartanTracker/lab7_2/sdk/tracker_top/hw/tracker_top.xsa
TRACE::2025-12-12.09:20:53::SCWPlatform::DSA given D:/viv/SpartanTracker/lab7_2/sdk/tracker_top/hw/tracker_top.xsa
TRACE::2025-12-12.09:20:53::SCWPlatform::DSA absoulate path D:/viv/SpartanTracker/lab7_2/sdk/tracker_top/hw/tracker_top.xsa
TRACE::2025-12-12.09:20:53::SCWPlatform::DSA directory D:/viv/SpartanTracker/lab7_2/sdk/tracker_top/hw
TRACE::2025-12-12.09:20:53::SCWPlatform:: Platform Path D:/viv/SpartanTracker/lab7_2/sdk/tracker_top/hw/tracker_top.xsa
TRACE::2025-12-12.09:20:53::SCWPlatform:: Unique name xilinx:::0.0
TRACE::2025-12-12.09:20:53::SCWPlatform::Trying to set the existing hwdb with name tracker_top_10
TRACE::2025-12-12.09:20:53::SCWPlatform::Opened existing hwdb tracker_top_10
TRACE::2025-12-12.09:20:53::SCWPlatform::Found the Hw Db part of the input DSA
TRACE::2025-12-12.09:20:53::SCWPlatform::Trying to open the hw design at D:/viv/SpartanTracker/lab7_2/sdk/tracker_top/hw/tracker_top.xsa
TRACE::2025-12-12.09:20:53::SCWPlatform::DSA given D:/viv/SpartanTracker/lab7_2/sdk/tracker_top/hw/tracker_top.xsa
TRACE::2025-12-12.09:20:53::SCWPlatform::DSA absoulate path D:/viv/SpartanTracker/lab7_2/sdk/tracker_top/hw/tracker_top.xsa
TRACE::2025-12-12.09:20:53::SCWPlatform::DSA directory D:/viv/SpartanTracker/lab7_2/sdk/tracker_top/hw
TRACE::2025-12-12.09:20:53::SCWPlatform:: Platform Path D:/viv/SpartanTracker/lab7_2/sdk/tracker_top/hw/tracker_top.xsa
TRACE::2025-12-12.09:20:53::SCWPlatform:: Unique name xilinx:::0.0
TRACE::2025-12-12.09:20:53::SCWPlatform::Trying to set the existing hwdb with name tracker_top_10
TRACE::2025-12-12.09:20:53::SCWPlatform::Opened existing hwdb tracker_top_10
TRACE::2025-12-12.09:20:53::SCWPlatform::Found the Hw Db part of the input DSA
TRACE::2025-12-12.09:20:53::SCWPlatform::Trying to open the hw design at D:/viv/SpartanTracker/lab7_2/sdk/tracker_top/hw/tracker_top.xsa
TRACE::2025-12-12.09:20:53::SCWPlatform::DSA given D:/viv/SpartanTracker/lab7_2/sdk/tracker_top/hw/tracker_top.xsa
TRACE::2025-12-12.09:20:53::SCWPlatform::DSA absoulate path D:/viv/SpartanTracker/lab7_2/sdk/tracker_top/hw/tracker_top.xsa
TRACE::2025-12-12.09:20:53::SCWPlatform::DSA directory D:/viv/SpartanTracker/lab7_2/sdk/tracker_top/hw
TRACE::2025-12-12.09:20:53::SCWPlatform:: Platform Path D:/viv/SpartanTracker/lab7_2/sdk/tracker_top/hw/tracker_top.xsa
TRACE::2025-12-12.09:20:53::SCWPlatform:: Unique name xilinx:::0.0
TRACE::2025-12-12.09:20:53::SCWPlatform::Trying to set the existing hwdb with name tracker_top_10
TRACE::2025-12-12.09:20:53::SCWPlatform::Opened existing hwdb tracker_top_10
TRACE::2025-12-12.09:20:53::SCWPlatform::Found the Hw Db part of the input DSA
TRACE::2025-12-12.09:20:53::SCWPlatform::Trying to open the hw design at D:/viv/SpartanTracker/lab7_2/sdk/tracker_top/hw/tracker_top.xsa
TRACE::2025-12-12.09:20:53::SCWPlatform::DSA given D:/viv/SpartanTracker/lab7_2/sdk/tracker_top/hw/tracker_top.xsa
TRACE::2025-12-12.09:20:53::SCWPlatform::DSA absoulate path D:/viv/SpartanTracker/lab7_2/sdk/tracker_top/hw/tracker_top.xsa
TRACE::2025-12-12.09:20:53::SCWPlatform::DSA directory D:/viv/SpartanTracker/lab7_2/sdk/tracker_top/hw
TRACE::2025-12-12.09:20:53::SCWPlatform:: Platform Path D:/viv/SpartanTracker/lab7_2/sdk/tracker_top/hw/tracker_top.xsa
TRACE::2025-12-12.09:20:53::SCWPlatform:: Unique name xilinx:::0.0
TRACE::2025-12-12.09:20:53::SCWPlatform::Trying to set the existing hwdb with name tracker_top_10
TRACE::2025-12-12.09:20:53::SCWPlatform::Opened existing hwdb tracker_top_10
TRACE::2025-12-12.09:20:53::SCWPlatform::Found the Hw Db part of the input DSA
TRACE::2025-12-12.09:20:53::SCWMssOS::Checking the sw design at  D:/viv/SpartanTracker/lab7_2/sdk/tracker_top/microblaze_0/standalone_microblaze_0/bsp/system.mss
TRACE::2025-12-12.09:20:53::SCWMssOS::DEBUG:  swdes dump  
TRACE::2025-12-12.09:20:53::SCWMssOS::No sw design opened at  D:/viv/SpartanTracker/lab7_2/sdk/tracker_top/microblaze_0/standalone_microblaze_0/bsp/system.mss
TRACE::2025-12-12.09:20:53::SCWMssOS::mss exists loading the mss file  D:/viv/SpartanTracker/lab7_2/sdk/tracker_top/microblaze_0/standalone_microblaze_0/bsp/system.mss
TRACE::2025-12-12.09:20:53::SCWMssOS::Opened the sw design from mss  D:/viv/SpartanTracker/lab7_2/sdk/tracker_top/microblaze_0/standalone_microblaze_0/bsp/system.mss
TRACE::2025-12-12.09:20:53::SCWMssOS::Adding the swdes entry D:/viv/SpartanTracker/lab7_2/sdk/tracker_top/microblaze_0/standalone_microblaze_0/bsp/system.mss with des name system
TRACE::2025-12-12.09:20:53::SCWMssOS::updating the scw layer about changes
TRACE::2025-12-12.09:20:53::SCWMssOS::Opened the sw design.  D:/viv/SpartanTracker/lab7_2/sdk/tracker_top/microblaze_0/standalone_microblaze_0/bsp/system.mss
TRACE::2025-12-12.09:20:53::SCWMssOS::Saving the mss changes D:/viv/SpartanTracker/lab7_2/sdk/tracker_top/microblaze_0/standalone_microblaze_0/bsp/system.mss
TRACE::2025-12-12.09:20:53::SCWMssOS::Found a swdesign opened with the mssfile.
TRACE::2025-12-12.09:20:53::SCWMssOS::Completed writemss as part of save.
TRACE::2025-12-12.09:20:53::SCWMssOS::Commit changes completed.
TRACE::2025-12-12.09:20:53::SCWReader::Adding prebuilt librarypaths as   
TRACE::2025-12-12.09:20:53::SCWReader::Adding prebuilt incpaths  as   
TRACE::2025-12-12.09:20:53::SCWPlatform::Trying to open the hw design at D:/viv/SpartanTracker/lab7_2/sdk/tracker_top/hw/tracker_top.xsa
TRACE::2025-12-12.09:20:53::SCWPlatform::DSA given D:/viv/SpartanTracker/lab7_2/sdk/tracker_top/hw/tracker_top.xsa
TRACE::2025-12-12.09:20:53::SCWPlatform::DSA absoulate path D:/viv/SpartanTracker/lab7_2/sdk/tracker_top/hw/tracker_top.xsa
TRACE::2025-12-12.09:20:53::SCWPlatform::DSA directory D:/viv/SpartanTracker/lab7_2/sdk/tracker_top/hw
TRACE::2025-12-12.09:20:53::SCWPlatform:: Platform Path D:/viv/SpartanTracker/lab7_2/sdk/tracker_top/hw/tracker_top.xsa
TRACE::2025-12-12.09:20:53::SCWPlatform:: Unique name xilinx:::0.0
TRACE::2025-12-12.09:20:53::SCWPlatform::Trying to set the existing hwdb with name tracker_top_10
TRACE::2025-12-12.09:20:53::SCWPlatform::Opened existing hwdb tracker_top_10
TRACE::2025-12-12.09:20:53::SCWPlatform::Found the Hw Db part of the input DSA
TRACE::2025-12-12.09:20:53::SCWMssOS::Checking the sw design at  D:/viv/SpartanTracker/lab7_2/sdk/tracker_top/microblaze_0/standalone_microblaze_0/bsp/system.mss
TRACE::2025-12-12.09:20:53::SCWMssOS::DEBUG:  swdes dump  D:/viv/SpartanTracker/lab7_2/sdk/tracker_top/microblaze_0/standalone_microblaze_0/bsp/system.mss|system||

TRACE::2025-12-12.09:20:53::SCWMssOS::Sw design exists and opened at  D:/viv/SpartanTracker/lab7_2/sdk/tracker_top/microblaze_0/standalone_microblaze_0/bsp/system.mss
TRACE::2025-12-12.09:20:53::SCWReader::No isolation master present  
TRACE::2025-12-12.09:20:56::SCWPlatform::DSA given D:/viv/SpartanTracker/lab7_2/sdk/tracker_top/tempdsa/tracker_top.xsa
TRACE::2025-12-12.09:20:56::SCWPlatform::DSA absoulate path D:/viv/SpartanTracker/lab7_2/sdk/tracker_top/tempdsa/tracker_top.xsa
TRACE::2025-12-12.09:20:56::SCWPlatform:: Platform location is D:/viv/SpartanTracker/lab7_2/sdk/tracker_top/tempdsa
TRACE::2025-12-12.09:20:56::SCWPlatform:: Platform Path D:/viv/SpartanTracker/lab7_2/sdk/tracker_top/tempdsa/tracker_top.xsa
TRACE::2025-12-12.09:20:56::SCWPlatform:: Unique name xilinx:::0.0
TRACE::2025-12-12.09:20:56::SCWPlatform::Found the Hw Db part of the input DSA
TRACE::2025-12-12.09:20:56::SCWMssOS::Doing hw sync for the mss in domain: standalone_microblaze_0
TRACE::2025-12-12.09:20:56::SCWPlatform::Trying to open the hw design at D:/viv/SpartanTracker/lab7_2/sdk/tracker_top/hw/tracker_top.xsa
TRACE::2025-12-12.09:20:56::SCWPlatform::DSA given D:/viv/SpartanTracker/lab7_2/sdk/tracker_top/hw/tracker_top.xsa
TRACE::2025-12-12.09:20:56::SCWPlatform::DSA absoulate path D:/viv/SpartanTracker/lab7_2/sdk/tracker_top/hw/tracker_top.xsa
TRACE::2025-12-12.09:20:56::SCWPlatform::DSA directory D:/viv/SpartanTracker/lab7_2/sdk/tracker_top/hw
TRACE::2025-12-12.09:20:56::SCWPlatform:: Platform Path D:/viv/SpartanTracker/lab7_2/sdk/tracker_top/hw/tracker_top.xsa
TRACE::2025-12-12.09:20:56::SCWPlatform:: Unique name xilinx:::0.0
TRACE::2025-12-12.09:20:56::SCWPlatform::Trying to set the existing hwdb with name tracker_top_10
TRACE::2025-12-12.09:20:56::SCWPlatform::Opened existing hwdb tracker_top_10
TRACE::2025-12-12.09:20:56::SCWPlatform::Found the Hw Db part of the input DSA
TRACE::2025-12-12.09:20:56::SCWPlatform::Trying to open the hw design at D:/viv/SpartanTracker/lab7_2/sdk/tracker_top/hw/tracker_top.xsa
TRACE::2025-12-12.09:20:56::SCWPlatform::DSA given D:/viv/SpartanTracker/lab7_2/sdk/tracker_top/hw/tracker_top.xsa
TRACE::2025-12-12.09:20:56::SCWPlatform::DSA absoulate path D:/viv/SpartanTracker/lab7_2/sdk/tracker_top/hw/tracker_top.xsa
TRACE::2025-12-12.09:20:56::SCWPlatform::DSA directory D:/viv/SpartanTracker/lab7_2/sdk/tracker_top/hw
TRACE::2025-12-12.09:20:56::SCWPlatform:: Platform Path D:/viv/SpartanTracker/lab7_2/sdk/tracker_top/hw/tracker_top.xsa
TRACE::2025-12-12.09:20:56::SCWPlatform:: Unique name xilinx:::0.0
TRACE::2025-12-12.09:20:56::SCWPlatform::Trying to set the existing hwdb with name tracker_top_10
TRACE::2025-12-12.09:20:56::SCWPlatform::Opened existing hwdb tracker_top_10
TRACE::2025-12-12.09:20:56::SCWPlatform::Found the Hw Db part of the input DSA
TRACE::2025-12-12.09:20:56::SCWMssOS::Checking the sw design at  D:/viv/SpartanTracker/lab7_2/sdk/tracker_top/microblaze_0/standalone_microblaze_0/bsp/system.mss
TRACE::2025-12-12.09:20:56::SCWMssOS::DEBUG:  swdes dump  D:/viv/SpartanTracker/lab7_2/sdk/tracker_top/microblaze_0/standalone_microblaze_0/bsp/system.mss|system||

TRACE::2025-12-12.09:20:56::SCWMssOS::Sw design exists and opened at  D:/viv/SpartanTracker/lab7_2/sdk/tracker_top/microblaze_0/standalone_microblaze_0/bsp/system.mss
TRACE::2025-12-12.09:20:56::SCWPlatform::Trying to open the hw design at D:/viv/SpartanTracker/lab7_2/sdk/tracker_top/tempdsa/tracker_top.xsa
TRACE::2025-12-12.09:20:56::SCWPlatform::DSA given D:/viv/SpartanTracker/lab7_2/sdk/tracker_top/tempdsa/tracker_top.xsa
TRACE::2025-12-12.09:20:56::SCWPlatform::DSA absoulate path D:/viv/SpartanTracker/lab7_2/sdk/tracker_top/tempdsa/tracker_top.xsa
TRACE::2025-12-12.09:20:56::SCWPlatform::DSA directory D:/viv/SpartanTracker/lab7_2/sdk/tracker_top/tempdsa
TRACE::2025-12-12.09:20:56::SCWPlatform:: Platform Path D:/viv/SpartanTracker/lab7_2/sdk/tracker_top/tempdsa/tracker_top.xsa
TRACE::2025-12-12.09:20:56::SCWPlatform:: Unique name xilinx:::0.0
TRACE::2025-12-12.09:20:56::SCWPlatform::update - Opened existing hwdb tracker_top_11
TRACE::2025-12-12.09:20:56::SCWPlatform::Found the Hw Db part of the input DSA
TRACE::2025-12-12.09:20:56::SCWMssOS::Saving the mss changes D:/viv/SpartanTracker/lab7_2/sdk/tracker_top/microblaze_0/standalone_microblaze_0/bsp/system.mss
TRACE::2025-12-12.09:20:56::SCWMssOS::Found a swdesign opened with the mssfile.
TRACE::2025-12-12.09:20:56::SCWMssOS::Completed writemss as part of save.
TRACE::2025-12-12.09:20:56::SCWMssOS::Commit changes completed.
TRACE::2025-12-12.09:20:56::SCWMssOS::Completed hw sync for the mss in domain: standalone_microblaze_0
TRACE::2025-12-12.09:20:56::SCWMssOS::Removing the swdes entry for  D:/viv/SpartanTracker/lab7_2/sdk/tracker_top/microblaze_0/standalone_microblaze_0/bsp/system.mss
TRACE::2025-12-12.09:20:56::SCWPlatform::Trying to open the hw design at D:/viv/SpartanTracker/lab7_2/sdk/tracker_top/hw/tracker_top.xsa
TRACE::2025-12-12.09:20:56::SCWPlatform::DSA given D:/viv/SpartanTracker/lab7_2/sdk/tracker_top/hw/tracker_top.xsa
TRACE::2025-12-12.09:20:56::SCWPlatform::DSA absoulate path D:/viv/SpartanTracker/lab7_2/sdk/tracker_top/hw/tracker_top.xsa
TRACE::2025-12-12.09:20:56::SCWPlatform::DSA directory D:/viv/SpartanTracker/lab7_2/sdk/tracker_top/hw
TRACE::2025-12-12.09:20:56::SCWPlatform:: Platform Path D:/viv/SpartanTracker/lab7_2/sdk/tracker_top/hw/tracker_top.xsa
TRACE::2025-12-12.09:20:56::SCWPlatform:: Unique name xilinx:::0.0
TRACE::2025-12-12.09:20:56::SCWPlatform::Do not have an existing db opened. 
TRACE::2025-12-12.09:20:56::SCWPlatform::Opened new HwDB with name tracker_top_12
TRACE::2025-12-12.09:20:56::SCWMssOS::Saving the mss changes D:/viv/SpartanTracker/lab7_2/sdk/tracker_top/microblaze_0/standalone_microblaze_0/bsp/system.mss
TRACE::2025-12-12.09:20:56::SCWMssOS::Adding the swdes entry, mss present, able to open swdb D:/viv/SpartanTracker/lab7_2/sdk/tracker_top/microblaze_0/standalone_microblaze_0/bsp/system.mss with des name system
TRACE::2025-12-12.09:20:56::SCWMssOS::Writing the mss file completed D:/viv/SpartanTracker/lab7_2/sdk/tracker_top/microblaze_0/standalone_microblaze_0/bsp/system.mss
TRACE::2025-12-12.09:20:56::SCWMssOS::Commit changes completed.
TRACE::2025-12-12.09:20:56::SCWPlatform::Trying to open the hw design at D:/viv/SpartanTracker/lab7_2/sdk/tracker_top/hw/tracker_top.xsa
TRACE::2025-12-12.09:20:56::SCWPlatform::DSA given D:/viv/SpartanTracker/lab7_2/sdk/tracker_top/hw/tracker_top.xsa
TRACE::2025-12-12.09:20:56::SCWPlatform::DSA absoulate path D:/viv/SpartanTracker/lab7_2/sdk/tracker_top/hw/tracker_top.xsa
TRACE::2025-12-12.09:20:56::SCWPlatform::DSA directory D:/viv/SpartanTracker/lab7_2/sdk/tracker_top/hw
TRACE::2025-12-12.09:20:56::SCWPlatform:: Platform Path D:/viv/SpartanTracker/lab7_2/sdk/tracker_top/hw/tracker_top.xsa
TRACE::2025-12-12.09:20:56::SCWPlatform:: Unique name xilinx:::0.0
TRACE::2025-12-12.09:20:56::SCWPlatform::Trying to set the existing hwdb with name tracker_top_12
TRACE::2025-12-12.09:20:56::SCWPlatform::Opened existing hwdb tracker_top_12
TRACE::2025-12-12.09:20:56::SCWPlatform::Found the Hw Db part of the input DSA
TRACE::2025-12-12.09:20:56::SCWMssOS::Checking the sw design at  D:/viv/SpartanTracker/lab7_2/sdk/tracker_top/microblaze_0/standalone_microblaze_0/bsp/system.mss
TRACE::2025-12-12.09:20:56::SCWMssOS::DEBUG:  swdes dump  D:/viv/SpartanTracker/lab7_2/sdk/tracker_top/microblaze_0/standalone_microblaze_0/bsp/system.mss|system||

TRACE::2025-12-12.09:20:56::SCWMssOS::Sw design exists and opened at  D:/viv/SpartanTracker/lab7_2/sdk/tracker_top/microblaze_0/standalone_microblaze_0/bsp/system.mss
TRACE::2025-12-12.09:20:56::SCWWriter::formatted JSON is {
	"platformName":	"tracker_top",
	"sprVersion":	"2.0",
	"mode":	"gui",
	"dsaType":	"Fixed",
	"platformDesc":	"tracker_top",
	"platHandOff":	"D:/viv/SpartanTracker/lab7_2/tracker_top.xsa",
	"platIntHandOff":	"<platformDir>/hw/tracker_top.xsa",
	"deviceType":	"FPGA",
	"platIsPrebuiltAutogen":	"false",
	"platIsNoBootBsp":	"false",
	"hasFsblMakeHasChanges":	"false",
	"hasPmufwMakeHasChanges":	"false",
	"platPreBuiltFlag":	false,
	"platformSamplesDir":	"",
	"platActiveSys":	"tracker_top",
	"systems":	[{
			"systemName":	"tracker_top",
			"systemDesc":	"tracker_top",
			"sysIsBootAutoGen":	"true",
			"systemDispName":	"tracker_top",
			"sysActiveDom":	"standalone_microblaze_0",
			"sysDefaultDom":	"standalone_microblaze_0",
			"domains":	[{
					"domainName":	"standalone_microblaze_0",
					"domainDispName":	"standalone_microblaze_0",
					"domainDesc":	"standalone_microblaze_0",
					"processors":	"microblaze_0",
					"os":	"standalone",
					"sdxOs":	"standalone",
					"debugEnable":	"False",
					"domRuntimes":	["cpp"],
					"swRepo":	"",
					"mssOsVer":	"8.0",
					"mssFile":	"",
					"md5Digest":	"948367085d8c8b0e65ac10674ef4e0941",
					"compatibleApp":	"",
					"domType":	"mssDomain",
					"arch":	"32-bit",
					"appSettings":	{
						"appCompilerFlags":	"",
						"appLinkerFlags":	""
					},
					"addedLibs":	[],
					"libOptions":	{
						"libsContainingOptions":	[]
					},
					"prebuiltLibs":	{
						"prebuiltIncPath":	[],
						"prebuiltLibPath":	[]
					},
					"isolation":	{
					}
				}]
		}]
}
TRACE::2025-12-12.09:21:05::SCWMssOS::cleaning the bsp 
TRACE::2025-12-12.09:21:05::SCWMssOS::System Command Ran  D: & cd  D:/viv/SpartanTracker/lab7_2/sdk/tracker_top/microblaze_0/standalone_microblaze_0/bsp & make clean 
TRACE::2025-12-12.09:21:05::SCWMssOS::make -C microblaze_0/libsrc/bram_v4_8/src -s clean 

TRACE::2025-12-12.09:21:05::SCWMssOS::make -C microblaze_0/libsrc/cpu_v2_16/src -s clean 

TRACE::2025-12-12.09:21:05::SCWMssOS::make -C microblaze_0/libsrc/gpio_v4_9/src -s clean 

TRACE::2025-12-12.09:21:05::SCWMssOS::make -C microblaze_0/libsrc/intc_v3_15/src -s clean 

TRACE::2025-12-12.09:21:05::SCWMssOS::make -C microblaze_0/libsrc/spi_v4_9/src -s clean 

TRACE::2025-12-12.09:21:05::SCWMssOS::make -C microblaze_0/libsrc/standalone_v8_0/src -s clean 

TRACE::2025-12-12.09:21:05::SCWMssOS::make -C microblaze_0/libsrc/tmrctr_v4_9/src -s clean 

TRACE::2025-12-12.09:21:05::SCWMssOS::make -C microblaze_0/libsrc/uartlite_v3_7/src -s clean 

TRACE::2025-12-12.09:21:06::SCWMssOS::rm -f microblaze_0/lib/libxil.a

LOG::2025-12-12.09:21:09::SCWPlatform::Started generating the artifacts platform tracker_top
TRACE::2025-12-12.09:21:09::SCWPlatform::Sanity checking of platform is completed
LOG::2025-12-12.09:21:09::SCWPlatform::Started generating the artifacts for system configuration tracker_top
LOG::2025-12-12.09:21:09::SCWSystem::Checking the domain standalone_microblaze_0
LOG::2025-12-12.09:21:09::SCWSystem::Not a boot domain 
LOG::2025-12-12.09:21:09::SCWSystem::Started Processing the domain standalone_microblaze_0
TRACE::2025-12-12.09:21:09::SCWDomain::Generating domain artifcats
TRACE::2025-12-12.09:21:09::SCWMssOS::Generating standalone artifcats
TRACE::2025-12-12.09:21:09::SCWMssOS:: Copying the user libraries. 
TRACE::2025-12-12.09:21:09::SCWPlatform::Trying to open the hw design at D:/viv/SpartanTracker/lab7_2/sdk/tracker_top/hw/tracker_top.xsa
TRACE::2025-12-12.09:21:09::SCWPlatform::DSA given D:/viv/SpartanTracker/lab7_2/sdk/tracker_top/hw/tracker_top.xsa
TRACE::2025-12-12.09:21:09::SCWPlatform::DSA absoulate path D:/viv/SpartanTracker/lab7_2/sdk/tracker_top/hw/tracker_top.xsa
TRACE::2025-12-12.09:21:09::SCWPlatform::DSA directory D:/viv/SpartanTracker/lab7_2/sdk/tracker_top/hw
TRACE::2025-12-12.09:21:09::SCWPlatform:: Platform Path D:/viv/SpartanTracker/lab7_2/sdk/tracker_top/hw/tracker_top.xsa
TRACE::2025-12-12.09:21:09::SCWPlatform:: Unique name xilinx:::0.0
TRACE::2025-12-12.09:21:09::SCWPlatform::Trying to set the existing hwdb with name tracker_top_12
TRACE::2025-12-12.09:21:09::SCWPlatform::Opened existing hwdb tracker_top_12
TRACE::2025-12-12.09:21:09::SCWPlatform::Found the Hw Db part of the input DSA
TRACE::2025-12-12.09:21:09::SCWMssOS::Checking the sw design at  D:/viv/SpartanTracker/lab7_2/sdk/tracker_top/microblaze_0/standalone_microblaze_0/bsp/system.mss
TRACE::2025-12-12.09:21:09::SCWMssOS::DEBUG:  swdes dump  D:/viv/SpartanTracker/lab7_2/sdk/tracker_top/microblaze_0/standalone_microblaze_0/bsp/system.mss|system||

TRACE::2025-12-12.09:21:09::SCWMssOS::Sw design exists and opened at  D:/viv/SpartanTracker/lab7_2/sdk/tracker_top/microblaze_0/standalone_microblaze_0/bsp/system.mss
TRACE::2025-12-12.09:21:09::SCWMssOS::Completed writing the mss file at D:/viv/SpartanTracker/lab7_2/sdk/tracker_top/microblaze_0/standalone_microblaze_0/bsp
TRACE::2025-12-12.09:21:09::SCWMssOS::Mss edits present, copying mssfile into export location D:/viv/SpartanTracker/lab7_2/sdk/tracker_top/microblaze_0/standalone_microblaze_0/bsp/system.mss
TRACE::2025-12-12.09:21:09::SCWMssOS::bsp generated is stale removing and regenerating. 
TRACE::2025-12-12.09:21:10::SCWMssOS::doing bsp build ... 
TRACE::2025-12-12.09:21:10::SCWMssOS::System Command Ran  D: & cd  D:/viv/SpartanTracker/lab7_2/sdk/tracker_top/microblaze_0/standalone_microblaze_0/bsp & make 
TRACE::2025-12-12.09:21:10::SCWMssOS::make --no-print-directory seq_libs

TRACE::2025-12-12.09:21:10::SCWMssOS::'Finished building libraries sequentially.'

TRACE::2025-12-12.09:21:10::SCWMssOS::make -j 6 --no-print-directory par_libs

TRACE::2025-12-12.09:21:10::SCWMssOS::"Running Make include in microblaze_0/libsrc/bram_v4_8/src"

TRACE::2025-12-12.09:21:10::SCWMssOS::make -C microblaze_0/libsrc/bram_v4_8/src -s include  "SHELL=CMD" "COMPILER=mb-gcc" "ASSEMBLER=mb-as" "ARCHIVER=mb-ar" "COMPILE
TRACE::2025-12-12.09:21:10::SCWMssOS::R_FLAGS=  -O2 -c -mcpu=v11.0 -mlittle-endian -mno-xl-reorder -mno-xl-soft-mul -mxl-barrel-shift -mxl-pattern-compare" "EXTRA_CO
TRACE::2025-12-12.09:21:10::SCWMssOS::MPILER_FLAGS=-g -ffunction-sections -fdata-sections -Wall -Wextra -fno-tree-loop-distribute-patterns"

TRACE::2025-12-12.09:21:10::SCWMssOS::"Running Make include in microblaze_0/libsrc/cpu_v2_16/src"

TRACE::2025-12-12.09:21:10::SCWMssOS::make -C microblaze_0/libsrc/cpu_v2_16/src -s include  "SHELL=CMD" "COMPILER=mb-gcc" "ASSEMBLER=mb-as" "ARCHIVER=mb-ar" "COMPILE
TRACE::2025-12-12.09:21:10::SCWMssOS::R_FLAGS=  -O2 -c -mcpu=v11.0 -mlittle-endian -mno-xl-reorder -mno-xl-soft-mul -mxl-barrel-shift -mxl-pattern-compare" "EXTRA_CO
TRACE::2025-12-12.09:21:10::SCWMssOS::MPILER_FLAGS=-g -ffunction-sections -fdata-sections -Wall -Wextra -fno-tree-loop-distribute-patterns"

TRACE::2025-12-12.09:21:10::SCWMssOS::"Running Make include in microblaze_0/libsrc/gpio_v4_9/src"

TRACE::2025-12-12.09:21:10::SCWMssOS::"Running Make include in microblaze_0/libsrc/intc_v3_15/src"

TRACE::2025-12-12.09:21:10::SCWMssOS::make -C microblaze_0/libsrc/gpio_v4_9/src -s include  "SHELL=CMD" "COMPILER=mb-gcc" "ASSEMBLER=mb-as" "ARCHIVER=mb-ar" "COMPILE
TRACE::2025-12-12.09:21:10::SCWMssOS::R_FLAGS=  -O2 -c -mcpu=v11.0 -mlittle-endian -mno-xl-reorder -mno-xl-soft-mul -mxl-barrel-shift -mxl-pattern-compare" "EXTRA_CO
TRACE::2025-12-12.09:21:10::SCWMssOS::MPILER_FLAGS=-g -ffunction-sections -fdata-sections -Wall -Wextra -fno-tree-loop-distribute-patterns"

TRACE::2025-12-12.09:21:10::SCWMssOS::"Running Make include in microblaze_0/libsrc/spi_v4_9/src"

TRACE::2025-12-12.09:21:10::SCWMssOS::make -C microblaze_0/libsrc/intc_v3_15/src -s include  "SHELL=CMD" "COMPILER=mb-gcc" "ASSEMBLER=mb-as" "ARCHIVER=mb-ar" "COMPIL
TRACE::2025-12-12.09:21:10::SCWMssOS::ER_FLAGS=  -O2 -c -mcpu=v11.0 -mlittle-endian -mno-xl-reorder -mno-xl-soft-mul -mxl-barrel-shift -mxl-pattern-compare" "EXTRA_C
TRACE::2025-12-12.09:21:10::SCWMssOS::OMPILER_FLAGS=-g -ffunction-sections -fdata-sections -Wall -Wextra -fno-tree-loop-distribute-patterns"

TRACE::2025-12-12.09:21:10::SCWMssOS::"Running Make include in microblaze_0/libsrc/standalone_v8_0/src"

TRACE::2025-12-12.09:21:10::SCWMssOS::make -C microblaze_0/libsrc/spi_v4_9/src -s include  "SHELL=CMD" "COMPILER=mb-gcc" "ASSEMBLER=mb-as" "ARCHIVER=mb-ar" "COMPILER
TRACE::2025-12-12.09:21:10::SCWMssOS::_FLAGS=  -O2 -c -mcpu=v11.0 -mlittle-endian -mno-xl-reorder -mno-xl-soft-mul -mxl-barrel-shift -mxl-pattern-compare" "EXTRA_COM
TRACE::2025-12-12.09:21:10::SCWMssOS::PILER_FLAGS=-g -ffunction-sections -fdata-sections -Wall -Wextra -fno-tree-loop-distribute-patterns"

TRACE::2025-12-12.09:21:10::SCWMssOS::make -C microblaze_0/libsrc/standalone_v8_0/src -s include  "SHELL=CMD" "COMPILER=mb-gcc" "ASSEMBLER=mb-as" "ARCHIVER=mb-ar" "C
TRACE::2025-12-12.09:21:10::SCWMssOS::OMPILER_FLAGS=  -O2 -c -mcpu=v11.0 -mlittle-endian -mno-xl-reorder -mno-xl-soft-mul -mxl-barrel-shift -mxl-pattern-compare" "EX
TRACE::2025-12-12.09:21:10::SCWMssOS::TRA_COMPILER_FLAGS=-g -ffunction-sections -fdata-sections -Wall -Wextra -fno-tree-loop-distribute-patterns"

TRACE::2025-12-12.09:21:10::SCWMssOS::"Running Make include in microblaze_0/libsrc/tmrctr_v4_9/src"

TRACE::2025-12-12.09:21:10::SCWMssOS::make -C microblaze_0/libsrc/tmrctr_v4_9/src -s include  "SHELL=CMD" "COMPILER=mb-gcc" "ASSEMBLER=mb-as" "ARCHIVER=mb-ar" "COMPI
TRACE::2025-12-12.09:21:10::SCWMssOS::LER_FLAGS=  -O2 -c -mcpu=v11.0 -mlittle-endian -mno-xl-reorder -mno-xl-soft-mul -mxl-barrel-shift -mxl-pattern-compare" "EXTRA_
TRACE::2025-12-12.09:21:10::SCWMssOS::COMPILER_FLAGS=-g -ffunction-sections -fdata-sections -Wall -Wextra -fno-tree-loop-distribute-patterns"

TRACE::2025-12-12.09:21:11::SCWMssOS::"Running Make include in microblaze_0/libsrc/uartlite_v3_7/src"

TRACE::2025-12-12.09:21:11::SCWMssOS::make -C microblaze_0/libsrc/uartlite_v3_7/src -s include  "SHELL=CMD" "COMPILER=mb-gcc" "ASSEMBLER=mb-as" "ARCHIVER=mb-ar" "COM
TRACE::2025-12-12.09:21:11::SCWMssOS::PILER_FLAGS=  -O2 -c -mcpu=v11.0 -mlittle-endian -mno-xl-reorder -mno-xl-soft-mul -mxl-barrel-shift -mxl-pattern-compare" "EXTR
TRACE::2025-12-12.09:21:11::SCWMssOS::A_COMPILER_FLAGS=-g -ffunction-sections -fdata-sections -Wall -Wextra -fno-tree-loop-distribute-patterns"

TRACE::2025-12-12.09:21:11::SCWMssOS::"Running Make libs in microblaze_0/libsrc/bram_v4_8/src"

TRACE::2025-12-12.09:21:11::SCWMssOS::make -C microblaze_0/libsrc/bram_v4_8/src -s libs  "SHELL=CMD" "COMPILER=mb-gcc" "ASSEMBLER=mb-as" "ARCHIVER=mb-ar" "COMPILER_F
TRACE::2025-12-12.09:21:11::SCWMssOS::LAGS=  -O2 -c -mcpu=v11.0 -mlittle-endian -mno-xl-reorder -mno-xl-soft-mul -mxl-barrel-shift -mxl-pattern-compare" "EXTRA_COMPI
TRACE::2025-12-12.09:21:11::SCWMssOS::LER_FLAGS=-g -ffunction-sections -fdata-sections -Wall -Wextra -fno-tree-loop-distribute-patterns"

TRACE::2025-12-12.09:21:11::SCWMssOS::"Running Make libs in microblaze_0/libsrc/cpu_v2_16/src"

TRACE::2025-12-12.09:21:11::SCWMssOS::"Running Make libs in microblaze_0/libsrc/gpio_v4_9/src"

TRACE::2025-12-12.09:21:11::SCWMssOS::make -C microblaze_0/libsrc/cpu_v2_16/src -s libs  "SHELL=CMD" "COMPILER=mb-gcc" "ASSEMBLER=mb-as" "ARCHIVER=mb-ar" "COMPILER_F
TRACE::2025-12-12.09:21:11::SCWMssOS::LAGS=  -O2 -c -mcpu=v11.0 -mlittle-endian -mno-xl-reorder -mno-xl-soft-mul -mxl-barrel-shift -mxl-pattern-compare" "EXTRA_COMPI
TRACE::2025-12-12.09:21:11::SCWMssOS::LER_FLAGS=-g -ffunction-sections -fdata-sections -Wall -Wextra -fno-tree-loop-distribute-patterns"

TRACE::2025-12-12.09:21:11::SCWMssOS::make -C microblaze_0/libsrc/gpio_v4_9/src -s libs  "SHELL=CMD" "COMPILER=mb-gcc" "ASSEMBLER=mb-as" "ARCHIVER=mb-ar" "COMPILER_F
TRACE::2025-12-12.09:21:11::SCWMssOS::LAGS=  -O2 -c -mcpu=v11.0 -mlittle-endian -mno-xl-reorder -mno-xl-soft-mul -mxl-barrel-shift -mxl-pattern-compare" "EXTRA_COMPI
TRACE::2025-12-12.09:21:11::SCWMssOS::LER_FLAGS=-g -ffunction-sections -fdata-sections -Wall -Wextra -fno-tree-loop-distribute-patterns"

TRACE::2025-12-12.09:21:11::SCWMssOS::"Running Make libs in microblaze_0/libsrc/intc_v3_15/src"

TRACE::2025-12-12.09:21:11::SCWMssOS::make -C microblaze_0/libsrc/intc_v3_15/src -s libs  "SHELL=CMD" "COMPILER=mb-gcc" "ASSEMBLER=mb-as" "ARCHIVER=mb-ar" "COMPILER_
TRACE::2025-12-12.09:21:11::SCWMssOS::FLAGS=  -O2 -c -mcpu=v11.0 -mlittle-endian -mno-xl-reorder -mno-xl-soft-mul -mxl-barrel-shift -mxl-pattern-compare" "EXTRA_COMP
TRACE::2025-12-12.09:21:11::SCWMssOS::ILER_FLAGS=-g -ffunction-sections -fdata-sections -Wall -Wextra -fno-tree-loop-distribute-patterns"

TRACE::2025-12-12.09:21:11::SCWMssOS::"Running Make libs in microblaze_0/libsrc/spi_v4_9/src"

TRACE::2025-12-12.09:21:11::SCWMssOS::make -C microblaze_0/libsrc/spi_v4_9/src -s libs  "SHELL=CMD" "COMPILER=mb-gcc" "ASSEMBLER=mb-as" "ARCHIVER=mb-ar" "COMPILER_FL
TRACE::2025-12-12.09:21:11::SCWMssOS::AGS=  -O2 -c -mcpu=v11.0 -mlittle-endian -mno-xl-reorder -mno-xl-soft-mul -mxl-barrel-shift -mxl-pattern-compare" "EXTRA_COMPIL
TRACE::2025-12-12.09:21:11::SCWMssOS::ER_FLAGS=-g -ffunction-sections -fdata-sections -Wall -Wextra -fno-tree-loop-distribute-patterns"

TRACE::2025-12-12.09:21:12::SCWMssOS::"Running Make libs in microblaze_0/libsrc/standalone_v8_0/src"

TRACE::2025-12-12.09:21:12::SCWMssOS::make -C microblaze_0/libsrc/standalone_v8_0/src -s libs  "SHELL=CMD" "COMPILER=mb-gcc" "ASSEMBLER=mb-as" "ARCHIVER=mb-ar" "COMP
TRACE::2025-12-12.09:21:12::SCWMssOS::ILER_FLAGS=  -O2 -c -mcpu=v11.0 -mlittle-endian -mno-xl-reorder -mno-xl-soft-mul -mxl-barrel-shift -mxl-pattern-compare" "EXTRA
TRACE::2025-12-12.09:21:12::SCWMssOS::_COMPILER_FLAGS=-g -ffunction-sections -fdata-sections -Wall -Wextra -fno-tree-loop-distribute-patterns"

TRACE::2025-12-12.09:21:12::SCWMssOS::"Running Make libs in microblaze_0/libsrc/tmrctr_v4_9/src"

TRACE::2025-12-12.09:21:12::SCWMssOS::make -C microblaze_0/libsrc/tmrctr_v4_9/src -s libs  "SHELL=CMD" "COMPILER=mb-gcc" "ASSEMBLER=mb-as" "ARCHIVER=mb-ar" "COMPILER
TRACE::2025-12-12.09:21:12::SCWMssOS::_FLAGS=  -O2 -c -mcpu=v11.0 -mlittle-endian -mno-xl-reorder -mno-xl-soft-mul -mxl-barrel-shift -mxl-pattern-compare" "EXTRA_COM
TRACE::2025-12-12.09:21:12::SCWMssOS::PILER_FLAGS=-g -ffunction-sections -fdata-sections -Wall -Wextra -fno-tree-loop-distribute-patterns"

TRACE::2025-12-12.09:21:12::SCWMssOS::"Running Make libs in microblaze_0/libsrc/uartlite_v3_7/src"

TRACE::2025-12-12.09:21:12::SCWMssOS::make -C microblaze_0/libsrc/uartlite_v3_7/src -s libs  "SHELL=CMD" "COMPILER=mb-gcc" "ASSEMBLER=mb-as" "ARCHIVER=mb-ar" "COMPIL
TRACE::2025-12-12.09:21:12::SCWMssOS::ER_FLAGS=  -O2 -c -mcpu=v11.0 -mlittle-endian -mno-xl-reorder -mno-xl-soft-mul -mxl-barrel-shift -mxl-pattern-compare" "EXTRA_C
TRACE::2025-12-12.09:21:12::SCWMssOS::OMPILER_FLAGS=-g -ffunction-sections -fdata-sections -Wall -Wextra -fno-tree-loop-distribute-patterns"

TRACE::2025-12-12.09:21:15::SCWMssOS::"DEBUG NON_LTO_OBJECTS is ../../../lib/microblaze_interrupt_handler.o"

TRACE::2025-12-12.09:21:15::SCWMssOS::'Finished building libraries parallelly.'

TRACE::2025-12-12.09:21:15::SCWMssOS::make --no-print-directory archive

TRACE::2025-12-12.09:21:15::SCWMssOS::mb-ar -r  microblaze_0/lib/libxil.a microblaze_0/lib/_exit.o microblaze_0/lib/errno.o microblaze_0/lib/fcntl.o microblaze_0/lib
TRACE::2025-12-12.09:21:15::SCWMssOS::/hw_exception_handler.o microblaze_0/lib/inbyte.o microblaze_0/lib/microblaze_disable_dcache.o microblaze_0/lib/microblaze_disa
TRACE::2025-12-12.09:21:15::SCWMssOS::ble_exceptions.o microblaze_0/lib/microblaze_disable_icache.o microblaze_0/lib/microblaze_disable_interrupts.o microblaze_0/lib
TRACE::2025-12-12.09:21:15::SCWMssOS::/microblaze_enable_dcache.o microblaze_0/lib/microblaze_enable_exceptions.o microblaze_0/lib/microblaze_enable_icache.o microbl
TRACE::2025-12-12.09:21:15::SCWMssOS::aze_0/lib/microblaze_enable_interrupts.o microblaze_0/lib/microblaze_exception_handler.o microblaze_0/lib/microblaze_flush_cach
TRACE::2025-12-12.09:21:15::SCWMssOS::e_ext.o microblaze_0/lib/microblaze_flush_cache_ext_range.o microblaze_0/lib/microblaze_flush_dcache.o microblaze_0/lib/microbl
TRACE::2025-12-12.09:21:15::SCWMssOS::aze_flush_dcache_range.o microblaze_0/lib/microblaze_init_dcache_range.o microblaze_0/lib/microblaze_init_icache_range.o microb
TRACE::2025-12-12.09:21:15::SCWMssOS::laze_0/lib/microblaze_interrupt_handler.o microblaze_0/lib/microblaze_interrupts_g.o microblaze_0/lib/microblaze_invalidate_cac
TRACE::2025-12-12.09:21:15::SCWMssOS::he_ext.o microblaze_0/lib/microblaze_invalidate_cache_ext_range.o microblaze_0/lib/microblaze_invalidate_dcache.o microblaze_0/
TRACE::2025-12-12.09:21:15::SCWMssOS::lib/microblaze_invalidate_dcache_range.o microblaze_0/lib/microblaze_invalidate_icache.o microblaze_0/lib/microblaze_invalidate
TRACE::2025-12-12.09:21:15::SCWMssOS::_icache_range.o microblaze_0/lib/microblaze_scrub.o microblaze_0/lib/microblaze_selftest.o microblaze_0/lib/microblaze_sleep.o 
TRACE::2025-12-12.09:21:15::SCWMssOS::microblaze_0/lib/microblaze_update_dcache.o microblaze_0/lib/microblaze_update_icache.o microblaze_0/lib/outbyte.o microblaze_0
TRACE::2025-12-12.09:21:15::SCWMssOS::/lib/print.o microblaze_0/lib/pvr.o microblaze_0/lib/xbram.o microblaze_0/lib/xbram_g.o microblaze_0/lib/xbram_intr.o microblaz
TRACE::2025-12-12.09:21:15::SCWMssOS::e_0/lib/xbram_selftest.o microblaze_0/lib/xbram_sinit.o microblaze_0/lib/xgpio.o microblaze_0/lib/xgpio_extra.o microblaze_0/li
TRACE::2025-12-12.09:21:15::SCWMssOS::b/xgpio_g.o microblaze_0/lib/xgpio_intr.o microblaze_0/lib/xgpio_selftest.o microblaze_0/lib/xgpio_sinit.o microblaze_0/lib/xil
TRACE::2025-12-12.09:21:15::SCWMssOS::_assert.o microblaze_0/lib/xil_cache.o microblaze_0/lib/xil_clocking.o microblaze_0/lib/xil_exception.o microblaze_0/lib/xil_me
TRACE::2025-12-12.09:21:15::SCWMssOS::m.o microblaze_0/lib/xil_misc_psreset_api.o microblaze_0/lib/xil_printf.o microblaze_0/lib/xil_sleepcommon.o microblaze_0/lib/x
TRACE::2025-12-12.09:21:15::SCWMssOS::il_testcache.o microblaze_0/lib/xil_testio.o microblaze_0/lib/xil_testmem.o microblaze_0/lib/xil_util.o microblaze_0/lib/xintc.
TRACE::2025-12-12.09:21:15::SCWMssOS::o microblaze_0/lib/xintc_g.o microblaze_0/lib/xintc_intr.o microblaze_0/lib/xintc_l.o microblaze_0/lib/xintc_options.o microbla
TRACE::2025-12-12.09:21:15::SCWMssOS::ze_0/lib/xintc_selftest.o microblaze_0/lib/xinterrupt_wrap.o microblaze_0/lib/xio.o microblaze_0/lib/xplatform_info.o microblaz
TRACE::2025-12-12.09:21:15::SCWMssOS::e_0/lib/xspi.o microblaze_0/lib/xspi_g.o microblaze_0/lib/xspi_options.o microblaze_0/lib/xspi_selftest.o microblaze_0/lib/xspi
TRACE::2025-12-12.09:21:15::SCWMssOS::_sinit.o microblaze_0/lib/xspi_stats.o microblaze_0/lib/xtmrctr.o microblaze_0/lib/xtmrctr_g.o microblaze_0/lib/xtmrctr_intr.o 
TRACE::2025-12-12.09:21:15::SCWMssOS::microblaze_0/lib/xtmrctr_l.o microblaze_0/lib/xtmrctr_options.o microblaze_0/lib/xtmrctr_selftest.o microblaze_0/lib/xtmrctr_si
TRACE::2025-12-12.09:21:15::SCWMssOS::nit.o microblaze_0/lib/xtmrctr_stats.o microblaze_0/lib/xuartlite.o microblaze_0/lib/xuartlite_g.o microblaze_0/lib/xuartlite_i
TRACE::2025-12-12.09:21:15::SCWMssOS::ntr.o microblaze_0/lib/xuartlite_l.o microblaze_0/lib/xuartlite_selftest.o microblaze_0/lib/xuartlite_sinit.o microblaze_0/lib/
TRACE::2025-12-12.09:21:15::SCWMssOS::xuartlite_stats.o

TRACE::2025-12-12.09:21:15::SCWMssOS::'Finished building libraries'

TRACE::2025-12-12.09:21:15::SCWMssOS:: Checking if to create the Supporting Applications
TRACE::2025-12-12.09:21:15::SCWMssOS:: No Linux domain exists, trying to generate FSBL 
LOG::2025-12-12.09:21:15::SCWSystem::Completed Processing the domain standalone_microblaze_0
LOG::2025-12-12.09:21:15::SCWSystem::Completed Processing the sysconfig tracker_top
LOG::2025-12-12.09:21:15::SCWPlatform::Completed generating the artifacts for system configuration tracker_top
TRACE::2025-12-12.09:21:15::SCWPlatform::Started preparing the platform 
TRACE::2025-12-12.09:21:15::SCWSystem::Writing the bif file for system config tracker_top
TRACE::2025-12-12.09:21:15::SCWSystem::dir created 
TRACE::2025-12-12.09:21:15::SCWSystem::Writing the bif 
TRACE::2025-12-12.09:21:15::SCWPlatform::Started writing the spfm file 
TRACE::2025-12-12.09:21:15::SCWPlatform::Started writing the xpfm file 
TRACE::2025-12-12.09:21:15::SCWPlatform::Completed generating the platform
TRACE::2025-12-12.09:21:15::SCWMssOS::Saving the mss changes D:/viv/SpartanTracker/lab7_2/sdk/tracker_top/microblaze_0/standalone_microblaze_0/bsp/system.mss
TRACE::2025-12-12.09:21:15::SCWMssOS::Adding the swdes entry, mss present, able to open swdb D:/viv/SpartanTracker/lab7_2/sdk/tracker_top/microblaze_0/standalone_microblaze_0/bsp/system.mss with des name system
TRACE::2025-12-12.09:21:15::SCWMssOS::Writing the mss file completed D:/viv/SpartanTracker/lab7_2/sdk/tracker_top/microblaze_0/standalone_microblaze_0/bsp/system.mss
TRACE::2025-12-12.09:21:15::SCWMssOS::Commit changes completed.
TRACE::2025-12-12.09:21:15::SCWPlatform::Trying to open the hw design at D:/viv/SpartanTracker/lab7_2/sdk/tracker_top/hw/tracker_top.xsa
TRACE::2025-12-12.09:21:15::SCWPlatform::DSA given D:/viv/SpartanTracker/lab7_2/sdk/tracker_top/hw/tracker_top.xsa
TRACE::2025-12-12.09:21:15::SCWPlatform::DSA absoulate path D:/viv/SpartanTracker/lab7_2/sdk/tracker_top/hw/tracker_top.xsa
TRACE::2025-12-12.09:21:15::SCWPlatform::DSA directory D:/viv/SpartanTracker/lab7_2/sdk/tracker_top/hw
TRACE::2025-12-12.09:21:15::SCWPlatform:: Platform Path D:/viv/SpartanTracker/lab7_2/sdk/tracker_top/hw/tracker_top.xsa
TRACE::2025-12-12.09:21:15::SCWPlatform:: Unique name xilinx:::0.0
TRACE::2025-12-12.09:21:15::SCWPlatform::Trying to set the existing hwdb with name tracker_top_12
TRACE::2025-12-12.09:21:15::SCWPlatform::Opened existing hwdb tracker_top_12
TRACE::2025-12-12.09:21:15::SCWPlatform::Found the Hw Db part of the input DSA
TRACE::2025-12-12.09:21:15::SCWMssOS::Checking the sw design at  D:/viv/SpartanTracker/lab7_2/sdk/tracker_top/microblaze_0/standalone_microblaze_0/bsp/system.mss
TRACE::2025-12-12.09:21:15::SCWMssOS::DEBUG:  swdes dump  D:/viv/SpartanTracker/lab7_2/sdk/tracker_top/microblaze_0/standalone_microblaze_0/bsp/system.mss|system||

TRACE::2025-12-12.09:21:15::SCWMssOS::Sw design exists and opened at  D:/viv/SpartanTracker/lab7_2/sdk/tracker_top/microblaze_0/standalone_microblaze_0/bsp/system.mss
TRACE::2025-12-12.09:21:15::SCWWriter::formatted JSON is {
	"platformName":	"tracker_top",
	"sprVersion":	"2.0",
	"mode":	"gui",
	"dsaType":	"Fixed",
	"platformDesc":	"tracker_top",
	"platHandOff":	"D:/viv/SpartanTracker/lab7_2/tracker_top.xsa",
	"platIntHandOff":	"<platformDir>/hw/tracker_top.xsa",
	"deviceType":	"FPGA",
	"platIsPrebuiltAutogen":	"false",
	"platIsNoBootBsp":	"false",
	"hasFsblMakeHasChanges":	"false",
	"hasPmufwMakeHasChanges":	"false",
	"platPreBuiltFlag":	false,
	"platformSamplesDir":	"",
	"platActiveSys":	"tracker_top",
	"systems":	[{
			"systemName":	"tracker_top",
			"systemDesc":	"tracker_top",
			"sysIsBootAutoGen":	"true",
			"systemDispName":	"tracker_top",
			"sysActiveDom":	"standalone_microblaze_0",
			"sysDefaultDom":	"standalone_microblaze_0",
			"domains":	[{
					"domainName":	"standalone_microblaze_0",
					"domainDispName":	"standalone_microblaze_0",
					"domainDesc":	"standalone_microblaze_0",
					"processors":	"microblaze_0",
					"os":	"standalone",
					"sdxOs":	"standalone",
					"debugEnable":	"False",
					"domRuntimes":	["cpp"],
					"swRepo":	"",
					"mssOsVer":	"8.0",
					"mssFile":	"",
					"md5Digest":	"948367085d8c8b0e65ac10674ef4e094",
					"compatibleApp":	"",
					"domType":	"mssDomain",
					"arch":	"32-bit",
					"appSettings":	{
						"appCompilerFlags":	"",
						"appLinkerFlags":	""
					},
					"addedLibs":	[],
					"libOptions":	{
						"libsContainingOptions":	[]
					},
					"prebuiltLibs":	{
						"prebuiltIncPath":	[],
						"prebuiltLibPath":	[]
					},
					"isolation":	{
					}
				}]
		}]
}
KEYINFO::2025-12-12.09:21:15::SCWPlatform::updated the xpfm file.
TRACE::2025-12-12.09:21:16::SCWPlatform::Trying to open the hw design at D:/viv/SpartanTracker/lab7_2/sdk/tracker_top/hw/tracker_top.xsa
TRACE::2025-12-12.09:21:16::SCWPlatform::DSA given D:/viv/SpartanTracker/lab7_2/sdk/tracker_top/hw/tracker_top.xsa
TRACE::2025-12-12.09:21:16::SCWPlatform::DSA absoulate path D:/viv/SpartanTracker/lab7_2/sdk/tracker_top/hw/tracker_top.xsa
TRACE::2025-12-12.09:21:16::SCWPlatform::DSA directory D:/viv/SpartanTracker/lab7_2/sdk/tracker_top/hw
TRACE::2025-12-12.09:21:16::SCWPlatform:: Platform Path D:/viv/SpartanTracker/lab7_2/sdk/tracker_top/hw/tracker_top.xsa
TRACE::2025-12-12.09:21:16::SCWPlatform:: Unique name xilinx:::0.0
TRACE::2025-12-12.09:21:16::SCWPlatform::Trying to set the existing hwdb with name tracker_top_12
TRACE::2025-12-12.09:21:16::SCWPlatform::Opened existing hwdb tracker_top_12
TRACE::2025-12-12.09:21:16::SCWPlatform::Found the Hw Db part of the input DSA
TRACE::2025-12-12.09:21:16::SCWMssOS::Checking the sw design at  D:/viv/SpartanTracker/lab7_2/sdk/tracker_top/microblaze_0/standalone_microblaze_0/bsp/system.mss
TRACE::2025-12-12.09:21:16::SCWMssOS::DEBUG:  swdes dump  D:/viv/SpartanTracker/lab7_2/sdk/tracker_top/microblaze_0/standalone_microblaze_0/bsp/system.mss|system||

TRACE::2025-12-12.09:21:16::SCWMssOS::Sw design exists and opened at  D:/viv/SpartanTracker/lab7_2/sdk/tracker_top/microblaze_0/standalone_microblaze_0/bsp/system.mss
